Map,num_nodes,num_edges,avg_degree,degree_median,degree_max,degree_min,degree_mode,degree_skewness,degree_kurtosis,num_degree4,degree4_ratio,is_connected,num_components,vertex_connectivity,edge_connectivity,diameter,radius,global_clustering,avg_local_clustering,local_clustering_median,local_clustering_sd,local_clustering_max,local_clustering_min,num_zero_local_clustering,zero_local_clustering_ratio,num_articulation_points,articulation_points_ratio,num_bridges,bridges_ratio,num_biconnected_components,max_biconnected_component_size,avg_biconnected_component_size,biconnected_component_size_sd,degree_mean,degree_median,degree_sd2,degree_min,degree_max,degree_cv,closeness_mean,closeness_median,closeness_sd,closeness_min,closeness_max,closeness_gini,closeness_cv,betweenness_mean,betweenness_median,betweenness_sd,betweenness_min,betweenness_max,betweenness_gini,betweenness_cv,eigenvector_mean,eigenvector_median,eigenvector_sd,eigenvector_min,eigenvector_max,eigenvector_gini,eigenvector_cv,pagerank_mean,pagerank_median,pagerank_sd,pagerank_min,pagerank_max,pagerank_gini,pagerank_cv,harmonic_mean,harmonic_median,harmonic_sd,harmonic_min,harmonic_max,harmonic_gini,harmonic_cv,subgraph_mean,subgraph_median,subgraph_sd,subgraph_min,subgraph_max,subgraph_gini,subgraph_cv,alpha_mean,alpha_median,alpha_sd,alpha_min,alpha_max,alpha_gini,alpha_cv,katz_mean,katz_median,katz_sd,katz_min,katz_max,katz_gini,katz_cv,global_efficiency,local_efficiency_mean,local_efficiency_median,avg_clustering,density,assortativity,diameter,avg_path_length,algebraic_connectivity,num_nodes,num_edges,degree_mean,degree_median,degree_sd,degree_min,degree_max,degree_gini,degree_entropy,degree_entropy_norm,degree_skewness,degree_kurtosis,centralization_degree,max_kcore,max_kcore_ratio,modularity,num_communities,community_size_mean,community_size_sd,community_size_max,community_size_gini,community_centralization,cyclomatic_number,cycle_ratio,tree_likeness,top1_degree_share,top5_degree_share,top10_degree_share,powerlaw_xmin,powerlaw_alpha,powerlaw_gof,rosval_min,rosval_1st_qu,rosval_median,rosval_mean,rosval_3rd_qu,rosval_max,rosval_ratio_degree2,rosval_ratio_degree3,rosval_ratio_degree4,rosval_ratio_degree5,rosval_ratio_degree6,rosval_ratio_degree7,rosval_ratio_degree8,rosval_ratio_degree9,rosval_ratio_degree11,rosval_ratio_degree13,rosval_ratio_degree10,moran_i_degree,moran_i_degree_p,moran_i_betweenness,moran_i_betweenness_p,moran_i_closeness,moran_i_closeness_p,geary_c_degree,geary_c_degree_p,geary_c_betweenness,geary_c_betweenness_p,local_moran_degree_mean,local_moran_degree_significant_ratio,local_moran_betweenness_mean,local_moran_betweenness_significant_ratio,getis_gi_degree_mean,getis_gi_degree_hotspot_ratio,getis_gi_betweenness_mean,getis_gi_betweenness_hotspot_ratio,area_total,bbox_width,bbox_height,aspect_ratio,num_edges,avg_edge_length,median_edge_length,sd_edge_length,min_edge_length,max_edge_length,total_edge_length,orientation_entropy,orientation_entropy_norm,order_parameter,node_density_per_km2,edge_density_per_km2,edge_length_density_per_km2,avg_nearest_neighbor_distance,sd_nearest_neighbor_distance,meshedness,spectral_radius,spectral_gap,normalized_spectral_radius,normalized_spectral_gap,natural_connectivity,spectral_entropy,spectral_entropy_norm,graph_energy,estrada_index,laplacian_energy,spectral_mean,spectral_median,spectral_sd,spectral_variance,bipartiteness,d_value
america03,328,416,2.5366,3,5,1,3,-0.2169,1.6183,70,0.213415,TRUE,1,1,1,29,15,0.034602,0.021951,0,0.075459,0.333333,0,299,0.911585,106,0.323171,133,0.319712,136,191,3.4044,16.2063,0.007757,0.009174,0.003688,0.003058,0.015291,0.475423,0.092997,0.093576,0.013075,0.058623,0.127386,0.079128,0.1406,0.030621,0.0131,0.043347,0,0.307956,0.663827,1.415612,0.06567,0.00386,0.148614,0,1,0.823265,2.263052,0.003049,0.003469,0.001202,0.001289,0.006579,0.220173,0.394316,0.122555,0.123753,0.018921,0.072798,0.169429,0.087613,0.154386,3.100088,3.235553,1.255268,1.64145,9.130679,0.220625,0.404914,1.368833,1.417633,0.181818,1.136646,1.809521,0.07338,0.132827,0.756461,0.78343,0.100478,0.628147,1,0.07338,0.132827,0.122554970471292,0.0884146341463415,0,0.0338028169014085,0.0077571417916014,0.0299463019550826,29,10.9823226672634,0.0102930612769411,328,416,2.5366,3,1.2059,1,5,0.253144,1.114663,0.80406,-0.2159,1.6085,0.00758,2,0.597561,0.818703,14,23.4286,8.7064,41,0.195993,0.088345,89,0.213942,0.786058,0.00601,0.028846,0.052885,3,5.3045,0.0972,1,13.287712,19.436327,19.655554,25.661778,48.08536,2.581216,2.649607,2.46092,2.413556,2.404808,2.219889,2.479985,NA,NA,NA,NA,-0.005142,0.52273,0.129876,0.000115,0.684106,0,0.993155,0.427398,0.791154,7E-06,-0.005142,0.045732,0.129876,0.045732,0.03576,0.039634,-0.06259,0.061033,6180461.97,2861.22,2160.08,1.3246,416,113.3398,92.8685,113.218,12.771,1085.6709,47149.34,2.949782,0.823152,0.227438,53.0705,67.3089,7628.77,51.403,40.2443,0.136713,3.593049,0.098575,1.987344,0.004386,1.131431,5.568807,0.961804,431.200821,1016.828879,573.055933,0,0,1.60275,2.568807,0.918607,1.5501793934750800
america04,355,465,2.6197,3,4,1,3,-0.3933,1.613,93,0.261972,TRUE,1,1,1,33,17,0.021063,0.016432,0,0.068357,0.333333,0,334,0.940845,103,0.290141,140,0.301075,142,207,3.493,17.2091,0.0074,0.008475,0.003349,0.002825,0.011299,0.452596,0.075891,0.074605,0.013482,0.048183,0.110763,0.101167,0.177644,0.035699,0.013818,0.060539,0,0.410926,0.685626,1.695821,0.089306,0.001219,0.200032,0,1,0.839382,2.239835,0.002817,0.003064,0.001051,0.001211,0.005401,0.209803,0.373256,0.106087,0.106523,0.018749,0.061138,0.149263,0.101095,0.176736,3.185155,3.32115,1.201916,1.64145,6.37549,0.211094,0.377349,1.383558,1.427899,0.180778,1.13663,1.663398,0.072578,0.130662,0.831766,0.858423,0.10868,0.683318,1,0.072578,0.130662,0.106087463424356,0.0591549295774648,0,0.0242047026279391,0.00740033420864168,0.0343839082668723,33,13.6017028726028,0.00430895628445184,355,465,2.6197,3,1.1857,1,4,0.240236,1.08044,0.983458,-0.3916,1.6039,0.003921,2,0.611268,0.824653,14,25.3571,8.2519,35,0.166398,0.070333,111,0.23871,0.76129,0.004301,0.021505,0.043011,1,1.7827,0.3551,1,14.897273,22.615229,23.551952,31.860841,56.323512,3.13166,3.136555,2.883468,2.72279,2.89376,NA,NA,NA,NA,NA,NA,0.168273,1E-06,0.262012,0,0.88345,0,0.817274,0,0.716086,0,0.168273,0.059155,0.262012,0.067606,0.101546,0.04507,-0.054733,0.062241,4605390.09,2275.58,2023.83,1.1244,465,101.4137,101.6123,65.4856,5.5168,601.883,47157.38,2.629928,0.733895,0.69023,77.0836,100.9686,10239.61,57.0079,36.0502,0.157447,3.658691,0.199601,1.99146,0.001756,1.158501,5.654547,0.963411,471.30088,1130.729931,622.795195,0,0,1.624321,2.638418,0.992515,1.6148622275935200
america20,603,731,2.4245,3,5,1,3,-0.1986,1.5777,91,0.150912,TRUE,1,1,1,33,19,0.01676,0.009895,0,0.052474,0.333333,0,580,0.961857,206,0.341625,240,0.328317,241,363,3.4979,23.2541,0.004027,0.004983,0.001904,0.001661,0.008306,0.472876,0.07416,0.074047,0.010669,0.050939,0.100233,0.082348,0.143859,0.02126,0.008601,0.03706,0,0.299935,0.703075,1.743184,0.050065,0.003856,0.126338,4E-06,1,0.833411,2.523464,0.001658,0.001887,0.000662,0.000714,0.003775,0.220543,0.39941,0.095194,0.095351,0.014273,0.061762,0.132312,0.085606,0.149935,2.872826,3.204976,1.040783,1.64145,6.88929,0.195561,0.362285,1.344836,1.41095,0.165438,1.136633,1.787887,0.06693,0.123017,0.752193,0.789172,0.092533,0.635741,1,0.06693,0.123017,0.0951940176688274,0.0381426202321725,0,0.015660542432196,0.00402748163942194,-0.0577810908498664,33,13.7770670457238,0.00469317292887671,603,731,2.4245,3,1.1465,1,5,0.2482,1.033012,0.745161,-0.1981,1.5724,0.004292,2,0.60199,0.85115,18,33.5,10.7169,49,0.176248,0.054793,129,0.176471,0.823529,0.00342,0.015732,0.029412,3,6.1813,0.0561,1,16.859585,23.983706,24.320174,31.514166,62.109878,2.831169,3.123192,2.698733,2.750135,2.709456,2.440522,NA,NA,NA,NA,NA,-0.048769,0.959481,0.22402,0,0.791135,0,1.036579,0.906847,0.726862,0,-0.048769,0.013267,0.22402,0.066335,0.066106,0.008292,0.018381,0.068241,6104026.43,2455.35,2486.01,1.0125,731,96.3548,81.1284,79.0182,4.9062,606.2827,70435.34,2.469747,0.689196,0.677538,98.7873,119.757,11539.16,48.5425,33.563,0.10741,3.375877,0.08716,1.988226,0.001985,1.055296,6.173429,0.964559,782.338618,1732.313788,1021.216833,0,0,1.560518,2.435216,0.94566,1.6892561055213000
america35,315,357,2.2667,3,5,1,3,0.0398,1.6228,29,0.092063,TRUE,1,1,1,31,16,0.023364,0.009947,0,0.051239,0.333333,0,302,0.95873,122,0.387302,179,0.501401,182,88,2.7253,7.2127,0.007219,0.009554,0.003646,0.003185,0.015924,0.505109,0.079747,0.078265,0.014801,0.049464,0.120168,0.10519,0.185604,0.038269,0.012719,0.066875,0,0.407408,0.736574,1.747483,0.057556,0.001331,0.154616,0,1,0.86467,2.686356,0.003175,0.003446,0.001361,0.00148,0.006914,0.237998,0.428736,0.10617,0.103778,0.019687,0.064056,0.159751,0.104517,0.185431,2.776587,3.13761,1.109648,1.64145,6.900567,0.212487,0.399645,1.316604,1.392379,0.160931,1.13663,1.746201,0.06589,0.122232,0.753982,0.797376,0.092161,0.650916,1,0.06589,0.122232,0.106170313155001,0.0402116402116402,0,0.0173112338858195,0.00721868365180467,-0.130969370951807,31,12.9783439490446,0.00404505053320575,315,357,2.2667,3,1.1449,1,5,0.262585,0.993542,0.716689,0.0397,1.6125,0.008761,2,0.434921,0.850073,17,18.5294,7.0809,37,0.202054,0.113451,43,0.120448,0.879552,0.007003,0.033613,0.061625,3,6.8001,0.0248,1,15.228819,22.575425,22.730173,30.092943,49.477187,3.027056,2.922238,3.024959,2.722145,2.544083,2.72795,NA,NA,NA,NA,NA,-0.055029,0.920744,0.238047,0,0.857174,0,1.052285,0.915723,0.780191,3.4E-05,-0.055029,0.034921,0.238047,0.101587,0.125609,0.028571,0.050986,0.099448,6452908.98,2467.48,2615.18,1.0599,357,105.5343,66.9689,101.1464,6.2094,704.0156,37675.76,3.042834,0.849119,0.46786,48.8152,55.3239,5838.57,46.3091,37.9546,0.0688,3.316997,0.173118,1.997376,0.001762,1.021223,5.506979,0.957837,392.914703,874.62503,525.525625,0,0,1.524743,2.324841,0.913034,1.5864425291566800
america52,581,854,2.9398,3,5,1,3,-0.7745,2.2916,213,0.366609,TRUE,1,1,1,43,22,0.032722,0.031497,0,0.103652,1,0,518,0.891566,126,0.216867,143,0.167447,146,425,4.9726,35.0113,0.005069,0.005172,0.001946,0.001724,0.008621,0.383941,0.065825,0.066506,0.010611,0.039311,0.090767,0.091383,0.161193,0.025261,0.012454,0.039517,0,0.284964,0.650715,1.564334,0.118332,0.034438,0.190404,0,1,0.710534,1.609059,0.001721,0.001884,0.000534,0.000707,0.003443,0.168127,0.310374,0.091903,0.092678,0.014669,0.052233,0.123384,0.090658,0.159613,3.629732,3.624662,1.257016,1.641452,6.671049,0.193996,0.346311,1.445083,1.449369,0.182155,1.136682,1.787642,0.06923,0.126051,0.808374,0.810771,0.101897,0.635856,1,0.06923,0.126051,0.0919034987367019,0.108433734939759,0,0.0403973509933775,0.00506855006231824,0.169963372805857,43,15.6263635824085,0.00353229793143095,581,854,2.9398,3,1.1287,1,5,0.198785,1.101369,0.79447,-0.7725,2.2837,0.003564,2,0.760757,0.836953,15,38.7333,16.0955,64,0.229948,0.036882,274,0.320843,0.679157,0.002927,0.014052,0.025761,3,4.6457,0.1715,1,18.193195,26.902185,27.93137,36.271419,79.75351,3.345125,3.459251,3.233829,3.069973,2.947075,2.820095,NA,NA,NA,NA,NA,0.112958,1.6E-05,0.285201,0,0.891869,0,0.88595,4E-05,0.703387,0,0.112958,0.051635,0.285201,0.079174,-0.097986,0.001721,-0.044548,0.075388,7348727.33,2683.44,2738.55,1.0205,854,104.1726,94.3318,68.5711,4.2161,406.7806,88963.39,3.251419,0.907326,0.141058,79.0613,116.2106,12105.96,54.4339,34.6644,0.236819,3.717945,0.029578,1.980338,0.001389,1.289159,6.164732,0.968836,823.812383,2108.874024,1030.181492,0,0,1.720064,2.958621,0.976584,1.6524158371691500
argentina10,956,1355,2.8347,3,6,1,3,-0.639,2.2684,271,0.283473,TRUE,1,1,1,38,21,0.014625,0.011123,0,0.054024,0.333333,0,911,0.952929,201,0.210251,246,0.18155,248,701,4.8508,44.3874,0.002968,0.003141,0.001165,0.001047,0.006283,0.392441,0.062281,0.061342,0.008564,0.042575,0.087032,0.078115,0.137512,0.016097,0.005368,0.028234,0,0.273067,0.698212,1.753914,0.051712,0.001792,0.149354,0,1,0.875792,2.888167,0.001046,0.001106,0.000342,0.000443,0.002538,0.178168,0.326793,0.081579,0.080997,0.011316,0.053071,0.11241,0.079454,0.138712,3.393239,3.410578,1.138503,1.64145,7.603152,0.185834,0.335521,1.422119,1.444554,0.173082,1.13665,1.895352,0.06654,0.121707,0.750319,0.762156,0.091319,0.599704,1,0.06654,0.121707,0.0815791317203097,0.047071129707113,0,0.0145264116575592,0.00296830160573068,0.0467106986075788,38,16.357000153344,0.0053777486929516,956,1355,2.8347,3,1.1125,1,6,0.203297,1.098738,0.682684,-0.638,2.2637,0.003321,2,0.742678,0.869571,18,53.1111,16.3703,85,0.169456,0.033268,400,0.295203,0.704797,0.002214,0.009594,0.01845,4,15.4085,0.0015,1,20.305634,29.134692,29.766041,38.727648,69.795554,3.224612,3.4024,3.209439,3.030597,2.874972,3.119078,3.801454,NA,NA,NA,NA,0.133117,0,0.337854,0,0.887178,0,0.874168,0,0.66587,0,0.133117,0.07113,0.337854,0.083682,-0.034918,0.029289,0.024198,0.083333,6460711.89,2597.84,2486.95,1.0446,1355,81.5315,87.5066,51.4019,4.7605,423.4175,110475.16,2.20932,0.616523,0.702385,147.9713,209.7292,17099.53,58.3563,36.0028,0.209754,3.765128,0.188055,1.984774,0.001978,1.221785,6.66004,0.970609,1330.030904,3243.936357,1666.192563,0,0,1.684546,2.837696,0.988238,1.687633354043000
argeria01,552,751,2.721,3,6,1,3,-0.8315,3.1484,61,0.110507,TRUE,1,1,1,56,28,0.061917,0.049155,0,0.123957,1,0,464,0.84058,113,0.20471,133,0.177097,139,392,4.964,33.0917,0.004938,0.005445,0.001692,0.001815,0.010889,0.342671,0.056316,0.057069,0.009698,0.028414,0.077825,0.095891,0.172207,0.031644,0.012884,0.046267,0,0.258801,0.657068,1.462114,0.016973,4E-06,0.080419,0,1,0.950048,4.738029,0.001812,0.001868,0.00052,0.000751,0.003676,0.154243,0.287226,0.080883,0.082125,0.013272,0.039034,0.10722,0.091901,0.164084,3.298602,3.375936,1.082084,1.64145,12.252462,0.164146,0.328043,1.39053,1.428591,0.137976,1.136634,1.981937,0.049409,0.099225,NA,NA,NA,NA,NA,NA,NA,0.0808832074818375,0.160326086956522,0,0.0615268329554044,0.00493832031352745,-0.0184668358719818,56,18.4040742786501,0.00210848019917575,552,751,2.721,3,0.9324,1,6,0.158402,0.858179,0.533216,-0.8293,3.137,0.005973,2,0.778986,0.874746,20,27.6,7.1185,42,0.142754,0.056068,200,0.266312,0.733688,0.003995,0.015979,0.029294,4,13.2045,0.0104,1,18.434588,27.260063,29.319605,38.114288,86.534209,3.63205,3.482949,3.355675,3.276246,3.542042,3.23544,3.276274,3.315455,NA,NA,NA,0.144011,0,0.398323,0,0.927436,0,0.8348,0,0.557398,0,0.144011,0.063406,0.398323,0.085145,0.15286,0.023551,-0.07884,0.077449,4534756.68,2288.6,1981.45,1.155,751,72.8414,49.1936,80.0024,0,1029.5797,54703.9,3.533477,0.986036,0.103389,121.7265,165.6098,12063.25,35.808,28.5261,0.181984,3.670185,0.399124,1.983308,0.000801,1.19551,6.096389,0.965882,771.148837,1824.494183,917.842388,0.001812,0,1.661455,2.760432,0.878597,1.548049390506640
argeria07,171,213,2.4912,3,4,1,3,-0.5875,1.8872,15,0.087719,TRUE,1,1,1,29,15,0.051852,0.039961,0,0.107838,0.333333,0,150,0.877193,54,0.315789,65,0.305164,70,36,3.4286,5.8671,0.014654,0.017647,0.005964,0.005882,0.023529,0.406962,0.083217,0.081379,0.015031,0.05812,0.120996,0.101402,0.180619,0.06743,0.029064,0.110192,0,0.511672,0.691329,1.634153,0.14056,0.026502,0.233946,0.000402,1,0.731402,1.664387,0.005848,0.006314,0.00206,0.002717,0.012092,0.191862,0.352256,0.125687,0.125834,0.020715,0.08438,0.174258,0.094179,0.164814,2.990324,3.278201,0.933129,1.641538,5.170557,0.167458,0.31205,1.350732,1.415792,0.142423,1.136963,1.589778,0.054453,0.105441,0.849636,0.890559,0.089587,0.715171,1,0.054453,0.105441,0.125687078268571,0.12280701754386,0,0.0569444444444444,0.0146542827657379,-0.177560975609757,29,12.3957344341245,0.00380962873673522,171,213,2.4912,3,1.0138,1,4,0.200148,0.873771,0.79534,-0.5824,1.8652,0.00898,2,0.643275,0.819579,12,14.25,5.4793,25,0.200292,0.119232,43,0.201878,0.798122,0.00939,0.046948,0.093897,1,1.7997,0.3855,1,11.33985,18.6797,18.873065,25.882046,46.114288,2.965532,3.226262,2.679265,2.810647,2.784653,NA,NA,NA,NA,NA,NA,0.16004,0.000392,0.427494,0,0.822015,0,0.775184,7E-06,0.591251,0,0.16004,0.046784,0.427494,0.134503,0.302624,0.02924,0.052509,0.133333,2993963.65,1689.94,1771.64,1.0483,213,94.936,68.4813,75.1529,6.5408,410.7584,20221.37,3.355875,0.936475,0.082881,57.1149,71.1431,6754.05,49.7028,34.6411,0.127596,3.057123,0.025135,1.990345,0.001611,1.095382,4.911628,0.956351,223.517966,511.345363,281.182791,0,0,1.582998,2.505882,0.97689,1.4617316517143200
austria08,204,220,2.1569,3,6,1,1,0.3472,1.9503,19,0.093137,TRUE,1,1,1,29,19,0.052764,0.031536,0,0.09579,0.333333,0,183,0.897059,80,0.392157,126,0.572727,128,76,2.5859,6.5406,0.010625,0.014778,0.005857,0.004926,0.029557,0.551259,0.077256,0.077481,0.009118,0.05754,0.096805,0.067067,0.118024,0.06006,0.012462,0.087071,0,0.327305,0.706712,1.449733,0.094366,0.005195,0.20832,4.4E-05,1,0.820883,2.207579,0.004902,0.005098,0.00239,0.002446,0.013812,0.262669,0.487618,0.11252,0.111838,0.016229,0.084412,0.148763,0.082381,0.144236,2.647559,3.031302,1.024085,1.641451,6.232088,0.206625,0.386803,1.298363,1.36959,0.155827,1.136662,1.780194,0.06419,0.120018,0.729338,0.769349,0.087534,0.638505,1,0.06419,0.120018,0.112520199877792,0.102941176470588,0,0.0612698412698412,0.0106249396310248,-0.38554615181169,29,13.1320873176857,0.00507712586577608,204,220,2.1569,3,1.189,1,6,0.285205,1.009241,0.627077,0.3446,1.9312,0.019119,2,0.387255,0.85063,13,15.6923,4.3279,22,0.145551,0.160135,17,0.077273,0.922727,0.013636,0.054545,0.1,4,9.0953,0.0162,1,13.924813,21.6797,21.717175,29.153631,52.418294,3.23132,3.298022,3.003653,3.084758,3.08032,3.929975,NA,NA,NA,NA,NA,-0.039338,0.774692,0.225605,0,0.743811,0,1.037209,0.780397,0.766876,5E-06,-0.039338,0.009804,0.225605,0.078431,0.159771,0.004902,0.000174,0.057143,4038102.44,2352.6,1716.45,1.3706,220,89.2306,53.4186,89.7322,5.4521,468.385,19630.72,3.499782,0.976633,0.038713,50.5188,54.481,4861.37,41.7017,35.7207,0.042184,2.935795,0.104664,1.997066,0.002484,0.973638,5.075119,0.95519,239.122286,540.101969,338.866991,0,0,1.472239,2.167488,0.928294,1.4985556547689900
austria13,234,281,2.4017,3,5,1,3,-0.1671,1.6331,30,0.128205,TRUE,1,1,1,25,13,0.022857,0.014957,0,0.066519,0.333333,0,222,0.948718,84,0.358974,103,0.366548,107,128,3.1776,12.1809,0.010308,0.012876,0.004888,0.004292,0.021459,0.474217,0.094886,0.092022,0.016677,0.066667,0.132161,0.099916,0.175759,0.042496,0.021583,0.054095,0,0.313385,0.630078,1.272939,0.100136,0.025612,0.177121,6.7E-05,1,0.730864,1.768805,0.004274,0.004769,0.001704,0.001919,0.008289,0.221676,0.398743,0.12764,0.12738,0.022544,0.086126,0.17651,0.101146,0.176625,2.931433,3.153716,1.153251,1.64145,7.86028,0.209657,0.393409,1.340161,1.40013,0.162974,1.136635,1.732629,0.066165,0.121608,0.773484,0.808096,0.094062,0.656017,1,0.066165,0.121608,0.127639980760071,0.0512820512820513,0,0.0238095238095238,0.0103077656725725,-0.110796933248929,25,10.859176112395,0.0115979449438555,234,281,2.4017,3,1.1389,1,5,0.247179,1.021033,0.73652,-0.1661,1.6191,0.011248,2,0.568376,0.805258,12,19.5,6.2304,32,0.171652,0.102586,48,0.170819,0.829181,0.008897,0.039146,0.074733,3,6.4447,0.042,1,11.850136,17.516201,17.7502,23.323556,40.740222,2.573259,2.453279,2.441235,2.199688,2.286841,NA,NA,NA,NA,NA,NA,-0.019774,0.640562,0.231108,0,0.787479,0,0.987114,0.385081,0.744365,1E-06,-0.019774,0.017094,0.231108,0.076923,0.070039,0.017094,0.052054,0.07483,3323292.96,2215.63,1499.93,1.4771,281,106.6395,87.3743,89.2186,6.6597,553.0651,29965.71,3.297967,0.920315,0.411914,70.4121,84.5547,9016.87,47.6666,35.8737,0.103672,3.269115,0.099865,1.990004,0.005235,1.075491,5.219669,0.957555,302.563746,685.955267,396.141273,0,0,1.57502,2.480687,0.948981,1.522253366589480
austria20,237,351,2.962,3,5,1,3,-0.9971,3.3834,61,0.257384,TRUE,1,1,1,26,14,0.057398,0.046132,0,0.105856,0.333333,0,195,0.822785,36,0.151899,42,0.119658,44,194,6.3636,28.9451,0.012551,0.012712,0.003984,0.004237,0.021186,0.317448,0.094635,0.093651,0.01362,0.063732,0.127706,0.081746,0.143921,0.041681,0.026564,0.048161,0,0.264111,0.553318,1.155468,0.143,0.015751,0.217734,1.6E-05,1,0.720158,1.522611,0.004219,0.004268,0.001098,0.001794,0.006756,0.139821,0.260177,0.134163,0.136823,0.018719,0.080925,0.168582,0.078024,0.139524,3.617829,3.529022,1.06332,1.641451,6.443599,0.159235,0.293911,1.440019,1.448255,0.145756,1.136661,1.789354,0.052512,0.101218,0.80477,0.809373,0.081457,0.635236,1,0.052512,0.101218,0.134162811018244,0.177215189873418,0,0.0543946932006634,0.0125509547307445,0.0466023403818538,26,10.7950010727312,0.0131105819274193,237,351,2.962,3,0.9403,1,5,0.153618,0.971597,0.700859,-0.9908,3.3549,0.008709,2,0.827004,0.779182,11,21.5455,7.2576,32,0.181051,0.062143,115,0.327635,0.672365,0.007123,0.029915,0.058405,3,5.6558,0.0842,1,12.008764,18.400897,18.597001,24.831703,44.355978,2.75972,2.652556,2.436334,2.432021,2.428644,2.16387,NA,NA,NA,NA,NA,0.128139,0.000924,0.207907,0,0.807083,0,0.819047,6.3E-05,0.706241,0,0.128139,0.097046,0.207907,0.075949,0.137361,0.016878,-0.10005,0.069652,2965036.59,2167.63,1367.87,1.5847,351,95.5806,84.0671,73.6752,7.7525,718.2182,33548.79,3.383245,0.944113,0.01481,79.9316,118.3797,11314.8,47.1941,31.7123,0.245203,3.532783,0.13134,1.969657,0.004549,1.285874,5.267712,0.964106,343.386326,857.425582,402.78296,0,0,1.734495,3.008475,0.933273,1.5017999695644200
austria22,363,567,3.124,3,5,1,3,-1.0905,3.5135,137,0.37741,TRUE,1,1,1,28,16,0.032943,0.026997,0,0.081497,0.333333,0,322,0.887052,48,0.132231,53,0.093474,54,310,7.7037,41.9135,0.00863,0.008287,0.002675,0.002762,0.013812,0.309962,0.08584,0.084206,0.012157,0.062253,0.116774,0.080569,0.141625,0.030141,0.018045,0.03664,0,0.301962,0.563814,1.215654,0.127686,0.021636,0.212507,2.3E-05,1,0.737262,1.664294,0.002755,0.002842,0.000698,0.001134,0.005077,0.135393,0.253472,0.118489,0.119633,0.015066,0.081734,0.152988,0.072388,0.127147,3.821986,3.65772,1.108078,1.641511,6.828658,0.159079,0.289922,1.475853,1.466614,0.155171,1.137002,1.787846,0.055602,0.10514,0.825492,0.820324,0.086792,0.635962,1,0.055602,0.10514,0.11848945128407,0.112029384756657,0,0.0312101910828025,0.0086297429341126,0.0912501320934177,28,11.8807360394503,0.0157288119406984,363,567,3.124,3,0.9683,1,5,0.153221,1.030193,0.743127,-1.086,3.4942,0.005211,2,0.853994,0.799923,11,33,7.0569,42,0.1142,0.043801,205,0.361552,0.638448,0.004409,0.020282,0.037919,3,4.796,0.1525,1,14.550747,21.838459,21.855691,28.913473,51.329125,2.877433,2.88645,2.6607,2.620895,2.534577,2.585687,NA,NA,NA,NA,NA,0.156166,2E-06,0.435976,0,0.869631,0,0.801359,0,0.550596,0,0.156166,0.052342,0.435976,0.088154,0.12246,0.00551,-0.044293,0.089172,6039445.03,2522.31,2394.41,1.0534,567,120.3361,114.1176,74.2478,5.145,820.9763,68230.58,3.417552,0.953686,0.271978,60.1049,93.8828,11297.49,66.4686,43.4925,0.284327,3.703768,0.102324,1.957134,0.005196,1.34077,5.706201,0.968524,537.035814,1387.38104,628.851058,0,0,1.776146,3.154696,0.954821,1.5817831851829100
austria32,217,275,2.5346,3,5,1,3,-0.2954,1.8432,33,0.152074,TRUE,1,1,1,26,14,0.027076,0.017358,0,0.068047,0.333333,0,202,0.930876,62,0.285714,78,0.283636,79,139,3.7342,15.4137,0.011734,0.013889,0.005252,0.00463,0.023148,0.447595,0.097433,0.097605,0.016312,0.06506,0.135423,0.095625,0.167413,0.044491,0.023775,0.055219,0,0.298938,0.624298,1.241134,0.081776,0.010278,0.165789,6E-06,1,0.781305,2.027364,0.004608,0.005014,0.001735,0.002037,0.010457,0.207586,0.376555,0.135822,0.136879,0.021731,0.092801,0.181652,0.091553,0.159993,3.046943,3.262404,1.146288,1.641507,8.015465,0.199933,0.376209,1.364394,1.421005,0.166248,1.136901,1.768635,0.06626,0.121848,0.771439,0.803447,0.093998,0.642813,1,0.06626,0.121848,0.135822247901785,0.0691244239631336,0,0.0256235827664399,0.0117340843147295,-0.0570555272542022,26,10.56558286397,0.00954899086428599,217,275,2.5346,3,1.1345,1,5,0.232409,1.053478,0.759923,-0.2934,1.8263,0.01152,2,0.640553,0.789944,12,18.0833,4.6604,26,0.133257,0.096459,59,0.214545,0.785455,0.009091,0.041818,0.078182,3,6.1032,0.0497,1,11.076816,16.831703,17.724299,23.533576,45.74557,2.547835,2.947694,2.386525,2.359348,2.419344,2.466458,NA,NA,NA,NA,NA,0.081506,0.025773,0.314505,0,0.806233,0,0.911727,0.027635,0.631567,0,0.081506,0.036866,0.314505,0.064516,0.108518,0.032258,-0.050641,0.068027,6183040.89,2573.58,2402.51,1.0712,275,130.8324,106.2349,96.3015,3.0582,642.826,35978.91,3.310636,0.92385,0.434114,35.096,44.4765,5818.97,67.2446,49.1964,0.137529,3.40431,0.156209,1.96913,0.003911,1.114139,5.157165,0.959423,286.695135,661.186702,370.983214,0,0,1.601504,2.564815,0.929563,1.4994250482524100
austria37,211,247,2.3412,3,4,1,3,-0.3826,1.5252,13,0.061611,TRUE,1,1,1,43,22,0.050239,0.030016,0,0.092836,0.333333,0,190,0.900474,86,0.407583,116,0.469636,125,50,2.68,4.5942,0.011149,0.014286,0.004934,0.004762,0.019048,0.44254,0.062284,0.062075,0.012194,0.038589,0.087756,0.112175,0.195783,0.075118,0.019002,0.126031,0,0.509045,0.73269,1.677782,0.052302,8E-06,0.165423,0,1,0.91506,3.162842,0.004739,0.005275,0.001798,0.00216,0.00918,0.210799,0.37943,0.101772,0.101492,0.017879,0.065128,0.140476,0.100762,0.175677,2.908407,3.144662,1.093269,1.64145,6.626877,0.200776,0.375899,1.324728,1.395887,0.142583,1.13663,1.60329,0.056657,0.107632,0.826257,0.87064,0.088932,0.708936,1,0.056657,0.107632,0.101772086457586,0.0995260663507109,0,0.0469135802469136,0.0111487248928007,-0.215164230936189,43,16.6996163394268,0.00176519548777581,211,247,2.3412,3,1.0361,1,4,0.221559,0.856263,0.779404,-0.3799,1.5108,0.007974,2,0.549763,0.847563,14,15.0714,3.5402,20,0.128301,0.105135,37,0.149798,0.850202,0.008097,0.040486,0.080972,1,1.8563,0.3474,1,13.6797,24.112659,25.520034,35.944363,65.777694,3.761988,4.012473,3.441811,3.882779,4.530113,NA,NA,NA,NA,NA,NA,0.003448,0.427317,0.145686,0.000337,0.886993,0,0.962452,0.207698,0.881762,0.021449,0.003448,0.009479,0.145686,0.118483,0.180123,0.009479,-0.042039,0.103704,6196066.64,2511.66,2466.93,1.0181,247,128.3221,90.1298,118.3765,6.3704,762.3592,31695.57,3.420062,0.954387,0.250547,34.0539,39.864,5115.43,62.9803,58.5242,0.088729,3.148458,0.228419,1.989192,0.000767,1.067605,5.10446,0.954621,274.232313,613.673841,351.317921,0,0,1.570563,2.466667,0.973927,1.4836414998150100
belgium04,348,519,2.9828,3,5,1,3,-0.8926,3.6462,80,0.229885,TRUE,1,1,1,31,18,0.065732,0.055364,0,0.117067,0.333333,0,279,0.801724,47,0.135057,52,0.100193,54,286,7.4259,38.6438,0.008596,0.008646,0.002679,0.002882,0.014409,0.311676,0.085569,0.085711,0.013398,0.052544,0.114977,0.089166,0.15658,0.031786,0.019753,0.035881,0,0.241083,0.562427,1.12884,0.067475,0.008992,0.142549,5E-06,1,0.783903,2.112626,0.002874,0.002848,0.000733,0.001209,0.004735,0.13502,0.25516,0.117557,0.119057,0.017629,0.067134,0.154711,0.084459,0.149963,3.701967,3.498404,1.204642,1.641568,9.038644,0.16995,0.325406,1.444152,1.446003,0.146461,1.136962,1.82237,0.052138,0.101417,0.792458,0.793474,0.080368,0.623892,1,0.052138,0.101417,0.117556720978374,0.196360153256705,0,0.0644370122630992,0.00859584616913445,0.0990141980283971,31,11.9979793964689,0.0115469953979219,348,519,2.9828,3,0.9297,1,5,0.149176,0.984481,0.710153,-0.8887,3.6253,0.005847,2,0.856322,0.803815,14,24.8571,6.4194,35,0.140805,0.056478,172,0.331407,0.668593,0.004817,0.024085,0.044316,3,5.728,0.0683,1,13.943064,20.60445,21.140403,27.720672,52.495109,2.807581,2.90615,2.594768,2.53923,2.475888,2.487637,2.350459,NA,NA,NA,NA,0.120415,0.000223,0.266677,0,0.837926,0,0.827069,6E-06,0.696332,0,0.120415,0.054598,0.266677,0.051724,0.077357,0.017241,-0.089991,0.046823,5997912.2,2435.78,2462.42,1.0109,519,121.1226,107.8116,95.4285,4.4771,669.9437,62862.61,3.459754,0.965463,0.232894,58.0202,86.5301,10480.75,53.4215,49.7599,0.248915,3.573093,0.047111,1.977312,0.004273,1.308864,5.651276,0.966142,514.58014,1288.284676,594.593656,0,-0.004213,1.752725,3.072046,0.913727,1.6439337879040200
belize01,1094,1477,2.7002,3,5,1,3,-0.6116,2.0897,232,0.212066,TRUE,1,1,1,48,26,0.026923,0.020414,0,0.077048,0.5,0,1017,0.929616,264,0.241316,301,0.203791,302,793,4.6192,45.5169,0.00247,0.002745,0.000986,0.000915,0.004575,0.399154,0.052971,0.053118,0.00776,0.033881,0.071457,0.083592,0.146489,0.016762,0.005391,0.027677,0,0.202743,0.709027,1.651193,0.039606,3.7E-05,0.136331,0,1,0.920362,3.442193,0.000914,0.00099,0.000299,0.000399,0.001964,0.17937,0.326979,0.071393,0.07178,0.010423,0.04217,0.092895,0.083412,0.146001,3.226295,3.311006,1.095594,1.641451,6.968749,0.186497,0.339583,1.393905,1.430169,0.164689,1.136665,1.779243,0.063996,0.118149,0.783426,0.803808,0.092561,0.638847,1,0.063996,0.118149,0.0713925403152277,0.0695206175096486,0,0.027504105090312,0.00247043258495562,0.0821484918916358,48,19.3037561614462,0.00291103296849249,1094,1477,2.7002,3,1.0778,1,5,0.204659,1.026955,0.740792,-0.6107,2.0858,0.002108,2,0.724863,0.869766,21,52.0952,21.9269,100,0.230696,0.031726,384,0.259986,0.740014,0.001693,0.007448,0.014218,3,5.8365,0.0761,1,22.94949,34.099699,34.455656,45.200172,90.853433,3.621663,3.668299,3.638375,3.41706,3.354161,3.564789,NA,NA,NA,NA,NA,0.086487,8E-06,0.316131,0,0.922579,0,0.911025,1.2E-05,0.649222,0,0.086487,0.051188,0.316131,0.080439,0.013605,0.018282,0.040795,0.091133,6173052.18,2492.59,2476.57,1.0065,1477,65.3687,54.859,49.952,3.8265,415.604,96549.51,3.435642,0.958734,0.240048,177.2219,239.2658,15640.48,45.4777,29.2029,0.175905,3.641034,0.178939,1.979863,0.001112,1.171334,6.782935,0.96945,1510.359098,3529.566637,1878.352573,0,0,1.65064,2.724611,0.963699,1.6897192835278800
belize04,600,843,2.81,3,5,1,3,-1.0514,3.4424,86,0.143333,TRUE,1,1,1,39,20,0.024,0.021389,0,0.079741,0.333333,0,558,0.93,101,0.168333,117,0.13879,120,474,5.9917,43.0857,0.004691,0.005008,0.001482,0.001669,0.008347,0.316015,0.064922,0.063373,0.010351,0.042786,0.089657,0.090873,0.15944,0.02474,0.011494,0.034326,0,0.226387,0.628188,1.387513,0.055809,0.001178,0.144382,0,1,0.854942,2.587049,0.001667,0.001718,0.000433,0.000753,0.002981,0.137477,0.259735,0.088297,0.088722,0.013485,0.052765,0.119201,0.087303,0.152728,3.303852,3.360505,0.891879,1.64145,5.7785,0.14053,0.269951,1.407178,1.429412,0.134241,1.136633,1.750896,0.047459,0.095397,0.80369,0.816389,0.07667,0.649172,1,0.047459,0.095397,0.0882965183052034,0.07,0,0.0257181028724115,0.00469115191986644,0.0587256554778298,39,15.7942570951586,0.00603040192701559,600,843,2.81,3,0.888,1,5,0.144353,0.847159,0.611096,-1.0488,3.4309,0.003668,2,0.811667,0.845104,17,35.2941,15.0448,77,0.220588,0.04259,244,0.289442,0.710558,0.002966,0.012456,0.024318,3,7.1396,0.0324,1,17.514654,25.661778,26.005705,34.156605,63.174809,3.213543,3.37792,2.931423,2.927947,2.769502,2.429527,NA,NA,NA,NA,NA,0.131685,0,0.414633,0,0.918758,0,0.844379,0,0.548324,0,0.131685,0.045,0.414633,0.08,0.071355,0.028333,-0.033647,0.082164,6174841.53,2468.24,2501.72,1.0136,843,84.1529,75.0232,58.5891,5.732,525.251,70940.91,2.89592,0.808122,0.609886,97.1685,136.5217,11488.7,48.041,28.2402,0.204184,3.493371,0.165469,1.981026,0.002324,1.195089,6.187852,0.967568,853.917298,1982.311248,990.613269,0,0,1.683664,2.834725,0.978515,1.589232380448700
bolivia01,713,1128,3.1641,3,6,1,3,-1.1655,4.301,258,0.361851,TRUE,1,1,1,44,22,0.025508,0.026648,0,0.086389,0.333333,0,646,0.906031,67,0.093969,85,0.075355,86,628,9.2791,67.5033,0.004444,0.004213,0.001236,0.001404,0.008427,0.278229,0.061957,0.060824,0.010052,0.037454,0.084893,0.092105,0.162235,0.021899,0.0112,0.024077,0,0.106564,0.570454,1.099447,0.132639,0.017626,0.226991,0,1,0.752858,1.711349,0.001403,0.001425,0.000304,0.000565,0.002769,0.11029,0.216914,0.086145,0.085458,0.012956,0.048282,0.109105,0.08569,0.150401,3.840388,3.59337,1.065281,1.64145,8.388863,0.150155,0.277389,1.481655,1.451931,0.149165,1.136634,1.957365,0.053114,0.100675,0.756964,0.741778,0.076207,0.580696,1,0.053114,0.100675,0.0861453463465856,0.093969144460028,0,0.0297339593114241,0.00444395417369242,0.24989694429224,44,16.5701538049388,0.00862135754596863,713,1128,3.1641,3,0.8803,1,6,0.133903,0.965077,0.599636,-1.1631,4.2889,0.003994,2,0.880785,0.83054,15,47.5333,16.6385,71,0.186816,0.029446,416,0.368794,0.631206,0.00266,0.010638,0.019504,4,17.6369,0.0085,1,19.160387,28.448868,28.719439,37.851161,68.778134,3.57073,3.544122,3.305103,3.153717,2.695205,2.710489,2.613922,NA,NA,NA,NA,0.310965,0,0.618589,0,0.929082,0,0.606025,0,0.33796,0,0.310965,0.084151,0.618589,0.136045,0.101068,0.00561,-0.134025,0.14241,4677888.78,2467.8,1895.57,1.3019,1128,73.8161,79.0944,47.7287,5.3057,291.7496,83264.52,3.247013,0.906096,0.496146,152.4192,241.1344,17799.59,48.3141,33.8023,0.292752,3.867747,0.095532,1.976568,0.002884,1.345574,6.382671,0.971772,1059.096203,2738.196991,1209.201629,0,0,1.783192,3.179775,0.994025,1.5821337142354800
bulgaria05,270,326,2.4148,3,5,1,3,-0.2947,1.6495,30,0.111111,TRUE,1,1,1,26,14,0.004823,0.002222,0,0.023421,0.333333,0,267,0.988889,89,0.32963,104,0.319018,105,166,3.5619,16.0048,0.008977,0.011152,0.004064,0.003717,0.018587,0.45275,0.094676,0.093533,0.016762,0.062602,0.137385,0.100703,0.177041,0.036931,0.02041,0.046913,0,0.302968,0.63046,1.2703,0.071739,0.018343,0.141855,9.7E-05,1,0.744702,1.97739,0.003704,0.004096,0.001414,0.001721,0.007656,0.210851,0.381726,0.125434,0.122558,0.022052,0.08285,0.181671,0.100514,0.175806,2.835071,3.148625,0.958753,1.641509,6.394017,0.180353,0.338176,1.340637,1.398699,0.156678,1.136964,1.769726,0.062726,0.116868,0.757539,0.790348,0.088532,0.642452,1,0.062726,0.116868,0.125434084658102,0.0111111111111111,0,0.00342857142857143,0.00897700674652348,-0.0729310756021945,26,10.8974528431778,0.0117011506070664,270,326,2.4148,3,1.0933,1,5,0.232493,0.967654,0.698015,-0.2931,1.6373,0.009682,2,0.614815,0.803008,14,19.2857,5.6354,32,0.156614,0.081373,57,0.174847,0.825153,0.007669,0.032209,0.062883,3,7.0532,0.0314,1,11.813781,17.385365,17.602309,22.957234,43.967412,2.447311,2.826084,2.336663,2.186374,2.058039,1.763845,NA,NA,NA,NA,NA,0.010874,0.357356,0.374655,0,0.79375,0,0.953178,0.126826,0.549343,0,0.010874,0.037037,0.374655,0.096296,0.066618,0.033333,0.018976,0.091429,3443107.06,1878.56,1832.84,1.0249,326,90.4183,76.3339,69.4624,7.4212,430.5579,29476.36,3.484882,0.972475,0.03957,78.4175,94.6819,8560.98,44.5137,36.7761,0.106542,3.290468,0.239648,1.988752,0.00518,1.042067,5.367158,0.959327,348.921431,765.469233,447.471425,0,0,1.556853,2.423792,0.914324,1.5805302121668800
bulgaria06,108,116,2.1481,3,6,1,1,0.3373,2.2445,7,0.064815,TRUE,1,1,1,21,11,0.014925,0.009259,0,0.055034,0.333333,0,105,0.972222,46,0.425926,81,0.698276,83,20,2.2892,2.075,0.020076,0.028037,0.010752,0.009346,0.056075,0.535576,0.110845,0.109969,0.021921,0.073793,0.163609,0.112138,0.197761,0.079007,0.033533,0.12673,0,0.536913,0.714449,1.604049,0.179291,0.072782,0.253233,0.000115,1,0.674662,1.412415,0.009259,0.010245,0.004397,0.004538,0.027655,0.25086,0.474881,0.158469,0.153987,0.032005,0.101895,0.232226,0.114753,0.201964,2.566494,3.025978,0.944907,1.64145,6.038711,0.192626,0.36817,1.292359,1.366331,0.151343,1.13663,1.741745,0.06217,0.117106,NA,NA,NA,NA,NA,NA,NA,0.158468578245567,0.037037037037037,0,0.0178571428571429,0.0200761509172724,-0.365223993925589,21,9.37469712703358,0.00660622246029801,108,116,2.1481,3,1.1505,1,6,0.27251,0.933579,0.673435,0.3326,2.2032,0.036678,2,0.324074,0.77118,11,9.8182,2.4827,14,0.136364,0.236266,9,0.077586,0.922414,0.025862,0.094828,0.172414,3,7.314,0.0115,1,8.661778,14.094738,14.866136,20.983706,35.663406,2.633819,2.629484,2.438586,2.433048,1.925067,NA,2.605214,NA,NA,NA,NA,-0.080609,0.873103,0.208639,0.000173,0.775136,0,1.095638,0.926187,0.748337,0.000796,-0.080609,0.046296,0.208639,0.074074,0.142782,0.027778,-0.031113,0.089286,4375702.02,2472.83,1769.51,1.3975,116,107.0644,78.7269,97.4153,0,541.7697,12419.47,3.194801,0.891526,0.255837,24.6818,26.51,2838.28,63.1015,55.4223,0.042654,2.930271,0.264801,1.995537,0.003195,0.951939,4.431627,0.948382,128.022218,279.798611,175.612551,0.009259,0,1.469283,2.158792,0.963748,1.45166571577613
burundi03,683,877,2.5681,3,5,1,3,-0.4966,1.9197,101,0.147877,TRUE,1,1,1,41,25,0.029027,0.02001,0,0.07392,0.333333,0,632,0.925329,190,0.278184,239,0.27252,243,436,3.8066,27.841,0.003766,0.004399,0.00157,0.001466,0.007331,0.416857,0.05596,0.056692,0.007113,0.037615,0.072762,0.072595,0.127112,0.025222,0.008607,0.03724,0,0.204943,0.686363,1.476532,0.031836,1.5E-05,0.127255,0,1,0.939696,3.997222,0.001464,0.001555,0.000511,0.000649,0.003403,0.193023,0.349067,0.076758,0.07807,0.01121,0.046011,0.100929,0.083234,0.146048,3.069603,3.264612,1.048105,1.64145,6.302552,0.18603,0.341446,1.368074,1.41957,0.158572,1.136633,1.655894,0.062446,0.115909,0.826185,0.857283,0.095762,0.686417,1,0.062446,0.115909,0.0767576523883349,0.0746705710102489,0,0.0282953761214631,0.00376551611615136,-0.00830475841202908,41,18.1758715001524,0.00295633860047119,683,877,2.5681,3,1.0705,1,5,0.212275,0.985584,0.710949,-0.4955,1.9141,0.003576,2,0.654466,0.872366,21,32.5238,9.574,50,0.162449,0.049971,195,0.222349,0.777651,0.002851,0.012543,0.023945,3,6.5833,0.0449,1,20.33985,30.416666,30.052127,39.758662,67.793988,3.469359,3.745497,3.252203,3.317956,3.377541,NA,NA,NA,NA,NA,NA,0.144574,0,0.368023,0,0.880008,0,0.840647,0,0.607228,0,0.144574,0.102489,0.368023,0.093704,0.104212,0.040996,-0.015959,0.10766,4559363.72,2443.25,1866.11,1.3093,877,70.9456,48.8233,68.6015,2.471,987.8938,62219.33,3.310614,0.923845,0.369307,149.8016,192.3514,13646.49,41.6317,28.0613,0.143277,3.483627,0.02298,1.997634,0.00115,1.121548,6.302762,0.965936,913.884885,2096.538732,1150.354096,0,0,1.607351,2.583578,0.986314,1.6229754447068100
canada33,407,465,2.285,3,7,1,3,0.2748,2.7011,31,0.076167,TRUE,1,1,1,34,17,0.052204,0.034398,0,0.108058,0.666667,0,366,0.899263,152,0.373464,205,0.44086,212,156,2.9151,10.6652,0.005628,0.007389,0.00288,0.002463,0.017241,0.511648,0.064289,0.063034,0.011189,0.042589,0.090343,0.09826,0.174038,0.03709,0.008928,0.063833,0,0.324997,0.746961,1.72102,0.025155,0,0.114604,0,1,0.953523,4.555913,0.002457,0.002687,0.001112,0.001171,0.007867,0.241024,0.452551,0.088071,0.08695,0.014662,0.055559,0.12472,0.094274,0.166474,2.798333,3.141341,1.103802,1.64145,7.443749,0.208732,0.39445,1.31909,1.394801,0.158429,1.13663,1.89749,0.064322,0.120105,NA,NA,NA,NA,NA,NA,NA,0.088071298222103,0.101556101556102,0,0.0593220338983051,0.00562810907638494,-0.302254710976528,34,16.0216167802375,0.00252824317073417,407,465,2.285,3,1.1691,1,7,0.26161,0.990778,0.615605,0.2738,2.6879,0.011671,2,0.523342,0.8873,18,22.6111,6.8354,35,0.165029,0.110163,59,0.126882,0.873118,0.007527,0.031183,0.054839,3,6.8867,0.0071,1,17.760114,25.790731,25.995176,34.266291,58.817037,3.368387,3.284401,3.155399,3.097904,3.482508,3.799012,3.362598,3.741531,NA,NA,NA,-0.101081,0.998766,0.312349,0,0.81902,0,1.125731,0.999804,0.527059,0,-0.101081,0.029484,0.312349,0.061425,0.018755,0.009828,-0.070097,0.072034,4114818.98,2521.58,1631.84,1.5452,465,78.0439,45.5596,89.5211,0,781.3538,36290.41,3.488567,0.973503,0.141778,98.9108,113.0062,8819.44,31.0638,31.3551,0.07293,3.299535,0.254013,1.99514,0.00109,1.031319,5.770416,0.960719,503.900222,1141.538932,681.426149,0.002457,0,1.519169,2.307876,0.963092,1.5617687979031600
canada34,365,467,2.5589,3,4,1,3,-0.5116,1.8619,55,0.150685,TRUE,1,1,1,26,15,0.051948,0.035616,0,0.098575,0.333333,0,320,0.876712,101,0.276712,122,0.261242,124,241,3.9355,21.4623,0.00703,0.008242,0.002937,0.002747,0.010989,0.417766,0.083753,0.082615,0.011127,0.060727,0.114071,0.075157,0.132852,0.030717,0.012619,0.045924,0,0.312088,0.667702,1.495098,0.060935,0.001204,0.164743,0,1,0.87488,2.703601,0.00274,0.003011,0.000958,0.001219,0.005143,0.192141,0.349784,0.109403,0.109704,0.015287,0.072546,0.145211,0.079822,0.139728,3.101091,3.267657,1.080699,1.64145,5.842846,0.190539,0.34849,1.366011,1.423848,0.156135,1.13663,1.650321,0.061288,0.1143,0.827724,0.862771,0.094609,0.688733,1,0.061288,0.1143,0.10940270302608,0.122374429223744,0,0.0505836575875487,0.00702995634502484,-0.0613775798420888,26,12.1501279542375,0.00739339136927818,365,467,2.5589,3,1.069,1,4,0.212848,0.972929,0.885598,-0.5095,1.8517,0.003981,2,0.668493,0.834788,16,22.8125,7.2684,36,0.171062,0.066727,103,0.220557,0.779443,0.004283,0.021413,0.042827,1,1.7856,0.3816,1,14.246741,20.264663,20.053993,25.849625,42.83547,2.548486,2.769093,2.40961,2.456492,2.706971,NA,NA,NA,NA,NA,NA,0.026226,0.201356,0.273575,0,0.698835,0,0.970929,0.208376,0.717259,0,0.026226,0.093151,0.273575,0.084932,0.02849,0.030137,-0.004449,0.085603,5399071.15,2847.55,1896.04,1.5018,467,111.9949,94.5572,88.7272,5.2531,732.9545,52301.64,3.11047,0.867993,0.42651,67.6042,86.4964,9687.16,52.2627,37.467,0.142069,3.432983,0.062638,1.98757,0.002891,1.131754,5.675633,0.962436,491.46147,1131.898206,623.105837,0,0,1.612111,2.598901,0.950579,1.5792454203012100
chile01,494,726,2.9393,3,5,1,3,-0.8281,2.3952,176,0.356275,TRUE,1,1,1,31,16,0.031746,0.026721,0,0.087776,0.666667,0,444,0.898785,98,0.198381,111,0.152893,112,383,5.4018,36.0011,0.005962,0.006085,0.002227,0.002028,0.010142,0.373504,0.080031,0.078622,0.012356,0.051099,0.112815,0.087802,0.15439,0.023971,0.012461,0.03476,0,0.235997,0.631553,1.4501,0.116227,0.050619,0.170946,0.000155,1,0.648715,1.470804,0.002024,0.002174,0.000616,0.000854,0.00345,0.166717,0.304464,0.107681,0.107656,0.015638,0.063861,0.143721,0.08305,0.145222,3.562915,3.551701,1.167296,1.64148,7.507054,0.181624,0.327624,1.442973,1.458994,0.173663,1.136808,1.787608,0.065278,0.120351,0.807209,0.816171,0.097148,0.635938,1,0.065278,0.120351,0.107680748393563,0.100539811066127,0,0.0338461538461539,0.00596201065935239,0.128329297820822,31,12.7936782977885,0.0106511627331369,494,726,2.9393,3,1.0978,1,5,0.192004,1.071003,0.772565,-0.8256,2.3855,0.004197,2,0.775304,0.815558,19,26,6.5659,45,0.130833,0.060216,233,0.320937,0.679063,0.003444,0.014463,0.028237,3,4.7836,0.1593,1,15.837051,23.364528,23.847585,31.289817,56.881059,2.941173,2.880078,2.868454,2.699003,2.590389,3.482897,NA,NA,NA,NA,NA,0.115829,3.2E-05,0.347826,0,0.885269,0,0.870867,2.3E-05,0.670976,0,0.115829,0.034413,0.347826,0.064777,0.023938,0,-0.01356,0.089744,8100873.35,3191.65,2538.14,1.2575,726,115.3175,105.4358,88.0549,4.7369,698.0691,83720.5,3.011363,0.840337,0.608649,60.9811,89.62,10334.75,59.0347,46.7141,0.23703,3.60422,0.050627,1.972076,0.003849,1.270579,6.003968,0.968302,706.873346,1760.079809,868.696678,0,0,1.71853,2.953347,0.938808,1.5374786958383800
chile03,667,886,2.6567,3,6,1,3,-0.4303,2.1524,127,0.190405,TRUE,1,1,1,35,19,0.032206,0.021089,0,0.07781,0.333333,0,618,0.926537,178,0.266867,220,0.248307,222,446,4,29.7993,0.003989,0.004505,0.001668,0.001502,0.009009,0.418274,0.069148,0.067457,0.010335,0.04435,0.09648,0.084482,0.149468,0.020727,0.008569,0.030608,0,0.213796,0.663661,1.476695,0.031876,0.001684,0.098673,0,1,0.866785,3.095507,0.001499,0.001584,0.000513,0.000656,0.00287,0.190978,0.342399,0.091176,0.091123,0.013629,0.053882,0.124532,0.085133,0.149475,3.195702,3.289149,1.14895,1.64145,8.13069,0.195474,0.35953,1.387002,1.429005,0.168855,1.136649,1.898651,0.066127,0.121741,0.73052,0.752642,0.088934,0.598661,1,0.066127,0.121741,0.0911762968049146,0.071047809428619,0,0.0291839557399723,0.00398899649274462,0.0568417749988414,35,14.7835136485811,0.00644878070541268,667,886,2.6567,3,1.1112,1,6,0.215461,1.058518,0.657694,-0.4294,2.146,0.005035,2,0.671664,0.844565,18,37.0556,10.8328,59,0.159337,0.050889,220,0.248307,0.751693,0.003386,0.015237,0.027088,4,13.3617,0.0102,1,17.773139,26.032616,26.369937,34.522957,63.501865,3.108628,3.171692,2.870152,2.915895,2.820543,2.447923,2.242414,NA,NA,NA,NA,0.068427,0.003163,0.310756,0,0.875322,0,0.922157,0.001941,0.594163,0,0.068427,0.095952,0.310756,0.073463,-0.028438,0.041979,-0.075048,0.072614,6255566.64,2509.82,2492.44,1.007,886,91.4663,76.0806,74.6196,4.0588,680.2737,81039.15,3.271458,0.912918,0.404141,106.625,141.6339,12954.73,50.2084,36.7051,0.165538,3.576749,0.172615,1.99297,0.002628,1.161807,6.284632,0.966675,910.697127,2131.533395,1146.961993,0,0,1.638501,2.684685,0.910352,1.6449164407962900
chile21,94,100,2.1277,3,4,1,1,0.0459,1.3123,6,0.06383,TRUE,1,1,1,24,16,0.037267,0.019504,0,0.076733,0.333333,0,88,0.93617,47,0.5,56,0.56,60,33,2.55,4.0018,0.022878,0.032258,0.011719,0.010753,0.043011,0.512242,0.102383,0.100108,0.015691,0.070189,0.139222,0.086564,0.153253,0.097742,0.032024,0.114138,0,0.395979,0.618186,1.167748,0.119105,0.019056,0.210017,1.4E-05,1,0.752866,1.763286,0.010638,0.011989,0.00473,0.005168,0.020297,0.239818,0.444618,0.155247,0.153922,0.026575,0.098129,0.227648,0.095604,0.171181,2.592104,3.028768,0.982941,1.64145,5.09547,0.199575,0.379206,1.286586,1.368768,0.145128,1.136631,1.598085,0.059328,0.1128,NA,NA,NA,NA,NA,NA,NA,0.155246859162431,0.074468085106383,0,0.0374149659863946,0.022878059940517,-0.247771836007132,24,9.99222145962022,0.0100053572914488,94,100,2.1277,3,1.0899,1,4,0.262128,0.886282,0.806728,0.0452,1.2845,0.02057,2,0.457447,0.7854,9,10.4444,2.5055,14,0.12766,0.140256,7,0.07,0.93,0.02,0.1,0.18,1,1.9644,0.2799,1,9.169925,15.483541,15.854979,22.434588,37.681328,2.792293,3.007951,2.802755,2.656723,2.182206,NA,NA,NA,NA,NA,NA,-0.018346,0.545853,0.103898,0.040232,0.785748,0,0.993006,0.458426,0.879516,0.046176,-0.018346,0.010638,0.103898,0.042553,0.194658,0.010638,0.031208,0.020408,2262105.64,2057.07,1099.68,1.8706,100,89.2931,59.7274,81.0431,0,445.0971,8929.31,3.335639,0.930828,0.288023,41.5542,44.2066,3947.35,47.8544,39.6426,0.038251,2.969437,0.352195,1.997473,0.004702,0.963172,4.281349,0.944568,114.486986,246.279437,150.907908,0.010638,0,1.47739,2.182681,0.926578,1.4044204548633400
chile23,631,830,2.6307,3,6,1,3,-0.5839,2.5139,70,0.110935,TRUE,1,1,1,48,24,0.056432,0.042208,0,0.121115,1,0,545,0.863708,177,0.280507,193,0.23253,208,370,4.0288,25.5345,0.004176,0.004762,0.001606,0.001587,0.009524,0.384608,0.056136,0.055453,0.010889,0.031442,0.086622,0.109289,0.193972,0.027877,0.008131,0.0525,0,0.371659,0.730799,1.883252,0.021076,0.00047,0.083878,0,1,0.911565,3.979794,0.001585,0.00168,0.000501,0.000692,0.002927,0.17334,0.316402,0.077532,0.07834,0.014146,0.040976,0.116529,0.102233,0.182447,3.20126,3.298043,1.085486,1.64145,8.566006,0.181058,0.339081,1.377285,1.426347,0.149877,1.136634,1.912092,0.056746,0.108821,0.720303,0.745962,0.078384,0.594445,1,0.056746,0.108821,0.0775323789441624,0.134706814580032,0,0.05630725863284,0.00417578547531004,-0.009965304636152,48,18.5349181193872,0.00204487456511454,631,830,2.6307,3,1.0118,1,6,0.187146,0.930738,0.5783,-0.5825,2.5059,0.005365,2,0.721078,0.880808,22,28.6818,13.4249,56,0.260553,0.056304,200,0.240964,0.759036,0.003614,0.015663,0.028313,4,11.5775,0.0029,1,20.377264,30.493481,31.072063,40.908519,78.87627,3.621808,3.392568,3.574926,3.325958,3.433717,2.957052,2.450834,NA,NA,NA,NA,0.090725,0.000219,0.430914,0,0.904659,0,0.891078,5.6E-05,0.51926,0,0.090725,0.053883,0.430914,0.079239,0.091894,0.030111,-0.026561,0.072187,5797768.77,2472.58,2344.83,1.0545,830,77.1908,53.8342,84.4195,3.4473,1027.008,64068.34,3.474467,0.969569,0.232563,108.835,143.1585,11050.52,40.9466,30.5051,0.159109,3.434271,0.073237,1.986275,0.000789,1.163544,6.223178,0.965474,864.533767,2019.995045,1059.908899,0,0,1.636877,2.679365,0.894999,1.6055924061227600
chile39,323,477,2.9536,3,5,1,3,-0.8602,2.8541,95,0.294118,TRUE,1,1,1,30,16,0.075701,0.069556,0,0.136044,1,0,246,0.76161,59,0.182663,71,0.148847,74,249,5.3514,28.7118,0.009173,0.009317,0.003183,0.003106,0.015528,0.34704,0.085495,0.084648,0.012626,0.057001,0.112982,0.084624,0.147677,0.034143,0.019794,0.039997,0,0.241979,0.583201,1.171466,0.120497,0.015882,0.210389,1.2E-05,1,0.749723,1.746006,0.003096,0.003143,0.000872,0.001293,0.005122,0.153773,0.281667,0.117692,0.118073,0.017355,0.069589,0.147691,0.084126,0.147457,3.746386,3.757077,1.262673,1.641481,9.226069,0.18418,0.337038,1.442123,1.45324,0.160416,1.136811,1.774357,0.059567,0.111236,0.812758,0.819023,0.090408,0.640689,1,0.059567,0.111236,0.117691989743807,0.236326109391125,0,0.0847798742138365,0.00917254773763052,0.0471214383072598,30,11.9598100109609,0.0108150867784147,323,477,2.9536,3,1.025,1,5,0.174433,1.052808,0.75944,-0.8562,2.8364,0.006395,2,0.789474,0.816933,14,23.0714,8.9311,36,0.212517,0.071567,155,0.324948,0.675052,0.005241,0.024109,0.045073,3,5.2004,0.1113,1,14.199118,20.919743,21.248318,27.849354,54.119415,2.882297,2.663367,2.687129,2.620323,2.529509,2.796044,NA,NA,NA,NA,NA,0.193423,0,0.272587,0,0.836046,0,0.790472,0,0.721175,0,0.193423,0.074303,0.272587,0.092879,0.115031,0.043344,-0.068962,0.07197,6842077.48,2714.22,2520.83,1.0767,477,102.7999,91.4012,74.1077,5.8243,524.728,49035.56,3.106992,0.867023,0.211236,47.2079,69.7157,7166.76,57.093,42.6281,0.24181,3.596817,0.097444,1.988898,0.003878,1.320792,5.572538,0.965017,470.320564,1210.082687,568.306297,0,0,1.746336,3.049689,0.982151,1.4909691282203700
chile47,774,1138,2.9406,3,4,1,3,-1.0648,3.5059,184,0.237726,TRUE,1,1,1,37,23,0.046614,0.040482,0,0.107291,0.666667,0,669,0.864341,119,0.153747,126,0.110721,131,632,6.9008,55.0411,0.003804,0.003881,0.001178,0.001294,0.005175,0.309741,0.0648,0.064449,0.00728,0.046229,0.084796,0.063734,0.112349,0.018953,0.007823,0.026636,0,0.173226,0.643869,1.405357,0.038408,0.000373,0.13593,0,1,0.919936,3.539156,0.001292,0.00129,0.000335,0.000547,0.002156,0.137323,0.259526,0.084422,0.08479,0.0104,0.055004,0.110385,0.070042,0.123192,3.552721,3.510959,0.989743,1.64145,7.024662,0.148519,0.278587,1.434202,1.445767,0.138451,1.136635,1.65724,0.049311,0.096535,0.865416,0.872394,0.083543,0.68586,1,0.049311,0.096535,0.0844215577092837,0.133074935400517,0,0.0475467880627213,0.00380409893331461,0.00323593099924547,37,15.6316442198087,0.00720671311103889,774,1138,2.9406,3,0.9108,1,4,0.147665,0.924453,0.841474,-1.0627,3.4968,0.001374,2,0.842377,0.876174,20,38.7,14.2241,67,0.203359,0.034743,365,0.320738,0.679262,0.001757,0.008787,0.017575,1,1.6786,0.477,1,19.813781,27.948082,27.597644,35.646481,65.881279,3.104426,3.050976,2.987951,2.95167,2.922321,NA,NA,NA,NA,NA,NA,0.084716,0.00017,0.324226,0,0.850473,0,0.90446,0.000122,0.60914,0,0.084716,0.069767,0.324226,0.073643,0.002746,0.014212,-0.104464,0.075873,6868900.64,2729.69,2516.37,1.0848,1138,83.2496,58.4142,87.1407,2.948,1290.122,94738.08,3.28661,0.917146,0.153921,112.6818,165.6743,13792.32,49.4876,25.4409,0.236552,3.579515,0.190083,1.97506,0.002488,1.267714,6.452037,0.97019,1117.762088,2749.806028,1300.652168,0,0,1.721938,2.965071,0.985027,1.5624375530002700
china10,303,410,2.7063,3,5,1,3,-0.3538,2.0055,65,0.214521,TRUE,1,1,1,26,13,0.05467,0.034873,0,0.100977,0.666667,0,265,0.874587,82,0.270627,102,0.24878,104,192,3.9038,18.6399,0.008961,0.009934,0.0039,0.003311,0.016556,0.43517,0.091582,0.089854,0.014832,0.063432,0.127265,0.091767,0.161957,0.033901,0.013847,0.051881,0,0.315997,0.669199,1.530342,0.08103,0.001846,0.183409,1E-06,1,0.836107,2.263472,0.0033,0.003508,0.001174,0.001298,0.006019,0.198718,0.355815,0.121403,0.120488,0.019812,0.079901,0.168046,0.093021,0.16319,3.426115,3.373612,1.487521,1.64145,8.517293,0.232821,0.434171,1.400182,1.430777,0.184063,1.13663,1.835443,0.072372,0.131456,0.762858,0.779527,0.100283,0.619268,1,0.072372,0.131456,0.121402823097626,0.122433076640997,0,0.0486943164362519,0.00896116101676393,0.0635409917604165,26,11.2042926146919,0.00780565050145846,303,410,2.7063,3,1.1777,1,5,0.229075,1.146502,0.827027,-0.352,1.9923,0.007646,3,0.079208,0.82417,15,20.2,6.2244,31,0.169417,0.086457,108,0.263415,0.736585,0.006098,0.030488,0.059756,3,5.2336,0.0852,1,13.587181,19.788359,19.934574,26.259446,47.101155,2.644533,2.710109,2.52444,2.541783,2.376232,2.27942,2.421449,NA,NA,NA,NA,0.27835,0,0.305952,0,0.716054,0,0.727552,0,0.597016,0,0.27835,0.174917,0.305952,0.09901,0.061899,0.09901,-0.037459,0.096774,4595196.66,2502.88,1835.96,1.3633,410,106.8368,65.6784,128.0142,4.0986,865.3975,43803.08,2.496823,0.696752,0.767577,65.9384,89.2236,9532.36,39.0827,45.559,0.1797,3.840595,0.243922,1.992664,0.003018,1.231427,5.49892,0.962961,417.148211,1038.112886,537.225381,0,0,1.66777,2.781457,0.879659,1.467192038697920
china19,177,261,2.9492,3,5,1,3,-0.8247,2.7516,53,0.299435,TRUE,1,1,1,20,11,0.071429,0.066102,0,0.155841,1,0,139,0.785311,34,0.19209,40,0.153257,42,135,5.1905,20.5192,0.016757,0.017045,0.005943,0.005682,0.028409,0.354658,0.125075,0.124382,0.020526,0.083254,0.170048,0.093522,0.164113,0.041228,0.023204,0.046708,0,0.223937,0.573662,1.132928,0.259066,0.160376,0.254516,0.00162,1,0.521692,0.982436,0.00565,0.005843,0.001589,0.002442,0.009115,0.153182,0.281255,0.165146,0.165579,0.027733,0.10633,0.217605,0.096132,0.167928,3.760633,3.609472,1.304455,1.641483,7.490977,0.193355,0.346871,1.442888,1.451543,0.169117,1.136865,1.818834,0.063408,0.117207,0.793304,0.798062,0.092981,0.625051,1,0.063408,0.117207,0.165145723608299,0.212806026365348,0,0.08125,0.0167565485362096,0.202924368970223,20,8.2148176682075,0.0256470726099818,177,261,2.9492,3,1.0459,1,5,0.179276,1.070584,0.772263,-0.8177,2.7206,0.011786,2,0.779661,0.759068,12,14.75,4.1588,21,0.153013,0.101574,85,0.32567,0.67433,0.009579,0.042146,0.08046,3,5.1164,0.1166,1,10.169925,14.56577,14.77853,19.147297,34.565782,2.259258,2.263404,2.111561,1.979738,1.911279,2.00278,NA,NA,NA,NA,NA,0.160189,0.000328,0.222528,1E-06,0.581299,0,0.77723,1.5E-05,0.720247,1E-06,0.160189,0.062147,0.222528,0.079096,0.010006,0.033898,-0.034992,0.070423,4857151.42,2629.96,1846.86,1.424,261,151.8968,127.4057,132.5825,5.1153,737.7421,39645.07,3.370406,0.94053,0.060962,36.4411,53.7352,8162.21,57.471,62.1221,0.243553,3.583019,0.105221,1.975269,0.009603,1.324587,4.967605,0.960762,257.063576,665.632002,312.212863,0,0,1.748376,3.056818,0.94468,1.466827221414380
china41,201,264,2.6269,3,6,1,3,-0.563,3.0047,16,0.079602,TRUE,1,1,1,25,13,0.058252,0.04262,0,0.119033,0.666667,0,175,0.870647,51,0.253731,57,0.215909,61,112,4.2787,14.2643,0.013134,0.015,0.004912,0.005,0.03,0.373975,0.100695,0.1,0.018654,0.064641,0.145349,0.105034,0.185254,0.046651,0.024932,0.059789,0,0.342951,0.620633,1.281612,0.03046,0.000647,0.126952,1E-06,1,0.926188,4.167825,0.004975,0.005059,0.001547,0.002386,0.008919,0.170072,0.310941,0.136701,0.136912,0.024085,0.088668,0.2055,0.100327,0.176184,3.204713,3.306869,1.221864,1.641458,10.35106,0.180648,0.381271,1.375483,1.427445,0.146753,1.136686,1.91982,0.053695,0.106692,0.716464,0.743531,0.076441,0.592079,1,0.053695,0.106692,0.136700755416324,0.126036484245439,0,0.0559912854030501,0.013134328358209,0.0483974653319884,25,10.2835820895522,0.00957141517347064,201,264,2.6269,3,0.9824,1,6,0.175072,0.863548,0.536552,-0.5589,2.9749,0.017035,2,0.731343,0.809616,12,16.75,4.595,25,0.147181,0.091029,64,0.242424,0.757576,0.011364,0.043561,0.081439,3,7.9435,0.0076,1,11.509775,16.924813,17.207039,22.434588,41.021178,2.455845,2.50048,2.429632,2.345106,2.37772,2.225761,1.877398,NA,NA,NA,NA,0.172034,6.4E-05,0.371635,0,0.750701,0,0.786808,1.3E-05,0.637637,0,0.172034,0.084577,0.371635,0.104478,0.155392,0.039801,-0.014815,0.104575,4613804.67,2476.88,1862.75,1.3297,264,137.6055,115.5886,108.2081,2.853,852.09,36327.85,2.375143,0.662796,0.81117,43.5649,57.2196,7873.73,61.6958,48.1213,0.161209,3.497083,0.175611,1.991064,0.003369,1.164623,5.079024,0.958611,275.062318,644.147333,334.342683,0,0,1.637071,2.68,0.858021,1.4790823359126300
congo10,1012,1286,2.5415,3,6,1,3,-0.5063,2.0965,109,0.107708,TRUE,1,1,1,52,29,0.051354,0.03554,0,0.103487,0.666667,0,894,0.883399,273,0.269763,327,0.254277,329,672,4.0729,36.9422,0.002514,0.002967,0.001027,0.000989,0.005935,0.408413,0.047262,0.047353,0.006359,0.032397,0.063113,0.07677,0.134551,0.020359,0.005729,0.035672,0,0.242469,0.72879,1.752168,0.018404,0,0.086102,0,1,0.955846,4.678434,0.000988,0.001063,0.000343,0.000429,0.002761,0.189918,0.347594,0.065517,0.065707,0.008617,0.041398,0.0917,0.074064,0.131529,3.035834,3.260365,1.024232,1.64145,7.387661,0.179212,0.337381,1.361405,1.422015,0.150054,1.13663,1.809693,0.057937,0.11022,0.752285,0.785777,0.082917,0.628079,1,0.057937,0.11022,0.0655169252978773,0.115612648221344,0,0.0499537037037037,0.00251384963035073,-0.0709855321651367,52,21.5625725712811,0.00173252088517797,1012,1286,2.5415,3,1.038,1,6,0.203198,0.934423,0.58059,-0.5056,2.0924,0.003428,2,0.679842,0.892015,26,38.9231,17.401,77,0.246503,0.045684,275,0.213841,0.786159,0.002333,0.010109,0.017885,4,13.838,0.0048,1,23.932087,35.3594,36.142159,47.606141,89.895481,3.784616,3.960214,3.801234,3.805033,3.828815,3.844911,NA,3.7995,NA,NA,NA,0.040215,0.024176,0.276847,0,0.894366,0,0.951084,0.012877,0.665281,0,0.040215,0.062253,0.276847,0.079051,0.066746,0.01581,-0.090722,0.091667,6395469.34,2557.33,2500.84,1.0226,1286,74.8696,52.323,78.4366,3.7981,735.6237,96282.32,3.554044,0.991775,0.063241,158.237,201.0798,15054.77,44.996,32.9352,0.136206,3.565776,0.205003,1.991906,0.000685,1.110486,6.695067,0.967678,1358.495623,3072.2639,1692.408132,0,0,1.598714,2.555885,0.842717,1.678941736789190
croatia07,465,564,2.4258,3,4,1,3,-0.5572,1.7454,29,0.062366,TRUE,1,1,1,45,23,0.029183,0.020072,0,0.081611,0.666667,0,437,0.939785,152,0.326882,197,0.349291,202,155,3.297,12.5706,0.005228,0.006466,0.002164,0.002155,0.008621,0.41387,0.055674,0.055609,0.008787,0.038067,0.077892,0.089925,0.157832,0.037631,0.011222,0.07557,0,0.52036,0.737752,2.008169,0.018523,0,0.101029,0,1,0.966389,5.454264,0.002151,0.002307,0.000752,0.000973,0.00407,0.195117,0.349602,0.084007,0.084901,0.013568,0.051091,0.111665,0.092166,0.16151,2.876197,3.168021,0.945194,1.64145,7.727214,0.170141,0.328626,1.338855,1.398414,0.141837,1.136631,1.628018,0.055349,0.105939,0.822383,0.858967,0.087123,0.698169,1,0.055349,0.105939,0.0840067212076035,0.0594982078853047,0,0.0294426919032597,0.00522803114571746,-0.104115767712837,45,18.423275862069,0.00102192967931787,465,564,2.4258,3,1.004,1,4,0.202997,0.834141,0.759268,-0.5554,1.7379,0.003407,2,0.593548,0.861866,20,23.25,8.5402,47,0.194301,0.06303,100,0.177305,0.822695,0.003546,0.01773,0.035461,1,1.8207,0.3745,1,16.264663,26.3594,28.686406,41.173181,67.643613,3.630119,3.741768,3.361431,3.521128,3.93114,NA,NA,NA,NA,NA,NA,0.182103,0,0.573147,0,0.88132,0,0.78622,0,0.435572,0,0.182103,0.04086,0.573147,0.068817,0.186917,0.019355,0.12171,0.085174,4145549.22,2502.25,1656.73,1.5104,564,97.8618,63.0314,94.6877,4.1394,730.5521,55194.07,3.304945,0.922262,0.440988,112.1685,136.0495,13314.06,40.4988,25.44,0.108108,3.338384,0.240585,1.997411,0.000422,1.056469,5.906525,0.961993,608.200762,1337.431525,759.738119,0,0,1.564697,2.448276,0.936361,1.5619248056589600
cuba02,543,863,3.1786,3,5,1,3,-1.1024,3.5702,223,0.410681,TRUE,1,1,1,33,18,0.06598,0.062124,0,0.119294,0.333333,0,415,0.764273,66,0.121547,76,0.088065,77,467,8.039,52.9917,0.005865,0.005535,0.00181,0.001845,0.009225,0.308644,0.072888,0.072305,0.010993,0.049977,0.099032,0.085966,0.150826,0.02409,0.014059,0.02737,0,0.158314,0.580327,1.136126,0.133948,0.035078,0.210001,3.2E-05,1,0.708806,1.567776,0.001842,0.001946,0.000454,0.000749,0.003363,0.130274,0.246619,0.100239,0.101176,0.014435,0.06399,0.132527,0.082077,0.144003,3.97062,3.96107,1.169062,1.641481,8.017773,0.161772,0.294428,1.488876,1.470644,0.161726,1.136851,1.811166,0.057948,0.108623,0.822054,0.811987,0.089294,0.62769,1,0.057948,0.108623,0.100238812194842,0.235190300798036,0,0.0714689265536723,0.00586464428180193,0.163170145871827,33,14.0328229801635,0.0109919849365767,543,863,3.1786,3,0.9811,1,5,0.15298,1.054161,0.760416,-1.0993,3.5571,0.003373,2,0.860037,0.831285,16,33.9375,9.2265,48,0.150207,0.040038,321,0.371958,0.628042,0.002897,0.014484,0.02781,3,4.574,0.1748,1,17.305634,25.683316,26.225097,34.658996,65.837306,3.241271,3.179418,3.071946,2.947327,2.788717,2.837946,2.807138,NA,NA,NA,NA,0.211223,0,0.42774,0,0.908162,0,0.746219,0,0.499042,0,0.211223,0.047882,0.42774,0.082873,0.046723,0.005525,-0.165629,0.091102,4631591.94,2469.55,1875.48,1.3168,863,83.1359,85.7035,57.4936,4.9716,373.4653,71746.31,2.874806,0.80223,0.413966,117.2383,186.329,15490.64,44.8281,36.7864,0.296947,3.770674,0.047482,1.973217,0.003528,1.378922,6.110436,0.97064,810.06409,2156.046727,949.430998,0,0,1.786584,3.191882,0.976496,1.6288991980080300
ecuador01,629,871,2.7695,3,5,1,3,-0.8489,2.8807,99,0.157393,TRUE,1,1,1,40,21,0.044727,0.037255,0,0.104086,0.666667,0,553,0.879173,120,0.190779,134,0.153846,138,476,5.5507,40.3539,0.00441,0.004777,0.001527,0.001592,0.007962,0.346279,0.062666,0.061933,0.009062,0.037266,0.09001,0.080682,0.144606,0.024392,0.00911,0.038325,0,0.255866,0.677986,1.571192,0.043641,0.000538,0.13255,1E-06,1,0.889449,3.037276,0.00159,0.001636,0.000461,0.000707,0.00272,0.155968,0.290074,0.085038,0.084541,0.012068,0.045671,0.11727,0.080302,0.141918,3.325111,3.398215,1.002529,1.641451,7.055468,0.160106,0.301502,1.401686,1.430198,0.14248,1.136663,1.765483,0.052154,0.101649,0.793939,0.810089,0.080703,0.643825,1,0.052154,0.101649,0.0850375596325227,0.120296767355591,0,0.046494708994709,0.00440999260781951,-0.0424015036931486,40,16.2938341113688,0.00390410131887711,629,871,2.7695,3,0.959,1,5,0.165765,0.923741,0.666338,-0.8469,2.8716,0.003563,2,0.791733,0.864781,20,31.45,11.5279,48,0.204372,0.047779,243,0.27899,0.72101,0.00287,0.013203,0.024684,3,6.7014,0.04,1,18.661778,27.6797,27.603497,36.441014,66.889244,3.158319,3.342564,3.107567,3.062172,3.003581,2.847849,NA,NA,NA,NA,NA,0.145953,0,0.431768,0,0.898814,0,0.845083,0,0.546298,0,0.145953,0.074722,0.431768,0.100159,0.078739,0.034976,-0.008061,0.095238,6062781.11,2509.05,2416.37,1.0384,871,81.0338,61.302,76.8407,4.1393,574.4041,70580.46,3.393072,0.946855,0.362537,103.7478,143.6634,11641.6,38.8209,27.9706,0.193935,3.390955,0.008001,1.982253,0.001415,1.201503,6.233318,0.967525,880.411536,2091.495066,1053.634042,0,0,1.67313,2.799363,0.940274,1.5489979610445500
ejypt04,358,459,2.5642,3,4,1,3,-0.5904,1.9815,46,0.128492,TRUE,1,1,1,36,18,0.016502,0.011639,0,0.058013,0.333333,0,343,0.958101,93,0.259777,119,0.259259,121,218,3.9504,19.7053,0.007183,0.008403,0.002898,0.002801,0.011204,0.403414,0.074162,0.075364,0.013643,0.042025,0.107855,0.104324,0.183958,0.036509,0.015363,0.055554,0,0.319649,0.680373,1.521665,0.076201,0.005063,0.175221,4E-06,1,0.827678,2.299466,0.002793,0.002936,0.000968,0.001258,0.005604,0.190615,0.346634,0.10351,0.104373,0.017927,0.05994,0.141109,0.098914,0.173189,3.014381,3.282615,0.935461,1.641451,5.313218,0.165877,0.310333,1.36515,1.427096,0.147786,1.136664,1.625496,0.056892,0.108256,0.839836,0.877945,0.090917,0.699273,1,0.056892,0.108256,0.10350988173915,0.0418994413407821,0,0.0162127107652399,0.00718276137270551,-0.163963963963963,36,13.9971362846815,0.00429971463842162,358,459,2.5642,3,1.0345,1,4,0.201635,0.932246,0.848567,-0.5879,1.9705,0.004044,2,0.670391,0.831658,15,23.8667,7.0899,40,0.15568,0.073673,102,0.222222,0.777778,0.004357,0.021786,0.043573,1,1.7798,0.3927,1,14.33985,21.153631,22.231344,28.867547,59.290969,3.001969,3.328929,2.627508,2.791051,3.092804,NA,NA,NA,NA,NA,NA,0.141938,1.8E-05,0.381015,0,0.893708,0,0.834002,3E-06,0.599355,0,0.141938,0.058659,0.381015,0.100559,0.151712,0.013966,0.027207,0.11284,4614975.78,2393.17,1928.39,1.241,459,88.926,75.7379,68.9692,5.1909,626.8221,40817.02,3.394018,0.947119,0.037792,77.5735,99.4588,8844.47,39.3362,27.1251,0.14346,3.240371,0.035404,1.982307,0.001809,1.103394,5.660387,0.963022,475.034634,1079.148249,597.439515,0,0,1.603567,2.571429,0.973331,1.529863792728990
eritrea02,545,813,2.9835,3,5,1,3,-1.0432,3.5916,141,0.258716,TRUE,1,1,1,40,25,0.039323,0.031865,0,0.090331,0.5,0,477,0.875229,75,0.137615,93,0.114391,95,443,6.7263,45.2444,0.005484,0.005515,0.001685,0.001838,0.009191,0.30716,0.061641,0.062292,0.006182,0.039924,0.074337,0.055395,0.100299,0.028371,0.011617,0.044176,0,0.262344,0.670258,1.557065,0.041976,8.3E-05,0.128592,0,1,0.902655,3.063467,0.001835,0.001807,0.000464,0.000782,0.003512,0.135138,0.253121,0.088616,0.09116,0.010772,0.050434,0.110855,0.066113,0.121563,3.598089,3.496897,1.036463,1.64145,7.080123,0.154439,0.288059,1.443683,1.448936,0.143681,1.136633,1.812835,0.051491,0.099524,0.796368,0.799265,0.079258,0.626992,1,0.051491,0.099524,0.0886155935902662,0.123649337410805,0,0.0371082621082621,0.00548434970318403,0.0780239319821374,40,16.4057002158662,0.00433561211742787,545,813,2.9835,3,0.9164,1,5,0.147425,0.955139,0.688987,-1.0404,3.5784,0.00372,2,0.834862,0.851463,18,30.2778,13.5204,54,0.243731,0.047152,269,0.330873,0.669127,0.003075,0.01353,0.02583,3,5.6827,0.0831,1,18.869472,29.002567,28.857901,38.829581,71.779819,3.621113,3.429266,3.27617,3.219647,3.233459,3.29894,NA,NA,NA,NA,NA,0.214023,0,0.289946,0,0.797662,0,0.735485,0,0.632029,0,0.214023,0.088073,0.289946,0.077064,0.103059,0.012844,-0.149126,0.074786,3179226.61,2113.9,1503.96,1.4056,813,55.1852,42.4348,46.8163,4.095,432.6982,44865.59,3.391032,0.946285,0.106733,171.4253,255.7226,14112.11,30.7635,22.3691,0.247926,3.660856,0.154216,1.983684,0.001492,1.280403,6.103476,0.968967,790.254771,1960.958442,920.023134,0,0,1.733112,3.003676,0.935789,1.5463150142655800
germany08,276,387,2.8043,3,5,1,3,-0.6307,2.5646,56,0.202899,TRUE,1,1,1,29,15,0.111377,0.081643,0,0.145454,0.666667,0,201,0.728261,69,0.25,67,0.173127,74,123,4.7162,15.5718,0.010198,0.010909,0.003832,0.003636,0.018182,0.375804,0.080191,0.077772,0.013989,0.055099,0.113309,0.098713,0.174447,0.043216,0.019037,0.067827,0,0.479371,0.667232,1.569505,0.034491,0.000361,0.12983,0,1,0.922646,3.764128,0.003623,0.003759,0.001117,0.001596,0.0065,0.169268,0.308264,0.115523,0.115509,0.019176,0.072035,0.156421,0.095071,0.165989,3.530702,3.421952,1.356214,1.6416,10.418592,0.204579,0.38412,1.411968,1.433949,0.163235,1.137143,1.812749,0.061886,0.115608,NA,NA,NA,NA,NA,NA,NA,0.115523191969705,0.267109500805153,0,0.104806201550388,0.010197628458498,0.077544692602103,29,12.8410540184453,0.00372901445660528,276,387,2.8043,3,1.0539,1,5,0.189071,1.052073,0.75891,-0.6273,2.546,0.008042,2,0.778986,0.829898,15,18.4,4.5166,25,0.131884,0.09879,112,0.289406,0.710594,0.00646,0.0323,0.05814,3,5.7509,0.0646,1,14.041192,21.76774,22.118781,30.078444,50.081058,3.018422,3.157416,2.815005,2.798647,2.786495,2.736339,NA,NA,NA,NA,NA,0.244075,0,0.366706,0,0.899067,0,0.732762,0,0.507577,0,0.244075,0.086957,0.366706,0.09058,0.216011,0.050725,-0.08076,0.074419,5182097.31,2526.43,2051.16,1.2317,387,116.6904,82.0703,108.2085,0,665.8197,45159.2,3.36593,0.939281,0.347553,53.2603,74.6802,8714.46,48.0844,42.248,0.204753,3.684141,0.205924,1.974364,0.001369,1.264263,5.408081,0.962845,391.354434,977.173131,478.169966,0.003623,-0.028695,1.685226,2.839987,0.864262,1.5170559600513200
germany17,523,667,2.5507,3,5,1,3,-0.6405,2.0972,51,0.097514,TRUE,1,1,1,30,16,0.032659,0.024092,0,0.083948,0.333333,0,481,0.919694,138,0.263862,164,0.245877,166,358,4.1446,27.631,0.004886,0.005747,0.001922,0.001916,0.009579,0.393331,0.073444,0.07203,0.01155,0.049376,0.111111,0.087355,0.157264,0.024837,0.008115,0.045064,0,0.310951,0.718265,1.814401,0.057575,0.010321,0.134728,5E-06,1,0.787861,2.340027,0.001912,0.002065,0.000632,0.000854,0.003794,0.180957,0.330577,0.094853,0.092894,0.014825,0.059698,0.134058,0.088409,0.156294,3.013751,3.260303,0.946787,1.641451,6.319369,0.167264,0.314156,1.361132,1.422341,0.145736,1.136658,1.780222,0.055678,0.10707,NA,NA,NA,NA,NA,NA,NA,0.0948527362443455,0.0822179732313576,0,0.0333333333333333,0.00488633949437009,-0.0428510611043895,30,13.9400745771155,0.00418257619183394,523,667,2.5507,3,1.0033,1,5,0.192303,0.887702,0.640341,-0.6387,2.0892,0.00471,2,0.690249,0.863161,17,30.7647,12.0184,57,0.213249,0.048592,145,0.217391,0.782609,0.003748,0.015742,0.030735,3,7.7899,0.0208,1,16.33985,23.475559,23.177569,29.980684,51.799115,2.861195,2.898066,2.739125,2.573765,2.462288,2.454263,NA,NA,NA,NA,NA,0.049101,0.038682,0.535765,0,0.829755,0,0.960509,0.096117,0.412932,0,0.049101,0.063098,0.535765,0.063098,-0.020121,0.013384,0.014009,0.082011,5689934.71,2468.14,2305.36,1.0706,667,87.4294,69.6811,73.376,0,401.5625,58315.43,3.452995,0.963577,0.174535,91.9167,117.2245,10248.87,39.9076,32.8513,0.139289,3.261815,0.012178,1.99068,0.001643,1.104847,6.033201,0.964129,703.278901,1578.813509,866.458762,0.001912,0,1.602798,2.568962,0.967752,1.6402052372224900
greece06,881,1362,3.0919,3,6,1,3,-0.9232,4.0741,255,0.289444,TRUE,1,1,1,43,23,0.045809,0.034847,0,0.09315,0.5,0,758,0.860386,100,0.113507,107,0.078561,109,770,9.0734,73.559,0.003514,0.003409,0.001035,0.001136,0.006818,0.29448,0.058458,0.05794,0.007983,0.040696,0.078508,0.077828,0.136562,0.018689,0.008846,0.026406,0,0.205316,0.62329,1.412901,0.014758,0.000103,0.074255,0,1,0.939561,5.03131,0.001135,0.001117,0.000271,0.000468,0.001924,0.125806,0.238787,0.080067,0.080996,0.00972,0.050985,0.102647,0.068522,0.121393,3.753641,3.536657,1.134402,1.641482,10.238857,0.157564,0.302214,1.466592,1.452252,0.14645,1.136831,2.009034,0.051645,0.099857,0.729998,0.722861,0.072896,0.565859,1,0.051645,0.099857,0.0800674291519889,0.13687097994703,0,0.0394601542416453,0.00351356929109483,0.11705589936086,43,17.4276803219482,0.00609470164879772,881,1362,3.0919,3,0.9105,1,6,0.14167,1.003289,0.623378,-0.9216,4.0649,0.003312,2,0.879682,0.859052,21,41.9524,14.0088,67,0.186368,0.041336,482,0.353891,0.646109,0.002203,0.009912,0.01909,4,13.0742,0.0019,1,21.106563,31.323556,31.923504,42.191739,78.364988,3.5707,3.674293,3.290013,3.312455,3.338451,3.15478,3.047247,3.18105,NA,NA,NA,0.186035,0,0.28317,0,0.918688,0,0.805572,0,0.692426,0,0.186035,0.103292,0.28317,0.07605,0.02921,0.065834,-0.037229,0.086118,6436705.4,2595.56,2479.89,1.0466,1362,85.2643,75.5024,58.6788,5.6331,454.0713,116129.95,3.539205,0.987634,0.060001,136.8713,211.5989,18041.83,52.3865,33.6311,0.274331,3.776403,0.004317,1.972621,0.002048,1.322726,6.591976,0.972279,1306.275825,3306.957759,1497.446852,0,0,1.760682,3.1,0.915195,1.6674428814768500
greece22,566,828,2.9258,3,6,1,3,-0.7499,3.5305,127,0.224382,TRUE,1,1,1,44,22,0.060523,0.049117,0,0.113867,0.666667,0,468,0.826855,96,0.169611,106,0.128019,111,383,6.0901,36.475,0.005178,0.00531,0.001716,0.00177,0.010619,0.331308,0.059756,0.058504,0.010964,0.03815,0.08703,0.104746,0.183483,0.028934,0.009656,0.050043,0,0.326427,0.697406,1.729561,0.019142,1E-06,0.089751,0,1,0.953958,4.688765,0.001767,0.001776,0.000475,0.000752,0.003144,0.143696,0.268656,0.084271,0.083683,0.013641,0.050854,0.116625,0.092325,0.161867,3.623337,3.52324,1.228592,1.64145,12.878788,0.173398,0.339078,1.434157,1.444104,0.152545,1.136632,2.010768,0.055139,0.106366,0.713238,0.718185,0.075864,0.565272,1,0.055139,0.106366,0.0842709206838001,0.170960934432666,0,0.0586497890295358,0.00517839832390006,0.101734809519656,44,17.3185840707965,0.00242423412580114,566,828,2.9258,3,0.9693,1,6,0.159879,0.991456,0.616027,-0.748,3.518,0.00546,2,0.819788,0.869473,17,33.2941,13.3593,65,0.214093,0.050713,263,0.317633,0.682367,0.003623,0.016908,0.029589,4,12.9473,0.0168,1,19.61672,29.562856,30.402466,40.318487,78.404457,3.609478,3.798076,3.316678,3.434642,3.511775,3.363914,3.337752,3.801434,NA,NA,NA,0.140612,0,0.451313,0,0.87698,0,0.807129,0,0.569577,0,0.140612,0.047703,0.451313,0.075972,0.160789,0.030035,-0.007276,0.07173,6833161.47,2638.7,2589.59,1.019,828,97.0222,80.2929,74.8437,4.0161,623.657,80334.39,3.418804,0.954035,0.180896,82.8314,121.1738,11756.55,51.7773,34.4961,0.233363,3.864457,0.284213,1.984198,0.000888,1.287395,6.134865,0.968129,813.601024,2050.808746,961.086016,0,0,1.722316,2.966372,0.922444,1.5938650930311000
hukuoka01,763,1263,3.3106,3,6,1,3,-0.9156,5.7125,283,0.370904,TRUE,1,1,1,36,19,0.044202,0.04443,0,0.108245,0.666667,0,641,0.840105,36,0.047182,40,0.031671,41,723,19.5854,112.6013,0.004345,0.003937,0.000974,0.001312,0.007874,0.224089,0.064791,0.063431,0.008966,0.046104,0.08989,0.078696,0.13838,0.019351,0.007841,0.028183,0,0.185614,0.634952,1.456459,0.113255,0.012392,0.210415,4E-06,1,0.775095,1.857892,0.001311,0.001251,0.000235,0.000554,0.002296,0.093509,0.179362,0.088557,0.088564,0.010425,0.059114,0.114416,0.067082,0.117717,4.036237,3.781027,0.94177,1.641509,10.467955,0.121646,0.233329,1.508134,1.472058,0.121421,1.136935,1.949649,0.041162,0.080511,0.773541,0.755037,0.062278,0.583149,1,0.041162,0.080511,0.0885573685820559,0.158345295304666,0,0.046694214876033,0.00434464040618776,0.06780818561576,36,15.725792303485,0.00847504989809383,763,1263,3.3106,3,0.7419,1,6,0.105445,0.914511,0.568217,-0.9138,5.6975,0.003539,2,0.947575,0.839153,16,47.6875,16.5599,75,0.19176,0.03191,501,0.396675,0.603325,0.002375,0.010689,0.020586,4,13.9734,0.003,1,20.295805,30.294139,30.497253,40.37771,70.111506,3.518179,3.720546,3.266932,3.210764,3.206844,3.086307,3.0875,NA,NA,NA,NA,0.139245,0,0.31244,0,0.939504,0,0.830189,0,0.649504,0,0.139245,0.076016,0.31244,0.074705,0.053577,0.009174,-0.091289,0.071625,6838399.89,2586.66,2643.72,1.0221,1263,88.9982,80.3467,49.9956,4.1075,444.7827,112404.72,3.085995,0.861163,0.49431,111.5758,184.6923,16437.28,54.9027,29.6007,0.329389,3.682196,0.01271,1.962687,0.002554,1.395313,6.459601,0.973426,1169.552848,3079.648728,1270.458824,0,0,1.822144,3.32021,0.937167,1.6193612129180600
hungary01,326,493,3.0245,3,5,1,3,-0.937,3.2408,100,0.306748,TRUE,1,1,1,29,15,0.057093,0.050613,0,0.112916,0.333333,0,267,0.819018,49,0.150307,56,0.11359,57,270,6.7018,35.4975,0.009306,0.009231,0.003033,0.003077,0.015385,0.325917,0.090048,0.089507,0.014903,0.059644,0.123668,0.094824,0.165498,0.032182,0.021388,0.035019,0,0.246328,0.544786,1.088128,0.090013,0.011725,0.16277,1E-06,1,0.759372,1.808298,0.003067,0.00319,0.000786,0.00133,0.00606,0.135162,0.256235,0.12359,0.124592,0.019234,0.076192,0.162563,0.088355,0.155629,3.700207,3.56325,1.163751,1.641458,7.92821,0.171561,0.31451,1.455962,1.449921,0.161023,1.136682,1.832977,0.059017,0.110595,0.794316,0.79102,0.087848,0.620129,1,0.059017,0.110595,0.12359031196729,0.177914110429448,0,0.0597826086956522,0.00930627654554035,0.218137254901961,29,11.4271260028315,0.0156080097219558,326,493,3.0245,3,0.9858,1,5,0.161699,1.041399,0.751211,-0.9327,3.221,0.006116,2,0.828221,0.780947,14,23.2857,9.3103,39,0.211656,0.064473,168,0.340771,0.659229,0.005071,0.024341,0.044625,3,5.1437,0.1137,1,13.511218,20.387955,20.810724,27.636767,54.466022,2.83078,3.126786,2.604267,2.479512,2.445583,2.759959,NA,NA,NA,NA,NA,0.215231,0,0.309098,0,0.87724,0,0.716201,0,0.640646,0,0.215231,0.122699,0.309098,0.06135,0.14828,0.052147,-0.09503,0.057971,4681424.98,2462.34,1901.21,1.2951,493,113.9138,106.6344,78.3488,3.5066,474.7068,56159.51,3.222486,0.899252,0.358135,69.6369,105.3098,11996.24,55.8107,40.5922,0.25966,3.731614,0.12069,1.962522,0.005518,1.308389,5.590479,0.966571,476.502377,1206.267611,559.840294,0,0,1.741794,3.033846,0.91912,1.5434877514054100
ibaragi,559,754,2.6977,3,5,1,3,-0.5647,2.1821,107,0.191413,TRUE,1,1,1,34,19,0.045312,0.030888,0,0.092339,0.5,0,498,0.890877,136,0.243292,154,0.204244,156,404,4.5769,32.1858,0.004835,0.005376,0.001931,0.001792,0.008961,0.399438,0.070038,0.069541,0.010215,0.046785,0.094656,0.08236,0.145843,0.024394,0.009811,0.037787,0,0.263165,0.678222,1.549067,0.027229,0.000726,0.098871,0,1,0.896188,3.631089,0.001789,0.001909,0.000591,0.000751,0.003692,0.182836,0.330318,0.093635,0.09307,0.013523,0.05905,0.126641,0.082267,0.144427,3.266068,3.295254,1.176894,1.641451,8.450013,0.193998,0.36034,1.393279,1.429463,0.163974,1.136677,1.848882,0.063514,0.117689,0.753579,0.77315,0.088688,0.614792,1,0.063514,0.117689,0.0936353624177667,0.106986682568078,0,0.0415064102564103,0.00483454196882554,0.0497923469236776,34,14.5872044934311,0.00466009069912428,559,754,2.6977,3,1.0776,1,5,0.203815,1.038666,0.749239,-0.5632,2.1743,0.004141,2,0.729875,0.851469,17,32.8824,7.1404,44,0.112806,0.05605,196,0.259947,0.740053,0.003316,0.016578,0.029841,3,5.9371,0.0637,1,17.509775,25.720672,25.903801,34.001628,59.781194,2.971047,3.027477,2.980627,2.935711,2.943637,2.493971,2.630092,NA,NA,NA,NA,0.087213,0.000747,0.408279,0,0.834045,0,0.893204,0.000145,0.534032,0,0.087213,0.064401,0.408279,0.08229,0.069914,0.030411,-0.033244,0.079327,4840238.31,2568.3,1884.61,1.3628,754,76.4138,56.7323,66.5716,2.5428,696.1826,57615.98,3.469842,0.968278,0.145034,115.4902,155.7775,11903.54,35.101,24.2567,0.176101,3.658361,0.165469,1.983376,0.001528,1.183587,6.111226,0.9663,771.471404,1825.731921,958.277335,0,0,1.650459,2.724014,0.907115,1.5807215233991800
iceland06,104,129,2.4808,3,5,1,3,-0.3796,1.9176,10,0.096154,TRUE,1,1,1,23,12,0.113924,0.080128,0,0.157483,1,0,77,0.740385,37,0.355769,52,0.403101,55,47,2.8727,6.0738,0.024085,0.029126,0.01039,0.009709,0.048544,0.431385,0.11844,0.117714,0.024357,0.071084,0.1648,0.117618,0.20565,0.076865,0.048842,0.094649,0,0.404301,0.611123,1.231373,0.197089,0.075676,0.254152,1.1E-05,1,0.646276,1.289527,0.009615,0.009782,0.003401,0.004362,0.017176,0.198432,0.353713,0.170533,0.170508,0.034794,0.100508,0.240675,0.1167,0.20403,3.097512,3.144794,1.162721,1.641451,5.337054,0.20734,0.375373,1.347879,1.397833,0.155159,1.136655,1.698915,0.061719,0.115113,NA,NA,NA,NA,NA,NA,NA,0.170532759761157,0.259615384615385,0,0.117370892018779,0.0240851381628081,0.0157467532467544,23,8.84017923823749,0.00868179324965258,104,129,2.4808,3,1.0702,1,5,0.216607,0.951398,0.686289,-0.3742,1.8809,0.024938,2,0.576923,0.775975,9,11.5556,2.7889,16,0.128205,0.112101,26,0.20155,0.79845,0.01938,0.081395,0.158915,3,7.301,0.0198,1,8.33985,12.983706,13.940256,18.550747,35.426331,2.573526,NA,2.258638,2.015168,1.911588,NA,NA,NA,NA,NA,NA,0.431855,0,0.454319,0,0.895619,0,0.594005,0,0.595017,0,0.431855,0.144231,0.454319,0.125,0.218477,0.086538,0.213736,0.142857,3763073.79,2113.51,1780.48,1.187,129,147.8328,85.4393,152.8615,0,765.6945,19070.43,3.275289,0.913987,0.16491,27.637,34.2805,5067.78,66.122,50.3567,0.128079,3.292059,0.213697,1.996077,0.004131,1.143898,4.399894,0.949332,138.731239,326.454063,176.713075,0.009615,0,1.603971,2.572722,0.84677,1.436026405796280
iceland07,195,202,2.0718,3,4,1,3,-0.0569,1.122,3,0.015385,TRUE,1,1,1,35,18,0.028662,0.013675,0,0.066287,0.333333,0,187,0.958974,94,0.482051,158,0.782178,161,34,2.205,2.5227,0.010679,0.015464,0.005273,0.005155,0.020619,0.493736,0.073921,0.074817,0.01332,0.045647,0.098029,0.1023,0.180192,0.067525,0.020565,0.103321,0,0.40516,0.723671,1.530108,0.045774,0.000809,0.145802,0,1,0.894131,3.185236,0.005128,0.005959,0.002174,0.002458,0.009926,0.229644,0.423981,0.108518,0.106511,0.02009,0.068193,0.14871,0.105299,0.185132,2.507553,3.026037,0.867488,1.64145,5.426318,0.179578,0.34595,1.278471,1.366579,0.134693,1.136633,1.574745,0.055347,0.105355,0.811859,0.86781,0.085533,0.721789,1,0.055347,0.105355,0.108517862941145,0.041025641025641,0,0.0258899676375405,0.0106793550092519,-0.290859798605733,35,14.0324081416865,0.00324558618130942,195,202,2.0718,3,1.0229,1,4,0.24788,0.761115,0.692797,-0.0565,1.1105,0.010042,2,0.241026,0.854953,13,15,2.9439,19,0.10572,0.108864,8,0.039604,0.960396,0.009901,0.044554,0.081683,1,1.9836,0.2827,1,12.33985,20.01955,20.748838,27.944363,53.963913,3.193371,3.882444,2.959804,3.201202,NA,NA,NA,NA,NA,NA,NA,-0.068746,0.910669,0.085589,0.026664,0.799766,0,1.0727,0.937752,0.901517,0.030917,-0.068746,0.046154,0.085589,0.035897,0.098881,0.025641,0.056783,0.029126,4725461.61,2497.74,1891.89,1.3202,202,106.418,78.2228,99.0478,8.6553,807.029,21496.43,3.116242,0.869604,0.320168,41.2658,42.7471,4549.06,58.4398,37.926,0.020779,2.95248,0.279303,1.998493,0.001628,0.919307,5.007383,0.950554,229.453705,488.972767,306.700923,0,0,1.450204,2.103093,0.905299,1.4522593739744200
india06,453,573,2.5298,3,5,1,3,-0.3892,1.7306,75,0.165563,TRUE,1,1,1,34,18,0.018166,0.01273,0,0.06058,0.333333,0,432,0.953642,134,0.295806,174,0.303665,176,268,3.5682,20.0604,0.005597,0.006637,0.00246,0.002212,0.011062,0.439533,0.075873,0.076597,0.012264,0.044119,0.103149,0.091438,0.161638,0.027867,0.013004,0.041254,0,0.270351,0.668428,1.480423,0.038019,8.1E-05,0.146046,0,1,0.939825,3.841401,0.002208,0.002395,0.000818,0.000972,0.0045,0.206642,0.370415,0.100157,0.100192,0.017022,0.056612,0.13624,0.096834,0.169956,3.01238,3.273132,1.034179,1.64145,6.323553,0.187889,0.34331,1.362352,1.423139,0.16112,1.136631,1.763743,0.064172,0.118266,0.772421,0.806886,0.091351,0.644442,1,0.064172,0.118266,0.10015653251116,0.0463576158940397,0,0.0187229437229437,0.00559690558518432,-0.0959806013579041,34,13.5678759108402,0.00540428817809183,453,573,2.5298,3,1.1119,1,5,0.228117,1.018583,0.734752,-0.3879,1.723,0.005489,2,0.618102,0.852259,17,26.6471,11.5485,51,0.233996,0.067922,121,0.211169,0.788831,0.004363,0.018325,0.035777,3,6.2174,0.0583,1,15.746257,22.341989,22.562805,29.01955,56.942568,2.875313,2.86904,2.637727,2.612914,2.747174,2.281923,NA,NA,NA,NA,NA,0.0265,0.176895,0.361478,0,0.86405,0,0.955437,0.081494,0.633969,0,0.0265,0.03532,0.361478,0.075055,0.088739,0.028698,-0.006626,0.087662,4520353.25,2386.18,1894.39,1.2596,573,84.6539,60.0692,81.4289,6.051,684.2796,48506.7,2.501224,0.69798,0.761884,100.2134,126.76,10730.73,41.3114,29.3534,0.134295,3.390026,0.13714,1.990491,0.002201,1.10273,5.893817,0.964037,593.899415,1364.608039,767.991788,0,0,1.592293,2.535398,0.983636,1.5265439080310300
india10,598,812,2.7157,3,6,1,3,-0.589,2.5818,102,0.170569,TRUE,1,1,1,36,18,0.036907,0.027759,0,0.085407,0.333333,0,535,0.894649,127,0.212375,160,0.197044,163,432,4.6626,33.6797,0.004549,0.005025,0.001739,0.001675,0.01005,0.382349,0.070614,0.06996,0.011637,0.046297,0.104737,0.093371,0.164801,0.022731,0.008619,0.035328,0,0.259439,0.673136,1.554147,0.063879,0.005958,0.150914,2E-06,1,0.820335,2.362489,0.001672,0.001732,0.000539,0.000703,0.004251,0.173817,0.32232,0.092657,0.092965,0.014977,0.057381,0.130904,0.092273,0.161639,3.249703,3.355237,1.044269,1.641451,6.343734,0.174676,0.321343,1.394571,1.430743,0.154806,1.136658,1.806635,0.058947,0.111006,0.771916,0.791938,0.085687,0.629157,1,0.058947,0.111006,0.0926565499195097,0.105351170568562,0,0.0363238512035011,0.004548943155017,-0.0585634319582318,36,14.5479235643098,0.00618817010763157,598,812,2.7157,3,1.0384,1,6,0.190077,0.993205,0.617113,-0.5875,2.5731,0.00552,2,0.735786,0.852434,19,31.4737,13.3598,64,0.225488,0.059382,215,0.264778,0.735222,0.003695,0.01601,0.028325,4,13.6727,0.0146,1,17.135709,24.872675,24.951927,32.552727,60.272676,3.12025,2.996281,2.834666,2.732298,2.639618,2.470131,2.837224,2.821699,NA,NA,NA,0.193741,0,0.439024,0,0.88259,0,0.802248,0,0.569264,0,0.193741,0.115385,0.439024,0.095318,0.085313,0.060201,0.057551,0.100656,4819338.34,2521.09,1911.61,1.3188,812,84.3679,61.2183,74.8367,5.2232,593.6812,68506.7,3.434562,0.958433,0.034316,124.0834,168.4879,14214.96,39.7565,26.2219,0.180521,3.451416,0.055574,1.99316,0.002417,1.178564,6.180884,0.966984,819.354172,1943.32247,1015.899909,0,0,1.653381,2.733668,0.92065,1.6091306085073500
india13,822,1189,2.8929,3,5,1,3,-0.9564,3.0911,192,0.233577,TRUE,1,1,1,44,24,0.097839,0.077859,0,0.144204,0.666667,0,617,0.750608,143,0.173966,163,0.13709,168,640,5.8869,49.2218,0.003524,0.003654,0.001165,0.001218,0.00609,0.330512,0.054479,0.055576,0.007569,0.036494,0.073937,0.079224,0.13894,0.021623,0.00865,0.034423,0,0.256402,0.671767,1.592001,0.049478,0.000174,0.147851,0,1,0.896551,2.988225,0.001217,0.001257,0.000328,0.000499,0.002528,0.145141,0.269758,0.074077,0.075365,0.011041,0.044916,0.101989,0.084576,0.149052,3.664126,3.53833,1.289388,1.64145,12.80971,0.185875,0.351895,1.426444,1.439585,0.149771,1.136634,1.662395,0.055196,0.104996,NA,NA,NA,NA,NA,NA,NA,0.0740766155451116,0.242430386590971,0,0.0941176470588237,0.00352368336044999,0.101353973001376,44,18.7305582474639,0.00394300145243638,822,1189,2.8929,3,0.9562,1,5,0.16077,0.959808,0.692355,-0.9546,3.0836,0.002573,3,0.008516,0.884746,23,35.7391,16.5178,75,0.253993,0.036254,368,0.309504,0.690496,0.002103,0.008831,0.017241,3,5.8842,0.0745,1,22.001628,31.960592,32.038348,41.746978,74.838872,3.703125,3.503179,3.468464,3.317265,3.252593,NA,NA,NA,NA,NA,NA,0.249965,0,0.465085,0,0.90354,0,0.712082,0,0.536819,0,0.249965,0.080292,0.465085,0.09854,0.149658,0.054745,0.027782,0.095588,4721607.54,2486.34,1899.02,1.3093,1189,64.4061,43.6174,59.3514,0,492.7191,76578.84,2.96423,0.827184,0.51628,174.0932,251.821,16218.81,40.4237,32.1203,0.224527,3.672571,0.041117,1.982248,0.001417,1.299469,6.501927,0.968915,1189.301098,3014.559948,1414.872599,0.001217,0,1.72571,2.978074,0.993436,1.6062248015342400
indonesia43,270,286,2.1185,3,4,1,3,-0.1948,1.1013,2,0.007407,TRUE,1,1,1,33,20,0,0,0,0,0,0,270,1,120,0.444444,159,0.555944,161,110,2.6708,8.5116,0.007876,0.011152,0.00374,0.003717,0.01487,0.474834,0.071674,0.070845,0.011188,0.048468,0.101433,0.088163,0.156089,0.04959,0.014842,0.075072,0,0.403935,0.709502,1.513853,0.052105,0.004049,0.158679,2.2E-05,1,0.860655,3.045358,0.003704,0.004463,0.001521,0.001847,0.006962,0.221917,0.410625,0.099829,0.098706,0.016062,0.06346,0.142944,0.090816,0.160899,2.519386,3.029526,0.804682,1.64145,5.095526,0.164692,0.319396,1.285533,1.369241,0.13232,1.136633,1.514101,0.053494,0.10293,0.84904,0.904326,0.087392,0.750698,1,0.053494,0.10293,0.0998287853955076,0,0,0,0.00787553352609115,-0.279505752023863,33,14.2901280462619,0.00423221445453993,270,286,2.1185,3,1.0059,1,4,0.236571,0.726301,0.661107,-0.1937,1.0932,0.007047,2,0.433333,0.853935,15,18,6.6655,31,0.190617,0.08152,17,0.059441,0.940559,0.006993,0.02972,0.055944,1,1.9543,0.3,1,14.264663,21.01955,21.334539,28.774438,48.793988,3.020135,2.961733,2.896394,2.865177,NA,NA,NA,NA,NA,NA,NA,-0.058098,0.914338,0.227435,0,0.799664,0,1.048608,0.888599,0.709091,0,-0.058098,0.011111,0.227435,0.074074,0.189174,0,-0.03249,0.08,6776354.12,2610.31,2595.99,1.0055,286,98.8392,69.084,89.2996,6.9089,471.4301,28268.02,3.459946,0.965516,0.262054,39.8444,42.2056,4171.57,54.9838,51.4781,0.031776,2.785382,0.091982,1.997503,0.002024,0.924015,5.339457,0.954376,326.790025,680.234205,423.517285,0,0,1.463306,2.141264,0.999984,1.5111603480604900
indonesia63,636,742,2.3333,3,5,1,3,-0.198,1.5366,60,0.09434,TRUE,1,1,1,71,36,0.050038,0.032495,0,0.107835,1,0,572,0.899371,266,0.418239,360,0.485175,382,175,2.6623,8.9758,0.003675,0.004724,0.001724,0.001575,0.007874,0.469271,0.041653,0.042139,0.008719,0.023949,0.060008,0.119722,0.20932,0.038156,0.006294,0.081603,0,0.440953,0.802355,2.13868,0.031872,4.2E-05,0.113662,0,1,0.907812,3.566156,0.001572,0.001774,0.000622,0.00069,0.00389,0.219924,0.395277,0.063337,0.062075,0.013412,0.035676,0.099302,0.120202,0.211753,2.900415,3.141272,1.15492,1.64145,7.825253,0.213553,0.398191,1.326245,1.395346,0.155356,1.13663,1.728166,0.063282,0.11714,0.767429,0.807415,0.089897,0.657709,1,0.063282,0.11714,0.0633369748941962,0.100104821802935,0,0.0527210884353742,0.0036745406824147,-0.107315996291224,71,25.1906205120586,0.00052576417766144,636,742,2.3333,3,1.095,1,5,0.241732,0.94882,0.684429,-0.1975,1.5318,0.004213,2,0.509434,0.905702,25,25.44,9.6224,49,0.208428,0.063779,107,0.144205,0.855795,0.003369,0.014825,0.028302,3,7.364,0.0256,1,23.627562,38.078444,40.923875,55.11248,116.079828,4.952829,4.569196,4.769356,4.1564,4.120287,NA,NA,NA,NA,NA,NA,0.027145,0.134871,0.353216,0,0.958902,0,0.960615,0.071017,0.657041,0,0.027145,0.056604,0.353216,0.11478,0.265115,0.048742,0.057453,0.128205,6522660.59,2593.51,2514.99,1.0312,742,64.7998,46.1224,59.2053,5.5121,402.5953,48081.43,3.472071,0.9689,0.265263,97.5062,113.7573,7371.44,37.449,30.5399,0.084451,3.420053,0.167548,1.993673,0.000234,1.064854,6.209401,0.962157,808.979282,1844.664204,1064.175844,0,0,1.551225,2.406299,0.93603,1.5715818559492800
indonesia79,234,268,2.2906,3,5,1,3,-0.2465,1.5412,12,0.051282,TRUE,1,1,1,30,15,0.012848,0.008547,0,0.0528,0.333333,0,228,0.974359,87,0.371795,100,0.373134,103,126,3.2621,12.2202,0.009831,0.012876,0.004518,0.004292,0.021459,0.459605,0.083816,0.08436,0.013944,0.05084,0.121671,0.093421,0.166364,0.048703,0.01713,0.072143,0,0.445505,0.690251,1.481286,0.090064,0.01347,0.174782,1E-06,1,0.774071,1.940642,0.004274,0.004944,0.0017,0.002076,0.009406,0.216405,0.397866,0.117608,0.116523,0.019437,0.071161,0.171087,0.093753,0.165267,2.72765,3.14443,0.919661,1.641451,5.118176,0.178022,0.337162,1.316468,1.396126,0.14321,1.136663,1.638632,0.057235,0.108784,0.803394,0.852007,0.087396,0.693666,1,0.057235,0.108784,0.117607606733409,0.0256410256410256,0,0.0138888888888889,0.00983089395106562,-0.219294810837014,30,12.2990719342651,0.00448149147880333,234,268,2.2906,3,1.0528,1,5,0.231423,0.867917,0.62607,-0.2449,1.528,0.011729,2,0.58547,0.827878,16,14.625,3.4424,20,0.127137,0.115588,35,0.130597,0.869403,0.009328,0.039179,0.076493,3,8.8805,0.0066,1,12.33985,18.586591,19.506944,25.831703,48.513031,2.770318,2.935959,2.709572,2.467477,3.26363,NA,NA,NA,NA,NA,NA,-0.086119,0.971509,0.142772,0.000261,0.772833,0,1.095537,0.985016,0.769259,1.8E-05,-0.086119,0.008547,0.142772,0.076923,0.083949,0.008547,-0.163776,0.0625,6145116.02,2428.32,2530.6,1.0421,268,79.0018,52.4207,124.0219,2.7703,1674.8944,21172.48,3.528661,0.984692,0.024795,38.079,43.6119,3445.42,36.5888,35.9706,0.075594,2.982188,0.131807,1.998083,0.002059,1.00344,5.212653,0.956268,297.244522,638.270015,381.358175,0,0,1.527993,2.334764,0.946344,1.4618126019342700
indonesia80,661,785,2.3752,3,4,1,3,-0.5069,1.6186,33,0.049924,TRUE,1,1,1,47,25,0.019383,0.012859,0,0.063254,0.333333,0,634,0.959153,223,0.337368,279,0.355414,283,376,3.3322,22.2318,0.003599,0.004545,0.001523,0.001515,0.006061,0.423231,0.055114,0.055495,0.007802,0.035811,0.073801,0.080537,0.141565,0.026603,0.00829,0.039683,0,0.195878,0.690905,1.491644,0.025408,7E-06,0.113652,0,1,0.951031,4.473151,0.001513,0.001694,0.000542,0.000693,0.00294,0.198682,0.358517,0.075568,0.076265,0.010653,0.044437,0.097,0.07974,0.140975,2.814639,3.145025,0.90451,1.64145,5.123944,0.169899,0.321359,1.329864,1.397517,0.140663,1.13663,1.614158,0.055207,0.105773,0.823875,0.865787,0.087144,0.704163,1,0.055207,0.105773,0.0755682204494451,0.0408472012102874,0,0.0194063926940639,0.0035987713748682,-0.117353308364543,47,18.5315545775455,0.00227551144467899,661,785,2.3752,3,1.0053,1,4,0.208208,0.816359,0.743082,-0.5058,1.6137,0.002469,2,0.588502,0.880291,21,31.4762,12.098,56,0.213529,0.047669,125,0.159236,0.840764,0.002548,0.012739,0.025478,1,1.8392,0.3632,1,19.264663,28.189475,28.717368,37.565851,73.228575,3.428972,3.25259,3.249127,3.166381,3.149378,NA,NA,NA,NA,NA,NA,0.026911,0.134642,0.312609,0,0.84978,0,0.965996,0.099568,0.642544,0,0.026911,0.024206,0.312609,0.059002,0.072477,0.018154,-0.067517,0.077626,6517057,2512.45,2593.9,1.0324,785,60.7761,41.9204,56.3124,4.753,541.1848,47709.22,3.266826,0.911625,0.483111,101.4261,120.4531,7320.67,36.3339,28.8807,0.094913,3.268039,0.121513,1.996359,0.000989,1.034834,6.253824,0.963277,855.432205,1860.476652,1077.030379,0,0,1.552125,2.409091,0.957749,1.5469377034867800
ishikawa,1032,1540,2.9845,3,6,1,3,-0.9583,4.6209,196,0.189922,TRUE,1,1,1,43,26,0.046778,0.042345,0,0.112691,0.666667,0,888,0.860465,115,0.111434,130,0.084416,132,901,8.8106,78.2479,0.002895,0.00291,0.000816,0.00097,0.00582,0.281895,0.055771,0.055846,0.008281,0.037963,0.074753,0.085327,0.148485,0.016838,0.005962,0.028417,0,0.263907,0.687042,1.687606,0.020009,0.000791,0.067212,0,1,0.867251,3.359072,0.000969,0.000956,0.000223,0.000405,0.001702,0.118012,0.230255,0.075312,0.076161,0.010174,0.049627,0.100382,0.07704,0.135089,3.550552,3.448966,0.952607,1.64145,10.32085,0.135832,0.268298,1.440887,1.444948,0.130841,1.136635,1.966197,0.044612,0.090806,0.732829,0.734895,0.066545,0.578088,1,0.044612,0.090806,0.0753120136815117,0.137650732127476,0,0.0478641840087623,0.00289475860720757,0.0726794301787491,43,18.3435646132678,0.00401501468019325,1032,1540,2.9845,3,0.8413,1,6,0.126783,0.881921,0.547968,-0.9569,4.6119,0.002931,2,0.875969,0.871544,22,46.9091,20.4029,85,0.240662,0.032774,509,0.330519,0.669481,0.001948,0.008766,0.016883,4,12.8217,0.0035,1,22.35393,33.38245,34.301745,45.316598,85.449728,3.727768,3.945542,3.499544,3.545743,3.497173,3.322723,3.544315,2.982014,NA,NA,NA,0.118276,0,0.264228,0,0.936584,0,0.841593,0,0.656354,0,0.118276,0.071705,0.264228,0.078488,0.045997,0.011628,-0.084103,0.083242,5754308.82,2849.7,2019.27,1.4113,1540,68.7977,57.0898,49.2419,2.364,466.7487,105948.53,3.465535,0.967076,0.2432,179.3439,267.6255,18412.03,51.1174,29.8127,0.247207,3.528728,0.034143,1.975052,0.001351,1.267103,6.742312,0.971755,1516.268539,3664.170175,1714.485051,0,0,1.732891,3.00291,0.958881,1.6212159812287600
italy16,202,276,2.7327,3,5,1,3,-0.6444,2.2506,42,0.207921,TRUE,1,1,1,28,14,0.07799,0.061881,0,0.12282,0.333333,0,158,0.782178,53,0.262376,65,0.235507,71,128,3.831,14.9494,0.013595,0.014925,0.005294,0.004975,0.024876,0.389373,0.097538,0.096821,0.018727,0.057086,0.136087,0.109961,0.192,0.048276,0.025708,0.057834,0,0.29002,0.607066,1.19799,0.22282,0.082802,0.285496,7.3E-05,1,0.648712,1.281288,0.00495,0.005163,0.001583,0.002167,0.01008,0.176436,0.319786,0.135994,0.136923,0.026089,0.075947,0.183188,0.10987,0.191838,3.399502,3.470812,1.185631,1.64145,6.685306,0.192809,0.348766,1.399285,1.432022,0.161694,1.136636,1.657221,0.0624,0.115555,0.844356,0.86411,0.09757,0.685868,1,0.0624,0.115555,0.135993607961989,0.217821782178218,0,0.0816993464052288,0.0135953893896852,0.0225716064757135,28,10.6551401408798,0.0107991129623256,202,276,2.7327,3,1.064,1,5,0.197589,1.027406,0.741116,-0.6396,2.2284,0.011393,2,0.712871,0.787262,13,15.5385,5.9947,25,0.208682,0.110468,75,0.271739,0.728261,0.009058,0.038043,0.074275,3,5.8706,0.0712,1,11.33985,17.33985,17.61417,23.212525,46.552375,2.783232,2.601778,2.479438,2.286598,2.227622,2.69945,NA,NA,NA,NA,NA,0.173186,5.7E-05,0.436796,0,0.849134,0,0.772858,2E-06,0.594426,0,0.173186,0.039604,0.436796,0.094059,0.187335,0.00495,0.025738,0.104575,4107739.48,2297.42,1787.98,1.2849,276,106.4224,84.8043,100.1164,4.1113,1144.8812,29372.57,3.367406,0.939693,0.317795,49.1755,67.1902,7150.54,56.0473,67.5562,0.18797,3.44177,0.067107,1.992346,0.004644,1.223629,5.089871,0.959755,280.947484,686.699417,349.181683,0,0,1.675103,2.80597,0.924186,1.465324243117060
italy36,87,98,2.2529,3,4,1,3,-0.3255,1.3542,3,0.034483,TRUE,1,1,1,23,12,0.053571,0.032567,0,0.097908,0.333333,0,78,0.896552,38,0.436782,55,0.561224,59,12,2.4576,1.8784,0.026196,0.034884,0.011924,0.011628,0.046512,0.455183,0.103413,0.102748,0.020766,0.069692,0.15035,0.113489,0.200802,0.106543,0.046238,0.152307,0,0.631737,0.690343,1.429543,0.107531,0.000303,0.274774,3E-06,1,0.876028,2.555298,0.011494,0.012796,0.004514,0.005684,0.02289,0.216408,0.392682,0.161895,0.158049,0.028712,0.111918,0.219054,0.100987,0.177352,2.709306,3.137687,0.900101,1.641507,4.820143,0.177639,0.332226,1.308871,1.392721,0.139096,1.136897,1.575213,0.055496,0.106272,0.830917,0.884148,0.088303,0.721742,1,0.055496,0.106272,0.161894541015097,0.103448275862069,0,0.0534591194968553,0.0261962042234697,-0.212121212121214,23,10.056134723336,0.00680661231182365,87,98,2.2529,3,1.0255,1,4,0.226132,0.801618,0.729664,-0.3199,1.3232,0.020793,2,0.482759,0.767805,7,12.4286,4.1975,17,0.174056,0.107514,12,0.122449,0.877551,0.020408,0.091837,0.168367,1,1.8912,0.3305,1,8.33985,14.416666,15.064701,21.434588,35.114288,2.700506,3.180692,2.707018,2.673841,NA,NA,NA,NA,NA,NA,NA,-0.012678,0.506023,0.328911,0,0.86598,0,0.9769,0.370953,0.695797,7.4E-05,-0.012678,0.022989,0.328911,0.137931,0.166277,0.011494,0.116091,0.113208,4251102.77,1770.12,2401.59,1.3567,98,164.6241,86.0257,188.5546,7.9472,1036.6513,16133.16,3.372503,0.941115,0.277571,20.4653,23.0528,3795.05,63.6293,65.8877,0.071006,2.934725,0.051943,1.995638,0.00281,0.996693,4.216646,0.946636,108.440494,235.709664,139.802639,0,0,1.509659,2.27907,0.912308,1.4147256416094700
italy54,295,322,2.1831,3,5,1,3,-0.0054,1.4218,19,0.064407,TRUE,1,1,1,38,19,0.048913,0.028249,0,0.095992,0.666667,0,270,0.915254,132,0.447458,190,0.590062,200,55,2.47,3.9045,0.007425,0.010204,0.003712,0.003401,0.017007,0.499883,0.071156,0.070504,0.014434,0.040924,0.111575,0.114223,0.202842,0.046613,0.013319,0.081082,0,0.540805,0.742449,1.73949,0.070384,0.007775,0.15938,0,1,0.807832,2.264441,0.00339,0.003901,0.001473,0.001607,0.007867,0.237018,0.434648,0.096827,0.094245,0.018933,0.056777,0.152326,0.110101,0.195534,2.658203,3.137585,0.960341,1.64145,5.524053,0.193905,0.361274,1.299325,1.392273,0.145209,1.136635,1.633942,0.059659,0.111757,0.795209,0.852095,0.08887,0.69564,1,0.059659,0.111757,0.0968266110572822,0.0836158192090395,0,0.0508130081300813,0.00742534301856336,-0.318410877970372,38,14.6574656981437,0.00267551412862976,295,322,2.1831,3,1.0913,1,5,0.256669,0.906473,0.653882,-0.0054,1.4122,0.009647,2,0.420339,0.872849,16,18.4375,4.2421,26,0.126059,0.105765,28,0.086957,0.913043,0.007764,0.032609,0.063665,3,8.0597,0.0147,1,15.924813,23.305634,23.507805,30.341478,63.852881,3.28042,3.420169,3.091813,2.879587,3.120399,NA,NA,NA,NA,NA,NA,0.057277,0.056013,0.337865,0,0.81845,0,0.938284,0.056147,0.666343,0,0.057277,0.084746,0.337865,0.094915,0.198334,0.061017,0.08045,0.060976,6005089.42,2489.83,2411.85,1.0323,322,93.6386,62.8282,130.6886,5.5924,1599.3746,30151.62,3.469919,0.968299,0.051285,49.125,53.6212,5021.01,43.9702,34.3658,0.047863,2.975264,0.050296,1.998118,0.001264,0.97765,5.437329,0.956673,356.24737,784.169856,481.674486,0,0,1.484615,2.204082,0.903878,1.5356227405789600
mongolia05,224,306,2.7321,3,5,1,3,-0.7785,3.0667,24,0.107143,TRUE,1,1,1,26,13,0.084298,0.063839,0,0.137117,0.666667,0,180,0.803571,45,0.200893,52,0.169935,54,161,5.1296,21.6543,0.012252,0.013453,0.004246,0.004484,0.022422,0.346563,0.094781,0.092762,0.016309,0.061096,0.135727,0.096656,0.172066,0.044475,0.021622,0.061305,0,0.328446,0.639019,1.378418,0.050231,0.002035,0.153803,2.1E-05,1,0.881191,3.061902,0.004464,0.004602,0.001284,0.001932,0.007526,0.154468,0.287662,0.13028,0.129906,0.020874,0.081625,0.174424,0.090661,0.160227,3.385699,3.37748,1.189775,1.641508,8.543246,0.180065,0.351412,1.393979,1.428755,0.14081,1.136934,1.771666,0.05076,0.101013,0.786818,0.806447,0.079479,0.641732,1,0.05076,0.101013,0.130279912052679,0.192212301587302,0,0.0798882681564246,0.0122517616912236,-0.00634249471458579,26,10.873398462524,0.00798278341863844,224,306,2.7321,3,0.9469,1,5,0.161152,0.882634,0.636686,-0.7733,3.0394,0.010261,2,0.776786,0.812866,11,20.3636,6.5768,30,0.173701,0.064073,83,0.271242,0.728758,0.00817,0.037582,0.070261,3,7.3348,0.0171,1,11.988469,17.772809,17.847452,23.310895,42.663406,2.616403,2.756951,2.434809,2.375762,2.249695,2.445646,NA,NA,NA,NA,NA,0.098785,0.008671,0.344158,0,0.740362,0,0.856467,0.001371,0.571157,0,0.098785,0.049107,0.344158,0.084821,0.170616,0.013393,-0.128906,0.089385,4785953.98,2594.8,1844.44,1.4068,306,141.9225,88.8448,142.7841,6.1163,916.8996,43428.27,3.447887,0.962151,0.062053,46.8036,63.9371,9074.11,56.2601,43.9722,0.187359,3.469458,0.16727,1.965868,0.003242,1.21956,5.192322,0.960266,317.967445,758.396619,379.253816,0,0,1.683473,2.834081,0.938911,1.5009180998611200
myanmar03,494,509,2.0607,1,7,1,1,0.755,2.505,50,0.101215,TRUE,1,1,1,50,25,0.009454,0.004723,0,0.036468,0.333333,0,485,0.981781,197,0.398785,386,0.75835,390,71,2.2641,3.6314,0.00418,0.002028,0.002623,0.002028,0.014199,0.627431,0.051631,0.05103,0.009585,0.03226,0.074561,0.105899,0.185643,0.038766,0,0.071599,0,0.371828,0.785895,1.846956,0.023226,7.2E-05,0.104496,0,1,0.942143,4.499182,0.002024,0.0012,0.001127,0.000983,0.006955,0.289399,0.556797,0.073591,0.072593,0.013016,0.045697,0.105311,0.100912,0.176871,2.538463,1.755264,1.07273,1.64145,7.230383,0.217626,0.42259,1.286527,1.165083,0.167003,1.13663,1.8595,0.068411,0.129809,0.691867,0.626557,0.089811,0.611256,1,0.068411,0.129809,0.0735909405625651,0.0182186234817814,0,0.0108024691358025,0.00417997717026221,-0.432243060700931,50,20.0727841604323,0.00129918792363717,494,509,2.0607,1,1.293,1,7,0.318979,1.062007,0.592717,0.7527,2.4949,0.01006,2,0.230769,0.896716,21,23.5238,7.3323,39,0.170619,0.131454,16,0.031434,0.968566,0.006876,0.028487,0.053045,5,10.3354,0.0173,1,23.416666,36.037802,36.3798,48.344,98.984452,4.468573,4.302259,4.229563,4.195367,4.655949,4.456624,5.206105,NA,NA,NA,NA,-0.058802,0.972779,0.271203,0,0.93672,0,1.077678,0.992761,0.725862,0,-0.058802,0.020243,0.271203,0.091093,0.136519,0.020243,0.0957,0.097222,4329614.59,2431.41,1780.7,1.3654,509,64.8062,49.194,52.1153,6.6753,471.5399,32986.38,3.520859,0.982514,0.101278,114.0979,117.5624,7618.78,35.0451,23.5407,0.016277,3.022631,0.050745,1.999679,0.000646,0.931559,5.962831,0.961668,549.191356,1254.000776,822.179167,0,0,1.436979,2.064909,0.945543,1.6153800489975200
myanmar11,276,290,2.1014,1,5,1,1,0.3966,1.7441,26,0.094203,TRUE,1,1,1,48,24,0.011742,0.007246,0,0.048698,0.333333,0,270,0.978261,112,0.405797,199,0.686207,202,74,2.3614,5.066,0.007642,0.003636,0.004337,0.003636,0.018182,0.567534,0.060131,0.061549,0.011581,0.03366,0.083867,0.108849,0.192601,0.059706,0,0.110676,0,0.485806,0.775887,1.853689,0.070736,0.00322,0.14877,0,1,0.8052,2.103185,0.003623,0.002175,0.001815,0.001824,0.008618,0.26796,0.501054,0.094314,0.093682,0.018095,0.053873,0.144301,0.108702,0.191859,2.56047,1.755129,0.985653,1.64145,5.176995,0.20391,0.38495,1.289238,1.164511,0.155079,1.136632,1.645227,0.064273,0.120287,0.783624,0.707812,0.09426,0.690867,1,0.064273,0.120287,0.0943137940181156,0.0217391304347826,0,0.0149253731343284,0.00764163372859025,-0.408067585758716,48,17.3593412384717,0.00136767039596118,276,290,2.1014,1,1.1926,1,5,0.293641,1.004958,0.724924,0.3944,1.7315,0.010617,2,0.311594,0.861552,16,17.25,3.7148,27,0.109149,0.126818,15,0.051724,0.948276,0.008621,0.043103,0.077586,3,6.1075,0.0364,1,16.205769,26.94949,30.175955,41.7223,83.632447,4.269341,4.171528,3.953159,4.031198,3.758032,4.121347,NA,NA,NA,NA,NA,-0.02111,0.673089,0.263547,0,0.92179,0,1.026856,0.744073,0.727593,0,-0.02111,0,0.263547,0.119565,0.175743,0,-0.05035,0.104478,4203917.59,2309.24,1820.47,1.2685,290,82.1909,60.2754,75.1359,4.0248,616.7625,23835.35,3.506511,0.97851,0.071765,65.653,68.9833,5669.79,46.0842,35.536,0.027422,2.874725,0.082975,1.998705,0.000672,0.940191,5.375167,0.956985,319.004804,706.689703,453.360798,0,0,1.45727,2.123636,0.985751,1.5483564826270400
myanmar12,484,551,2.2769,3,6,1,1,0.2507,1.7168,71,0.146694,TRUE,1,1,1,44,23,0.00553,0.002755,0,0.026125,0.333333,0,478,0.987603,175,0.36157,273,0.495463,274,211,2.7628,12.6262,0.004714,0.006211,0.002602,0.00207,0.012422,0.551981,0.06878,0.070301,0.012536,0.037424,0.096139,0.102895,0.182266,0.029275,0.008273,0.049366,0,0.28664,0.739785,1.686297,0.063008,0.005838,0.156031,0,1,0.830314,2.47638,0.002066,0.002277,0.000988,0.000903,0.005572,0.260267,0.477964,0.093784,0.094684,0.018454,0.047281,0.144831,0.110834,0.196774,2.745764,3.137611,1.101089,1.64145,6.309073,0.216767,0.401014,1.323051,1.39239,0.175822,1.13663,1.797158,0.072558,0.132891,0.736191,0.774773,0.097833,0.63246,1,0.072558,0.132891,0.0937835515959491,0.012396694214876,0,0.00510855683269476,0.00471399483257191,-0.23537649115951,44,15.1104238317677,0.00338602484954787,484,551,2.2769,3,1.2568,1,6,0.292174,1.105259,0.686736,0.2499,1.7097,0.00774,2,0.43595,0.855552,20,24.2,9.401,43,0.213636,0.105269,68,0.123412,0.876588,0.005445,0.023593,0.046279,4,9.5175,0.0159,1,16.779565,24.849625,26.3251,34.28934,80.712982,3.267049,3.26086,3.121247,2.945642,2.881059,3.00467,3.630421,NA,NA,NA,NA,-0.029838,0.823294,0.250746,0,0.894224,0,1.032891,0.855642,0.724265,0,-0.029838,0.045455,0.250746,0.076446,0.058534,0.020661,0.076364,0.084291,4322000.26,2484.51,1739.58,1.4282,551,62.7433,42.7489,60.921,3.0861,566.8325,34571.56,3.268665,0.912138,0.428853,111.9852,127.4873,7998.97,29.6963,22.9469,0.070613,3.386617,0.121985,1.996738,0.001618,1.010059,5.950439,0.962852,585.379695,1328.949898,827.618154,0,0,1.510488,2.281573,0.948395,1.5758761828394400
myanmar13,353,391,2.2153,3,6,1,1,0.396,1.906,49,0.13881,TRUE,1,1,1,40,20,0.007895,0.004249,0,0.034141,0.333333,0,347,0.983003,128,0.362606,235,0.601023,237,114,2.4852,7.277,0.006293,0.008523,0.003614,0.002841,0.017045,0.574243,0.069516,0.069758,0.014494,0.040722,0.1052,0.119461,0.2085,0.040101,0.006167,0.072605,0,0.389015,0.761313,1.810551,0.057088,0.006148,0.142339,0,1,0.827292,2.493304,0.002833,0.003037,0.001422,0.001311,0.007742,0.271532,0.50211,0.097973,0.097201,0.019709,0.055363,0.146672,0.11492,0.20117,2.687371,3.026016,1.087896,1.64145,6.193543,0.217471,0.404818,1.312432,1.366496,0.172727,1.13663,1.782989,0.071587,0.131608,0.736086,0.766408,0.096875,0.637486,1,0.071587,0.131608,0.0979725373785335,0.0169971671388102,0,0.00833333333333333,0.00629345866597991,-0.342714932943449,40,15.075392737574,0.00303094161867976,353,391,2.2153,3,1.2721,1,6,0.301356,1.097865,0.682142,0.3943,1.8952,0.010813,2,0.339943,0.855862,15,23.5333,7.5675,38,0.17526,0.116716,39,0.099744,0.900256,0.007673,0.034527,0.065217,4,8.898,0.0087,1,15.754888,24.372271,26.070594,35.016322,75.175139,3.62529,3.401891,3.26303,3.077914,3.056842,3.813918,3.623649,NA,NA,NA,NA,-0.027153,0.757795,0.267614,0,0.896654,0,1.042878,0.880759,0.691956,0,-0.027153,0.025496,0.267614,0.05949,0.147658,0.025496,0.086998,0.088889,4313238.26,2491.47,1731.2,1.4392,391,60.8935,40.4674,71.9559,4.364,774.6333,23809.37,3.508298,0.979009,0.073829,81.8411,90.6511,5520.07,32.0409,53.7088,0.055635,3.158989,0.038285,1.997971,0.001458,0.988564,5.633341,0.960726,413.670925,948.642135,601.517019,0,0,1.4905,2.221591,0.972587,1.5228587842460100
myanmar14,577,717,2.4853,3,5,1,3,-0.2689,1.7612,81,0.140381,TRUE,1,1,1,41,23,0.004193,0.003466,0,0.033843,0.333333,0,571,0.989601,162,0.280763,227,0.316597,228,350,3.5263,23.0469,0.004315,0.005208,0.001957,0.001736,0.008681,0.453636,0.060937,0.060415,0.010044,0.038764,0.081494,0.094415,0.164824,0.027616,0.011807,0.037352,0,0.217332,0.660245,1.352521,0.045393,7.3E-05,0.14321,0,1,0.902012,3.154894,0.001733,0.001927,0.00068,0.000754,0.00432,0.214078,0.392255,0.083953,0.08447,0.013655,0.050974,0.112443,0.093171,0.162649,2.944482,3.212839,1.02032,1.641451,5.245612,0.18871,0.34652,1.354583,1.413785,0.161389,1.13667,1.68234,0.064642,0.119143,0.805178,0.840368,0.095931,0.675648,1,0.064642,0.119143,0.0839533572485407,0.0103986135181976,0,0.00523560209424084,0.00431470248411323,-0.191200902471541,41,16.8794470922396,0.00370311679145502,577,717,2.4853,3,1.1274,1,5,0.235716,1.032723,0.744952,-0.2682,1.7551,0.004381,2,0.606586,0.860209,20,28.85,10.2663,53,0.194367,0.074156,141,0.196653,0.803347,0.003487,0.017434,0.032078,3,6.3154,0.0449,1,17.924813,26.831703,27.371248,36.203257,68.161042,3.235275,3.629482,3.110249,3.019759,3.108073,NA,4.645803,NA,NA,NA,NA,0.10536,5.3E-05,0.343507,0,0.907963,0,0.882368,1.8E-05,0.616774,0,0.10536,0.053726,0.343507,0.083189,0.080884,0.038128,-0.008775,0.081152,4339960.7,2357.27,1841.09,1.2804,717,73.0183,48.9957,61.6151,4.8237,495.7432,52354.12,3.224971,0.899945,0.50797,132.9505,165.2089,12063.27,36.4907,26.731,0.122715,3.486596,0.05559,1.996003,0.001594,1.079933,6.135477,0.965288,743.999368,1698.965871,978.77739,0,0,1.577841,2.489583,0.989177,1.6299963809741400
myanmar15,577,752,2.6066,3,5,1,3,-0.2957,1.5821,153,0.265165,TRUE,1,1,1,53,27,0.009146,0.006644,0,0.042855,0.333333,0,562,0.974003,171,0.29636,264,0.351064,269,293,3.1413,17.7508,0.004525,0.005208,0.002126,0.001736,0.008681,0.469783,0.061186,0.0625,0.012999,0.031018,0.088344,0.120886,0.212443,0.02821,0.008251,0.0449,0,0.249424,0.707978,1.591629,0.092565,0.005604,0.191057,0,1,0.810691,2.064022,0.001733,0.001875,0.000688,0.000717,0.004086,0.219934,0.396726,0.085496,0.087247,0.019199,0.041509,0.12421,0.128711,0.224557,3.149344,3.278218,1.203756,1.64145,5.567703,0.214174,0.382224,1.382918,1.421246,0.186426,1.136633,1.676137,0.075212,0.134807,0.825063,0.84793,0.111224,0.678127,1,0.075212,0.134807,0.0854963675273676,0.0259965337954939,0,0.0100349040139616,0.00452532254958598,-0.031321889930985,53,17.2207057577508,0.00184738402266206,577,752,2.6066,3,1.2245,1,5,0.251256,1.127083,0.813019,-0.295,1.5766,0.00417,2,0.554593,0.849102,19,30.3684,9.6045,54,0.16802,0.068052,176,0.234043,0.765957,0.003324,0.016622,0.02992,3,4.9447,0.1336,1,18.194603,27.160387,28.996926,37.318758,97.813768,3.737838,3.823325,3.456889,3.079355,2.784796,4.012939,4.980831,NA,NA,NA,NA,0.141678,0,0.314029,0,0.928193,0,0.848364,0,0.654076,0,0.141678,0.046794,0.314029,0.067591,0.055388,0.036395,-0.086576,0.094241,4867672.27,2540.57,1915.98,1.326,752,71.9504,63.282,51.0173,3.2675,427.604,54106.72,3.084648,0.860787,0.545977,118.5372,154.4886,11115.52,42.9463,26.1429,0.153177,3.682408,0.08289,1.998715,0.000909,1.147194,6.142191,0.966345,755.832064,1817.171385,1018.862616,0,0,1.615893,2.611111,0.974841,1.6089110549083000
nara01,924,1200,2.5974,3,5,1,3,-0.5409,2.1089,124,0.134199,TRUE,1,1,1,46,24,0.028786,0.02197,0,0.080204,0.333333,0,856,0.926407,248,0.268398,289,0.240833,294,618,4.1395,35.9264,0.002814,0.00325,0.001136,0.001083,0.005417,0.403579,0.056846,0.055735,0.00882,0.038152,0.078943,0.088446,0.155161,0.018456,0.006279,0.028755,0,0.181366,0.696192,1.558047,0.024493,0.00058,0.082395,0,1,0.883662,3.363953,0.001082,0.001168,0.000363,0.00047,0.002244,0.18508,0.33576,0.075775,0.075552,0.01127,0.047531,0.104405,0.084758,0.148732,3.089955,3.263591,1.023119,1.64145,7.181093,0.178256,0.331111,1.372479,1.424874,0.154276,1.13663,1.766586,0.059787,0.112407,0.77691,0.806569,0.08733,0.643405,1,0.059787,0.112407,0.075774925428135,0.0735930735930736,0,0.0302985074626866,0.00281408732112957,-0.0177555424759675,46,18.0162067978969,0.00341102045411162,924,1200,2.5974,3,1.0483,1,5,0.202511,0.971141,0.70053,-0.54,2.1044,0.002609,2,0.691558,0.874615,21,44,15.8651,79,0.19697,0.038438,277,0.230833,0.769167,0.002083,0.010417,0.019167,3,6.7799,0.0355,1,20.908519,31.01955,31.561444,41.572063,79.297395,3.439816,3.431989,3.385925,3.274035,3.120764,3.103614,NA,NA,NA,NA,NA,0.003611,0.414697,0.234717,0,0.897674,0,0.990439,0.338176,0.658015,0,0.003611,0.060606,0.234717,0.061688,-0.017041,0.014069,-0.170021,0.067164,6097309.77,2508.99,2430.18,1.0324,1200,70.0474,51.6022,56.6149,3.0896,427.5365,84056.85,2.722106,0.759618,0.716787,151.5422,196.8081,13785.89,47.7584,32.2953,0.150298,3.353555,0.04727,1.987585,0.001344,1.128157,6.607043,0.967692,1251.62217,2855.11842,1556.323781,0,0,1.620561,2.626219,0.948549,1.6385548439658600
netherlands04,562,692,2.4626,3,8,1,3,0.3235,4.2306,50,0.088968,TRUE,1,1,1,33,18,0.02414,0.016192,0,0.068605,0.333333,0,530,0.94306,165,0.293594,217,0.313584,221,339,3.5385,22.6687,0.00439,0.005348,0.002069,0.001783,0.01426,0.471301,0.067608,0.065988,0.01019,0.048812,0.093891,0.085136,0.150726,0.025208,0.008067,0.042576,0,0.263694,0.715234,1.688961,0.037905,0.000492,0.13186,0,1,0.90805,3.47869,0.001779,0.00194,0.000753,0.000784,0.00654,0.21615,0.423133,0.088969,0.087833,0.013345,0.061549,0.122487,0.085702,0.149999,2.949744,3.208688,1.112793,1.64145,9.135296,0.194324,0.377251,1.349386,1.40231,0.161216,1.136634,2.066332,0.063027,0.119473,NA,NA,NA,NA,NA,NA,NA,0.0889688076550004,0.0622775800711744,0,0.0246612466124661,0.00438972094823047,-0.282987003451061,33,15.1166067203329,0.00492592251698586,562,692,2.4626,3,1.1606,1,8,0.233621,0.987391,0.507419,0.3226,4.2156,0.009906,2,0.629893,0.873952,19,29.5789,9.1306,49,0.169133,0.073554,131,0.189306,0.810694,0.00578,0.026012,0.043353,3,6.9153,0.0146,1,17.738594,25.586591,25.362256,33.096366,56.156689,2.962393,2.97915,2.90123,2.857292,2.896984,3.218573,3.236376,3.202739,3.26849,3.410232,NA,0.008733,0.353176,0.276549,0,0.822322,0,1.01065,0.631419,0.613671,0,0.008733,0.05694,0.276549,0.060498,0.000361,0.014235,-0.128682,0.051491,5914351.89,2612.15,2264.17,1.1537,692,83.7957,65.4584,71.6457,0,669.533,57986.62,3.058057,0.853367,0.587782,95.0231,117.0035,9804.39,42.5484,33.8492,0.117069,3.377263,0.088164,1.990039,0.002005,1.086468,6.106311,0.964705,723.714414,1665.649011,952.81926,0.005338,0,1.575766,2.483037,0.955257,1.5958754924001300
new-zealand02,602,653,2.1694,3,5,1,3,0.0875,1.5397,38,0.063123,TRUE,1,1,1,43,22,0.018601,0.010244,0,0.055534,0.333333,0,581,0.965116,253,0.420266,337,0.51608,342,250,2.7573,13.4148,0.00361,0.004992,0.001845,0.001664,0.008319,0.51104,0.053911,0.053501,0.008798,0.037352,0.076943,0.09291,0.163195,0.030072,0.006622,0.058654,0,0.464766,0.760072,1.950472,0.031964,5E-06,0.109629,0,1,0.908005,3.429766,0.001661,0.001976,0.000735,0.000791,0.004031,0.238975,0.442261,0.074141,0.073856,0.012415,0.048139,0.109601,0.095227,0.167451,2.603426,3.137612,0.927244,1.64145,5.244355,0.188797,0.356163,1.297916,1.392443,0.148849,1.13663,1.656209,0.061091,0.114683,0.783667,0.840741,0.089873,0.686285,1,0.061091,0.114683,0.0741414722035131,0.0348837209302326,0,0.0188008130081301,0.00360970917794816,-0.270362975477398,43,19.042968253354,0.00159276690170996,602,653,2.1694,3,1.1087,1,5,0.26299,0.92645,0.668293,0.0873,1.5346,0.004725,2,0.448505,0.886427,21,28.6667,11.2309,58,0.208986,0.074831,52,0.079632,0.920368,0.003828,0.019142,0.034456,3,7.7163,0.012,1,20.568669,30.849625,31.405311,41.774438,73.513031,3.657045,3.808539,3.646077,3.504061,3.47218,3.546003,NA,NA,NA,NA,NA,-0.118129,0.999992,0.312917,0,0.90051,0,1.112918,0.999978,0.66994,0,-0.118129,0.009967,0.312917,0.064784,0.0706,0.001661,-0.006786,0.07622,4739058.82,2425.55,1953.81,1.2414,653,58.2251,38.2721,54.6026,3.3545,613.4782,38020.99,3.529839,0.98502,0.119374,127.0294,137.7911,8022.9,31.529,27.4099,0.043369,3.200061,0.237654,1.997997,0.000718,0.956828,6.152169,0.961488,729.370905,1567.262358,974.846301,0,0,1.476381,2.1797,0.918253,1.6196353610283400
new-zealand20,473,701,2.9641,3,6,1,3,-0.6713,3.4676,107,0.226216,TRUE,1,1,1,33,19,0.117722,0.104792,0,0.157055,1,0,307,0.649049,73,0.154334,97,0.138374,99,374,5.7677,37.3865,0.00628,0.006356,0.002101,0.002119,0.012712,0.334644,0.074753,0.073669,0.012421,0.048801,0.10201,0.095302,0.166155,0.027086,0.013408,0.036557,0,0.232243,0.621671,1.349669,0.043382,0.000812,0.115516,0,1,0.864897,2.662778,0.002114,0.00211,0.000565,0.000864,0.003857,0.145081,0.26713,0.101035,0.101393,0.016416,0.061765,0.134574,0.092899,0.16248,3.770112,3.752647,1.310201,1.64145,10.233271,0.182896,0.347523,1.443127,1.45091,0.157768,1.136631,1.98553,0.057398,0.109324,0.726822,0.730742,0.079459,0.572457,1,0.057398,0.109324,0.101035200430644,0.348925299506695,0,0.124539363484087,0.0062797864335113,0.0894654181328815,33,13.7573279105601,0.0077690780929185,473,701,2.9641,3,0.9919,1,6,0.163312,1.044244,0.648826,-0.6692,3.4529,0.006459,2,0.794926,0.841619,18,26.2778,7.9247,43,0.162908,0.069583,229,0.326676,0.673324,0.00428,0.019258,0.03709,4,10.6322,0.0032,1,16.638807,24.305483,24.747717,32.387998,55.139222,3.162077,2.993074,2.921679,2.827919,2.70664,2.747018,2.752628,2.950244,NA,NA,NA,0.182244,0,0.374831,0,0.863007,0,0.77411,0,0.57296,0,0.182244,0.099366,0.374831,0.109937,0.207286,0.044397,-0.072344,0.111111,5898129.23,2406.55,2450.87,1.0184,701,91.8164,76.6775,76.138,5.1435,491.6178,64363.31,3.435997,0.958833,0.047136,80.1949,118.8512,10912.5,41.6253,37.3374,0.243358,3.748633,0.054546,1.980222,0.002727,1.327105,5.954717,0.967149,689.368163,1783.263003,818.531627,0,0,1.735717,3.012712,0.961213,1.5538280560605000
okayama,1075,1741,3.2391,3,7,1,3,-1.0826,4.8827,421,0.391628,TRUE,1,1,1,51,26,0.030928,0.030587,0,0.091609,0.666667,0,954,0.887442,93,0.086512,100,0.057438,102,973,11.5294,96.1424,0.003016,0.002793,0.000802,0.000931,0.006518,0.266047,0.052203,0.051617,0.008729,0.033415,0.072085,0.095877,0.167214,0.017449,0.00641,0.029425,0,0.247483,0.671524,1.686343,0.055138,0.009618,0.131831,0,1,0.806233,2.390911,0.00093,0.000938,0.000199,0.00038,0.001769,0.111796,0.214291,0.072385,0.072491,0.010767,0.042199,0.097294,0.084957,0.148744,3.959291,3.759873,1.042676,1.641516,9.551438,0.1399,0.263349,1.496366,1.47131,0.140512,1.136957,2.096656,0.048666,0.093902,NA,NA,NA,NA,NA,NA,NA,0.0723846639212593,0.112919896640827,0,0.0335519922254616,0.00301589363821402,0.0838652648218082,51,19.7230626651076,0.00257753464871306,1075,1741,3.2391,3,0.8617,1,7,0.127415,0.974047,0.543626,-1.0811,4.8736,0.003508,2,0.908837,0.86861,20,53.75,16.5621,96,0.162651,0.025104,667,0.383113,0.616887,0.00201,0.008329,0.015508,4,16.0049,0.0057,1,24.346606,36.567291,37.519653,49.433663,95.687896,4.221249,3.969389,4.003229,3.725557,3.597406,3.546159,3.608576,3.41112,NA,NA,NA,0.169821,0,0.325772,0,0.957645,0,0.796065,0,0.670766,0,0.169821,0.058605,0.325772,0.070698,0.100355,0.014884,-0.00258,0.068367,5532353.6,2779.96,1990.08,1.3969,1741,68.4814,57.177,45.8911,0,413.4548,119226.07,2.331419,0.650595,0.809916,194.3115,314.6943,21550.7,47.2928,28.5411,0.310956,3.707921,0.004302,1.970382,0.000852,1.376681,6.798187,0.974072,1622.400944,4258.859662,1826.318678,0.00093,0,1.805485,3.259776,0.980397,1.6127617928550000
peru13,612,940,3.0719,3,5,1,3,-0.916,3.1764,208,0.339869,TRUE,1,1,1,42,21,0.034574,0.028214,0,0.087202,0.666667,0,544,0.888889,90,0.147059,120,0.12766,121,492,6.0496,44.5455,0.005028,0.00491,0.00166,0.001637,0.008183,0.330249,0.064988,0.064513,0.010438,0.039534,0.088193,0.091818,0.16062,0.024274,0.014065,0.030419,0,0.177954,0.588352,1.253149,0.041207,0.002482,0.118834,0,1,0.869058,2.883837,0.001634,0.001645,0.00044,0.000716,0.003044,0.146862,0.269391,0.090483,0.092727,0.014065,0.049376,0.118096,0.087363,0.155441,3.749583,3.610953,1.181376,1.641451,7.874005,0.171964,0.315069,1.466066,1.460322,0.165638,1.136654,1.832049,0.060672,0.112982,NA,NA,NA,NA,NA,NA,NA,0.0904830433094024,0.112903957879448,0,0.0334625322997416,0.00502765208647562,0.145512086728167,42,15.8072323310121,0.00751268776537948,612,940,3.0719,3,1.0145,1,5,0.165853,1.082042,0.780528,-0.9137,3.166,0.003166,2,0.80719,0.836467,15,40.8,15.9159,71,0.213943,0.040696,329,0.35,0.65,0.00266,0.013298,0.026596,3,4.8478,0.1361,1,18.606083,27.949481,28.490593,37.74535,77.8075,3.752689,3.640932,3.129112,3.060707,3.035046,3.113741,2.972727,NA,NA,NA,NA,0.362551,0,0.392861,0,0.92974,0,0.599532,0,0.621837,0,0.362551,0.109477,0.392861,0.109477,0.082597,0.014706,0.016074,0.106589,6252179.33,2679.62,2333.24,1.1485,940,93.1051,91.735,60.3082,0,588.6241,87518.76,2.852815,0.796093,0.489603,97.8859,150.3476,13998.12,49.0908,38.5986,0.269893,3.705316,0.052145,1.991807,0.002641,1.323961,6.223796,0.97018,890.423166,2300.067491,1061.315576,0.003268,0,1.75318,3.073639,0.966674,1.6017001335900500
peru17,701,992,2.8302,3,5,1,3,-0.9136,3.0286,133,0.189729,TRUE,1,1,1,47,24,0.058168,0.051878,0,0.133708,1,0,592,0.844508,138,0.196862,151,0.152218,158,535,5.4304,42.4005,0.004043,0.004286,0.001358,0.001429,0.007143,0.335939,0.057336,0.057078,0.010098,0.036264,0.083923,0.100339,0.176124,0.024314,0.007341,0.043339,0,0.343185,0.708994,1.782453,0.043865,0.000151,0.128749,0,1,0.880754,2.935138,0.001427,0.001446,0.000392,0.000627,0.002678,0.149234,0.274892,0.080687,0.081524,0.013069,0.047664,0.113617,0.092375,0.161972,3.45872,3.427703,1.088655,1.641451,7.928225,0.169607,0.314757,1.412863,1.434038,0.146351,1.136658,1.789584,0.053832,0.103584,NA,NA,NA,NA,NA,NA,NA,0.0806871450878744,0.155967665240133,0,0.0636894337419732,0.00404320358671286,0.0690863967736893,47,17.9956307316079,0.00205019041950339,701,992,2.8302,3,0.9508,1,5,0.161417,0.936424,0.675487,-0.9117,3.0199,0.003109,2,0.794579,0.86478,17,41.2353,17.013,79,0.224721,0.034389,292,0.294355,0.705645,0.00252,0.011089,0.021169,3,6.3329,0.0537,1,19.779565,30.016128,30.986363,41.183363,79.407524,3.848485,3.726467,3.428717,3.264952,3.28139,3.647748,NA,NA,NA,NA,NA,0.206084,0,0.495389,0,0.939753,0,0.732402,0,0.5475,0,0.206084,0.025678,0.495389,0.065621,0.147925,0.002853,0.06571,0.066784,6427493.01,2692.95,2386.78,1.1283,992,86.3905,73.9244,64.0355,0,396.5296,85699.36,3.446665,0.96181,0.027673,109.0627,154.337,13333.25,52.8603,36.4061,0.209019,3.493484,0.033435,1.986378,0.000753,1.243062,6.338321,0.967523,1010.463441,2429.813411,1192.798834,0.002853,0,1.706288,2.91142,0.932413,1.5775038507245800
peru19,1019,1598,3.1364,3,6,1,3,-1.1101,4.3979,328,0.321884,TRUE,1,1,1,49,26,0.0376,0.03667,0,0.098092,0.333333,0,883,0.866536,99,0.097154,113,0.070713,116,904,9.7759,83.7486,0.003081,0.002947,0.000848,0.000982,0.005894,0.275131,0.053777,0.053259,0.007825,0.036446,0.072928,0.083151,0.145508,0.017699,0.00884,0.023857,0,0.185806,0.609214,1.347958,0.019672,8.4E-05,0.075259,0,1,0.916902,3.825715,0.000981,0.000977,0.000214,0.000395,0.001722,0.112964,0.218041,0.073747,0.074475,0.009915,0.047417,0.09498,0.076348,0.134451,3.820501,3.599603,1.094577,1.641568,12.636732,0.149614,0.286501,1.474271,1.451599,0.143345,1.136964,2.063636,0.050588,0.097231,NA,NA,NA,NA,NA,NA,NA,0.0737465837485099,0.133791298658816,0,0.0408378870673953,0.003080951123159,0.199690835517865,49,18.9998322636122,0.00502945721244601,1019,1598,3.1364,3,0.8629,1,6,0.131202,0.958311,0.595432,-1.1085,4.3893,0.002818,2,0.893032,0.859849,24,42.4583,17.4206,75,0.230168,0.035621,580,0.362954,0.637046,0.001877,0.008135,0.015332,4,16.6127,0.0017,1,22.627562,33.481436,34.012961,44.52804,86.740715,3.7663,3.777883,3.500943,3.471079,3.335104,3.495514,2.867547,2.935838,NA,NA,NA,0.238045,0,0.480038,0,0.921988,0,0.743624,0,0.523494,0,0.238045,0.164868,0.480038,0.078508,0.055649,0.089303,0.003784,0.078689,6322896.86,2521.25,2507.84,1.0053,1598,75.3114,70.2142,52.1211,0,350.3638,120347.6,3.197158,0.892184,0.385501,161.1603,252.7323,19033.62,51.7022,34.054,0.285293,3.974862,0.214167,1.979143,0.001624,1.341073,6.73696,0.972763,1521.761953,3895.78168,1725.447664,0.000981,0,1.779329,3.166011,0.952968,1.658621947995370
peru24,1031,1492,2.8943,3,5,1,3,-1.1008,3.8111,185,0.179437,TRUE,1,1,1,50,26,0.011215,0.008923,0,0.05082,0.333333,0,997,0.967022,148,0.14355,169,0.113271,173,854,6.9538,64.7745,0.00281,0.002913,0.000844,0.000971,0.004854,0.300182,0.053789,0.05281,0.009016,0.029141,0.075414,0.095596,0.167626,0.017643,0.005509,0.032491,0,0.25756,0.710026,1.84165,0.03673,0.001023,0.09988,0,1,0.849486,2.719298,0.00097,0.000971,0.000242,0.000426,0.001841,0.131749,0.24926,0.072146,0.072792,0.011701,0.035366,0.102278,0.091667,0.162188,3.381319,3.416414,0.865118,1.641451,6.736336,0.130256,0.255852,1.423266,1.439581,0.132098,1.136661,1.794703,0.046169,0.092813,0.793037,0.802128,0.073604,0.633343,1,0.046169,0.092813,0.0721455298488377,0.0326543808600065,0,0.0104308390022676,0.00280997805881744,0.0371572289558987,50,19.1541532869398,0.0029779870834022,1031,1492,2.8943,3,0.8688,1,5,0.137403,0.865773,0.624524,-1.0992,3.8037,0.002048,2,0.845781,0.881275,22,46.8636,12.9515,73,0.1525,0.029302,462,0.309651,0.690349,0.001676,0.007373,0.014075,3,6.6162,0.0453,1,22.509775,32.552375,33.6563,43.704179,89.35149,3.979287,3.884105,3.500824,3.373106,3.256913,3.57455,NA,NA,NA,NA,NA,0.26264,0,0.283173,0,0.922073,0,0.703358,0,0.737649,0,0.26264,0.133851,0.283173,0.089234,0.173582,0.032978,0.055096,0.087302,6443886.49,2578.04,2499.53,1.0314,1492,80.0984,53.5992,63.2531,4.0697,487.6666,119506.82,3.045842,0.849958,0.28013,159.9966,231.5373,18545.77,52.8573,26.3804,0.224599,3.425569,0.055391,1.991061,0.001152,1.218266,6.737321,0.971171,1476.294229,3486.139488,1692.885417,0,0,1.703224,2.900971,0.946232,1.6320310891065800
philippines20,325,397,2.4431,3,4,1,1,-0.1354,1.3852,75,0.230769,TRUE,1,1,1,36,18,0,0,0,0,0,0,325,1,111,0.341538,155,0.390428,156,170,3.0769,13.4508,0.00754,0.009259,0.003781,0.003086,0.012346,0.501414,0.081453,0.081387,0.014318,0.046505,0.109349,0.100422,0.175781,0.036204,0.015654,0.047843,0,0.242781,0.654635,1.321465,0.098832,0.007154,0.206232,0,1,0.806906,2.08668,0.003077,0.003429,0.001278,0.001324,0.005956,0.231362,0.415275,0.112725,0.110966,0.02078,0.061824,0.150523,0.105556,0.184344,2.9381,3.154901,1.166056,1.64145,5.194812,0.219148,0.396874,1.352634,1.402221,0.184473,1.13665,1.664758,0.075609,0.136381,0.812511,0.842297,0.110811,0.682772,1,0.075609,0.136381,0.112724964906798,0,0,0,0.00754036087369421,-0.000541388194002096,36,12.6940360873694,0.00514041931835243,325,397,2.4431,3,1.225,1,4,0.268095,1.073173,0.976844,-0.1348,1.3767,0.004835,2,0.523077,0.808028,14,23.2143,9.2085,40,0.216923,0.075967,73,0.183879,0.816121,0.005038,0.025189,0.050378,1,1.847,0.3099,1,13.287712,19.847292,21.339527,27.908744,64.380656,2.832843,3.188002,2.763017,2.504759,2.474251,NA,NA,NA,NA,NA,NA,0.070758,0.022017,0.157491,5E-06,0.878204,0,0.917577,0.013435,0.796509,2E-06,0.070758,0.089231,0.157491,0.052308,0.040618,0.076923,-0.074481,0.06599,5896821.33,2546.35,2315.79,1.0996,397,88.0875,80.0818,68.2825,6.7045,704.5566,34970.74,3.063914,0.855002,0.293625,55.1144,67.3244,5930.44,48.2132,36.6221,0.113178,3.675625,0.287476,1.995823,0.002371,1.077763,5.555877,0.961101,411.010481,954.882645,563.886376,0,0,1.565445,2.450617,0.99302,1.557350652168660
philippines22,673,704,2.0921,1,6,1,1,0.6136,2.3403,61,0.090639,TRUE,1,1,1,60,30,0.006993,0.00421,0,0.036692,0.333333,0,664,0.986627,272,0.40416,427,0.606534,432,210,2.5556,10.0602,0.003113,0.001488,0.001848,0.001488,0.008929,0.593565,0.041287,0.04055,0.007151,0.027471,0.05847,0.098752,0.173195,0.035697,0,0.068794,0,0.444854,0.788708,1.92716,0.01421,7E-06,0.080914,0,1,0.962874,5.694091,0.001486,0.000876,0.000782,0.000739,0.004441,0.276453,0.52651,0.061931,0.062094,0.008961,0.039969,0.087666,0.08231,0.144687,2.549669,1.809347,1.013528,1.64145,6.33084,0.207331,0.397514,1.289518,1.172985,0.160181,1.13663,1.79821,0.066032,0.124218,0.717112,0.652307,0.089078,0.63209,1,0.066032,0.124218,0.0619310001995235,0.0133729569093611,0,0.0089662447257384,0.00311328097360787,-0.436379430654647,60,24.9528054906955,0.000671482625819759,673,704,2.0921,1,1.2418,1,6,0.304292,1.035349,0.643299,0.6123,2.3334,0.005833,2,0.380386,0.907029,25,26.92,7.5328,48,0.150015,0.098564,32,0.045455,0.954545,0.004261,0.021307,0.039773,4,7.3369,0.0219,1,27.078444,42.926441,44.966154,61.477187,111.895481,5.107348,5.169687,4.938313,5.35124,5.093613,5.267197,5.1619,NA,NA,NA,5.551526,-0.139586,1,0.176364,0,0.95285,0,1.167219,1,0.836685,2E-06,-0.139586,0.002972,0.176364,0.087667,0.193621,0.002972,-0.008271,0.091772,6283210.71,2492.82,2520.53,1.0111,704,65.8883,48.5531,50.786,6.2115,329.4641,46385.33,3.468746,0.967972,0.291487,107.1108,112.0446,7382.43,43.8686,29.9422,0.023863,2.952869,0.032106,1.998628,0.000321,0.935964,6.271538,0.963332,762.463938,1715.927293,1109.56464,0,0,1.447494,2.095238,0.987063,1.6487769697244200
philippines25,449,556,2.4766,3,4,1,3,-0.4921,1.778,47,0.104677,TRUE,1,1,1,42,21,0.028302,0.020045,0,0.076953,0.333333,0,419,0.933185,145,0.32294,194,0.348921,201,138,3.2289,10.7725,0.005528,0.006696,0.00233,0.002232,0.008929,0.421419,0.060623,0.05887,0.011338,0.038577,0.091261,0.106209,0.18703,0.035955,0.008919,0.069413,0,0.52328,0.750367,1.930527,0.042363,1E-06,0.140667,0,1,0.920515,3.320514,0.002227,0.002372,0.00079,0.000959,0.00425,0.198584,0.354598,0.084806,0.08328,0.014252,0.054694,0.12275,0.095061,0.168055,2.962657,3.23011,0.987939,1.64145,6.336744,0.180548,0.333464,1.349805,1.409999,0.150555,1.13663,1.630556,0.059419,0.111538,0.827819,0.864735,0.092334,0.697081,1,0.059419,0.111538,0.0848062999600712,0.066815144766147,0,0.0292207792207792,0.00552815781100859,-0.0590629789167826,42,17.0720052497614,0.00152881837384669,449,556,2.4766,3,1.0437,1,4,0.211802,0.915326,0.833166,-0.4905,1.7701,0.003416,2,0.599109,0.871959,18,24.9444,8.9012,43,0.192898,0.061753,108,0.194245,0.805755,0.003597,0.017986,0.035971,1,1.8085,0.3735,1,18.586591,27.849625,27.975181,36.681328,69.792193,3.35311,3.394589,3.373875,3.438774,3.4301,NA,NA,NA,NA,NA,NA,0.113145,0.000105,0.32126,0,0.881873,0,0.853875,3E-06,0.612377,0,0.113145,0.051225,0.32126,0.057906,0.153158,0.044543,-0.074492,0.074675,6868400.24,2691.77,2551.63,1.0549,556,77.3607,48.9918,78.3169,3.6921,764.5931,43012.56,3.50312,0.977564,0.159131,65.3718,80.9504,6262.38,37.0807,29.4147,0.120941,3.275495,0.064081,1.997173,0.000574,1.086087,5.87535,0.962416,584.164732,1330.233076,742.680938,0,0,1.578313,2.491071,0.983017,1.5221382325644700
philippines30,254,274,2.1575,1,7,1,1,0.7731,3.0267,22,0.086614,TRUE,1,1,1,44,22,0.011194,0.006562,0,0.043967,0.333333,0,248,0.976378,97,0.38189,193,0.70438,196,56,2.2908,3.8593,0.008528,0.003953,0.005199,0.003953,0.027668,0.609651,0.06185,0.060555,0.011496,0.034686,0.087543,0.105408,0.185866,0.062606,0,0.124126,0,0.559764,0.79776,1.982661,0.057549,0.000612,0.16281,0,1,0.884287,2.829052,0.003937,0.002369,0.002136,0.001831,0.012878,0.280881,0.542572,0.099671,0.100018,0.017612,0.05474,0.144926,0.100147,0.176699,2.658976,1.882478,1.158386,1.64145,7.608587,0.225174,0.435651,1.304173,1.192426,0.175784,1.13663,1.924264,0.071647,0.134786,0.677752,0.619679,0.091351,0.590683,1,0.071647,0.134786,0.0996705963225146,0.0236220472440945,0,0.013550135501355,0.00852759017771,-0.353290804856114,44,16.7766020354175,0.00112642879975692,254,274,2.1575,1,1.3153,1,7,0.310851,1.085624,0.605898,0.7686,3.0029,0.019292,2,0.283465,0.856252,15,16.9333,4.6363,25,0.148556,0.175857,21,0.076642,0.923358,0.012774,0.056569,0.10219,3,5.3611,0.0143,1,15.661778,26.960986,32.101352,47.207727,88.575494,4.607554,4.435886,4.215401,3.988669,4.09743,4.510898,4.349964,4.606224,3.268598,NA,4.582054,0.020598,0.274051,0.19458,0,0.909259,0,1.00158,0.514056,0.834219,0.001014,0.020598,0.03937,0.19458,0.110236,0.179113,0.03937,-0.039768,0.065041,5381064.43,2413.3,2229.75,1.0823,274,89.7546,61.0569,108.7899,4.4198,960.9097,24592.75,3.305594,0.922444,0.374849,47.2026,50.9193,4570.24,46.4144,56.8776,0.04175,3.256232,0.245161,1.998906,0.000543,0.977941,5.301608,0.958112,291.124793,675.379933,428.959237,0,0,1.471736,2.166008,0.960962,1.511438224660940
philippines34,406,419,2.064,3,5,1,1,0.1733,1.3861,22,0.054187,TRUE,1,1,1,47,24,0.004399,0.002463,0,0.028583,0.333333,0,403,0.992611,184,0.453202,297,0.708831,299,106,2.3545,6.0152,0.005096,0.007407,0.002683,0.002469,0.012346,0.526527,0.054823,0.054377,0.011182,0.035135,0.084147,0.116446,0.203959,0.044622,0.000759,0.080699,0,0.492071,0.767034,1.808503,0.052289,0.002954,0.137465,1E-06,1,0.848492,2.628939,0.002463,0.002845,0.001136,0.001226,0.005744,0.247378,0.461035,0.077914,0.076876,0.014953,0.048546,0.12345,0.108158,0.191921,2.472214,2.389665,0.848159,1.64145,4.985586,0.180061,0.343077,1.27844,1.264846,0.14087,1.13663,1.633919,0.058213,0.110189,NA,NA,NA,NA,NA,NA,NA,0.077913843545003,0.00985221674876847,0,0.00492610837438424,0.00509639360214073,-0.350305353931617,47,19.0272699629021,0.00143262549526001,406,419,2.064,3,1.0868,1,5,0.269319,0.880242,0.634961,0.1727,1.3793,0.007285,2,0.288177,0.89022,22,18.4545,4.3614,25,0.131661,0.109781,14,0.033413,0.966587,0.005967,0.02506,0.048926,3,8.3004,0.013,1,19.6797,30.697622,31.564317,42.436216,81.158515,4.051906,4.392551,3.923001,3.848921,3.775163,NA,NA,NA,NA,NA,NA,-0.063722,0.9698,0.233666,0,0.887259,0,1.059662,0.963704,0.74725,0,-0.063722,0.024631,0.233666,0.086207,0.146816,0.002463,0.046089,0.108374,6746311.45,2594.01,2600.73,1.0026,419,80.2798,54.3364,76.6801,0,582.0304,33637.24,3.320375,0.926568,0.41747,60.181,62.108,4986.02,40.8246,29.3659,0.017348,2.789261,0.074828,1.999231,0.000704,0.907718,5.749093,0.957562,475.889888,1006.335992,642.570702,0.002463,0,1.437588,2.066661,0.991567,1.565483373781420
romania06,225,317,2.8178,3,4,1,3,-0.8577,2.6922,49,0.217778,TRUE,1,1,1,32,16,0.088365,0.074074,0,0.132492,0.333333,0,168,0.746667,49,0.217778,50,0.157729,53,172,5.2264,23.3491,0.012579,0.013393,0.00444,0.004464,0.017857,0.352927,0.086694,0.086154,0.015293,0.055023,0.123484,0.100688,0.176406,0.048901,0.020554,0.072515,0,0.497966,0.648557,1.482896,0.087505,0.002771,0.20833,8E-06,1,0.846811,2.380789,0.004444,0.004618,0.001297,0.001919,0.007102,0.156315,0.291786,0.127643,0.128969,0.019846,0.077868,0.171792,0.088467,0.155483,3.454608,3.466212,1.114896,1.641509,7.024886,0.176054,0.322727,1.411565,1.432282,0.152757,1.137003,1.652818,0.056996,0.108218,NA,NA,NA,NA,NA,NA,NA,0.127643488057028,0.256296296296296,0,0.0931098696461825,0.0125793650793651,0.0621797242326599,32,11.9048412698413,0.00583483926444646,225,317,2.8178,3,0.9945,1,4,0.17402,0.968768,0.88181,-0.852,2.6683,0.005325,2,0.791111,0.803511,10,22.5,7.0435,32,0.167556,0.064801,93,0.293375,0.706625,0.006309,0.031546,0.063091,1,1.7106,0.442,1,12.228819,19.464894,20.214528,27.659984,50.537863,2.988346,2.900627,2.68785,2.718578,2.605852,NA,NA,NA,NA,NA,NA,0.143272,0.00038,0.438095,0,0.881971,0,0.806677,1.8E-05,0.595388,0,0.143272,0.031111,0.438095,0.097778,0.121304,0.008889,0.032539,0.111732,4158380.48,2248.04,1849.78,1.2153,317,120.661,95.252,97.9465,0,507.6442,38249.55,3.38286,0.944005,0.06728,54.1076,76.2316,9198.18,57.619,41.9539,0.208989,3.511043,0.095447,1.986848,0.002116,1.243076,5.205082,0.96183,319.528203,779.907975,385.105288,0.004444,0,1.686336,2.84373,0.913066,1.474852122049290
russia08,133,150,2.2556,3,5,1,3,-0.0711,1.5598,9,0.067669,TRUE,1,1,1,20,11,0.034615,0.022556,0,0.084042,0.333333,0,124,0.932331,48,0.360902,74,0.493333,75,59,2.76,6.5818,0.017088,0.022727,0.008323,0.007576,0.037879,0.487038,0.118538,0.117752,0.020445,0.07751,0.161369,0.098167,0.172478,0.058742,0.030187,0.074186,0,0.402327,0.633497,1.262903,0.225569,0.11588,0.247341,0.001287,1,0.560328,1.096523,0.007519,0.00829,0.003215,0.003657,0.01818,0.234182,0.42759,0.158262,0.154987,0.028164,0.101204,0.216075,0.101685,0.177956,2.747133,3.141178,1.007536,1.64145,5.140973,0.197445,0.366759,1.31203,1.394684,0.148479,1.136633,1.643451,0.060304,0.113167,0.798338,0.848631,0.090346,0.691614,1,0.060304,0.113167,0.158262327962772,0.0676691729323308,0,0.0384615384615385,0.0170881749829118,-0.25787761740191,20,8.69526087947141,0.0138451038246699,133,150,2.2556,3,1.0986,1,5,0.249173,0.927155,0.668801,-0.0703,1.5364,0.021108,2,0.443609,0.785044,12,11.0833,3.1467,19,0.139724,0.174574,18,0.12,0.88,0.016667,0.07,0.136667,3,7.8124,0.0126,1,9.169925,13.382076,13.797698,18.094738,32.416886,2.254188,2.621216,2.148065,2.108963,2.295891,3.044629,NA,NA,NA,NA,NA,0.102487,0.025159,0.191978,0.000149,0.736489,0,0.896333,0.035133,0.800341,0.001625,0.102487,0.075188,0.191978,0.067669,0.107075,0.015038,0.016081,0.076923,4810209.9,2382.85,2018.68,1.1804,150,174.2011,102.6692,176.5931,4.7735,829.8859,26130.16,2.67924,0.747656,0.568159,27.6495,31.1837,5432.23,80.0593,48.7327,0.068966,2.885914,0.018847,1.99573,0.006698,1.010558,4.643787,0.95105,166.177417,365.368752,220.574432,0,0,1.527525,2.333333,0.991322,1.458996212270430
sapporo,544,869,3.1949,3,5,1,4,-1.1361,3.4554,242,0.444853,TRUE,1,1,1,37,21,0.015264,0.011213,0,0.051287,0.333333,0,515,0.946691,73,0.134191,79,0.090909,80,465,7.7875,51.765,0.005884,0.005525,0.001852,0.001842,0.009208,0.314827,0.070303,0.071593,0.008541,0.048448,0.086232,0.069375,0.121491,0.024817,0.016981,0.026445,0,0.186127,0.536673,1.065598,0.127351,0.019214,0.217947,0,1,0.746539,1.711384,0.001838,0.001921,0.000467,0.000776,0.003649,0.135177,0.254275,0.099017,0.102371,0.011614,0.063608,0.120601,0.065437,0.117291,3.945146,3.784836,1.238416,1.64154,9.798918,0.170176,0.313909,1.493525,1.484555,0.165467,1.137145,1.866173,0.059127,0.110789,0.800314,0.795508,0.088666,0.609346,1,0.059127,0.110789,0.0990172269129811,0.0520833333333333,0,0.0130063965884861,0.00588370707398982,0.121862338414048,37,14.4507027949301,0.00975087872685178,544,869,3.1949,3,1.0058,1,5,0.156074,1.055652,0.761492,-1.1329,3.4427,0.003337,2,0.854779,0.807483,15,36.2667,12.5098,68,0.176716,0.042702,326,0.375144,0.624856,0.002877,0.014384,0.027043,3,4.4143,0.2001,1,17.382802,26.296449,27.271534,36.214835,72.953983,3.195512,3.258082,3.056147,3.059601,2.978578,3.135485,3.074732,NA,NA,NA,NA,0.369999,0,0.316603,0,0.909038,0,0.607787,0,0.631642,0,0.369999,0.106618,0.316603,0.064338,0.04314,0.016544,-0.043766,0.051173,4913213.74,2554.12,1923.64,1.3278,869,98.4293,70.9455,70.5498,5.4664,443.0744,85535.06,2.409355,0.672343,0.775185,110.7218,176.87,17409.19,41.1999,29.8288,0.301016,3.837759,0.043423,1.971368,0.003104,1.372486,6.116422,0.971306,808.077314,2146.159664,953.813162,0,0,1.795226,3.222836,0.982748,1.615944738828090
serbia02,391,571,2.9207,3,5,1,3,-0.7859,3.0557,91,0.232737,TRUE,1,1,1,33,19,0.05887,0.042626,0,0.105768,0.666667,0,329,0.841432,68,0.173913,75,0.131349,77,315,6.0649,35.6697,0.007489,0.007692,0.002559,0.002564,0.012821,0.341741,0.078035,0.078188,0.011837,0.049411,0.099388,0.086983,0.151685,0.031195,0.016322,0.041609,0,0.246852,0.610918,1.33384,0.057953,0.000545,0.150995,0,1,0.876605,2.605492,0.002558,0.002565,0.00072,0.001086,0.004895,0.153073,0.281366,0.108803,0.110054,0.015529,0.062713,0.138374,0.080701,0.142722,3.576203,3.471929,1.199363,1.64145,8.150748,0.178159,0.335373,1.43404,1.447788,0.154453,1.136631,1.811638,0.056702,0.107705,0.791571,0.79916,0.085256,0.627405,1,0.056702,0.107705,0.108802975350432,0.153736857061665,0,0.0515995872033024,0.0074890156731589,0.0433063953809191,33,13.1349203226441,0.00673721447697475,391,571,2.9207,3,0.9981,1,5,0.168704,1.033519,0.745526,-0.7829,3.0401,0.005359,2,0.808184,0.806472,13,30.0769,11.3097,51,0.202243,0.062153,181,0.316988,0.683012,0.004378,0.021891,0.041156,3,5.5954,0.0749,1,14.831703,22.398744,22.983072,30.513925,57.384078,3.025029,2.997697,2.708653,2.707018,2.747365,2.704103,2.304457,NA,NA,NA,NA,0.150021,2E-06,0.43633,0,0.877984,0,0.804157,0,0.559272,0,0.150021,0.053708,0.43633,0.097187,0.161862,0.035806,0.024513,0.114551,4545033.51,2439.8,1862.87,1.3097,571,107.9087,85.1831,88.3507,6.2496,690.5053,61615.89,3.456268,0.96449,0.144803,86.028,125.6316,13556.75,49.6847,34.2755,0.232947,3.624271,0.147064,1.984879,0.002487,1.274302,5.767685,0.966735,565.72041,1398.295407,672.009785,0,0,1.720167,2.958974,0.878286,1.5918193099807800
serbia04,311,372,2.3923,3,5,1,3,-0.2549,1.5976,35,0.11254,TRUE,1,1,1,31,16,0.034237,0.020686,0,0.078954,0.333333,0,290,0.932476,117,0.376206,146,0.392473,152,97,3.0395,8.2622,0.007717,0.009677,0.003553,0.003226,0.016129,0.46045,0.074299,0.072413,0.014467,0.048934,0.113553,0.109885,0.194708,0.041943,0.012882,0.078347,0,0.438344,0.747684,1.867932,0.069853,0.002875,0.152794,0,1,0.810127,2.187372,0.003215,0.003643,0.00124,0.001441,0.005716,0.214526,0.385769,0.103428,0.102031,0.01918,0.065966,0.153866,0.105225,0.185444,2.883835,3.17109,1.052997,1.641451,6.538911,0.196242,0.365138,1.336863,1.399189,0.156779,1.136658,1.731495,0.063457,0.117274,0.772086,0.808082,0.090545,0.65646,1,0.063457,0.117274,0.103428168187459,0.0664523043944266,0,0.0324915824915825,0.00771704180064309,-0.102217318574938,31,13.9605020226118,0.00267713617931604,311,372,2.3923,3,1.1015,1,5,0.237519,0.971875,0.701059,-0.2537,1.5873,0.008466,2,0.569132,0.852411,16,19.4375,6.1424,38,0.150121,0.088951,62,0.166667,0.833333,0.00672,0.028226,0.055108,3,6.9918,0.0333,1,14.509775,22.604513,22.483717,30.225945,49.128787,3.021431,3.148716,2.856628,2.896753,2.912557,3.067513,NA,NA,NA,NA,NA,0.04454,0.09823,0.257331,0,0.82283,0,0.942747,0.0669,0.7008,0,0.04454,0.045016,0.257331,0.093248,0.047105,0.038585,-0.079903,0.070707,4828991.8,2555.47,1889.67,1.3523,372,106.7041,75.6966,107.5769,5.6429,949.6816,39693.93,3.287897,0.917505,0.291547,64.4027,77.0347,8219.92,46.6582,40.0266,0.100486,3.253063,0.006117,1.98797,0.00117,1.059121,5.504339,0.959517,397.705084,896.8728,519.489989,0,0,1.553352,2.412903,0.917308,1.521133796455670
singapore20,547,688,2.5155,3,6,1,3,-0.3702,2.1555,61,0.111517,TRUE,1,1,1,57,29,0.089955,0.061182,0,0.128112,0.666667,0,434,0.793419,176,0.321755,237,0.344477,243,295,3.2469,18.7968,0.004607,0.005495,0.001956,0.001832,0.010989,0.424506,0.049072,0.049158,0.009704,0.029574,0.070716,0.113434,0.197744,0.037121,0.010641,0.06634,0,0.38585,0.733427,1.787142,0.055177,5E-06,0.159301,0,1,0.897044,2.887101,0.001828,0.001924,0.000633,0.000798,0.003698,0.193844,0.34599,0.073519,0.074257,0.01354,0.04093,0.104108,0.105283,0.184172,3.086303,3.24948,1.147893,1.64145,8.342535,0.200456,0.371932,1.35698,1.402453,0.157885,1.13663,1.902701,0.06246,0.11635,NA,NA,NA,NA,NA,NA,NA,0.0735188139905874,0.208104814137721,0,0.0883025505716798,0.00460721484487481,0.0217534902988157,57,21.2307826238356,0.00115771333119272,547,688,2.5155,3,1.0679,1,6,0.213312,0.955876,0.593919,-0.3692,2.1476,0.006405,2,0.595978,0.877794,22,24.8636,9.3314,41,0.209157,0.067269,142,0.206395,0.793605,0.00436,0.018169,0.032703,4,12.4239,0.0241,1,20.416666,33.493481,34.930767,48.021178,93.012134,4.192108,4.10153,4.015209,3.910189,4.018171,4.258704,3.693624,NA,NA,NA,NA,0.187658,0,0.36919,0,0.930713,0,0.798987,0,0.581091,0,0.187658,0.034735,0.36919,0.109689,0.255119,0.031079,0.015108,0.105541,4102931.28,2468.79,1661.92,1.4855,688,69.8048,43.2492,80.3227,0,633.4582,48025.7,3.481097,0.971419,0.188321,133.3193,167.685,11705.22,27.8938,25.6433,0.130395,3.378375,0.022551,1.991157,0.000462,1.13083,6.070551,0.963179,724.958155,1694.730799,922.416354,0.003656,0,1.59095,2.531122,0.94424,1.5644529622389300
slovenia06,477,524,2.1971,3,4,1,3,-0.2067,1.2834,17,0.035639,TRUE,1,1,1,57,29,0.023918,0.014326,0,0.06724,0.333333,0,456,0.955975,204,0.427673,295,0.562977,302,148,2.5762,8.4711,0.004616,0.006303,0.002173,0.002101,0.008403,0.470886,0.04914,0.048399,0.009402,0.02863,0.069327,0.10924,0.19133,0.042466,0.008395,0.073543,0,0.450604,0.750005,1.73181,0.041293,8.4E-05,0.135609,0,1,0.913093,3.28409,0.002096,0.002385,0.000842,0.000992,0.004289,0.222021,0.401717,0.07293,0.0721,0.013736,0.043837,0.108516,0.107155,0.188351,2.624519,3.092665,0.876005,1.64145,5.11471,0.177082,0.333777,1.300007,1.383835,0.140561,1.13663,1.623302,0.057136,0.108124,0.800841,0.852481,0.08659,0.700196,1,0.057136,0.108124,0.0729304706803362,0.0440251572327044,0,0.0246690734055355,0.00461568275108786,-0.195556889822875,57,21.171264732308,0.00112203066042934,477,524,2.1971,3,1.0346,1,4,0.237289,0.814046,0.740977,-0.2061,1.278,0.003804,2,0.415094,0.88611,21,22.7143,6.7981,33,0.166118,0.06777,48,0.091603,0.908397,0.003817,0.019084,0.038168,1,1.9193,0.3126,1,20.01955,30.756736,32.551447,43.343106,87.891981,4.215971,4.144234,3.893005,3.67134,3.289905,NA,NA,NA,NA,NA,NA,0.013696,0.300919,0.252685,0,0.885997,0,0.973712,0.195438,0.723973,0,0.013696,0.048218,0.252685,0.077568,0.072269,0.031447,0.017008,0.075812,6039073.98,2413.61,2502.09,1.0367,524,89.5509,62.9934,87.6494,3.9732,667.1348,46924.67,3.546824,0.98976,0.091482,78.9856,86.7683,7770.18,40.5033,30.4951,0.05058,3.148666,0.241277,1.997928,0.000527,0.964898,5.914322,0.959273,583.743494,1251.895511,765.05541,0,0,1.486635,2.210084,0.929745,1.569480718323850
slovenia10,542,620,2.2878,3,5,1,3,-0.0997,1.6193,38,0.070111,TRUE,1,1,1,43,22,0.053381,0.025338,0,0.085614,0.333333,0,496,0.915129,210,0.387454,283,0.456452,286,255,2.8916,14.96,0.004229,0.005545,0.002028,0.001848,0.009242,0.479516,0.063833,0.06352,0.009434,0.039325,0.089495,0.083738,0.147787,0.027813,0.007387,0.045623,0,0.300037,0.717925,1.640377,0.016136,8E-06,0.093681,0,1,0.96843,5.805789,0.001845,0.002147,0.000734,0.000848,0.003595,0.219902,0.397929,0.084792,0.084461,0.013377,0.049311,0.123718,0.089746,0.157757,2.77832,3.138177,1.10711,1.64145,8.47318,0.203696,0.398482,1.318732,1.393265,0.157649,1.13663,1.808163,0.063783,0.119546,0.729321,0.770542,0.087188,0.628611,1,0.063783,0.119546,0.0847919347859491,0.0820008200082001,0,0.0422564102564103,0.00422887777861143,-0.0366029052207683,43,16.0188116853442,0.00399269310744922,542,620,2.2878,3,1.097,1,5,0.245792,0.935984,0.67517,-0.0994,1.6133,0.005032,2,0.48155,0.875077,22,24.6364,8.1448,44,0.179302,0.069184,79,0.127419,0.872581,0.004032,0.020161,0.03629,3,7.6904,0.0123,1,17.849625,26.189475,26.230027,34.266291,67.473688,3.173411,3.095441,3.020962,2.968278,2.783349,2.873091,2.602829,NA,NA,NA,NA,0.054534,0.023141,0.254035,0,0.784959,0,0.932657,0.010496,0.698665,0,0.054534,0.066421,0.254035,0.066421,0.147821,0.057196,-0.077045,0.08,3946432.36,2662.39,1482.29,1.7961,620,75.2438,48.5079,76.3483,3.7524,611.2369,46651.17,3.47776,0.970487,0.04071,137.3392,157.1039,11821.1,33.4907,24.3053,0.073216,3.600397,0.035584,1.991804,0.001781,1.021847,6.050027,0.961326,675.634875,1505.849632,892.001244,0,0,1.513952,2.292052,0.849343,1.550079743443370
spain07,441,738,3.3469,3,6,1,4,-1.302,4.8315,214,0.485261,TRUE,1,1,1,33,17,0.063391,0.06062,0,0.118742,0.666667,0,337,0.764172,37,0.0839,38,0.051491,40,402,12,63.2456,0.007607,0.006818,0.001992,0.002273,0.013636,0.261837,0.080947,0.079308,0.012572,0.054938,0.113285,0.088113,0.155316,0.026534,0.017813,0.029158,0,0.18331,0.530968,1.098895,0.150425,0.027816,0.236165,7.4E-05,1,0.713804,1.569986,0.002268,0.00239,0.00048,0.000921,0.004099,0.108664,0.211731,0.111847,0.111774,0.014559,0.069079,0.145762,0.074143,0.130168,4.218933,4.459227,1.097371,1.644939,7.771424,0.141805,0.260106,1.521892,1.523457,0.145287,1.140075,1.8975,0.049541,0.095465,0.802051,0.802876,0.076568,0.60083,1,0.049541,0.095465,0.111846715539634,0.234315948601663,0,0.0661716171617162,0.00760667903525046,0.105461798221968,33,12.6485157699443,0.013362931818872,441,738,3.3469,3,0.8764,1,6,0.12531,0.988097,0.613939,-1.2976,4.8096,0.006057,2,0.9161,0.794291,15,29.4,6.8848,39,0.123054,0.042767,298,0.403794,0.596206,0.004065,0.017615,0.031843,4,15.9268,0.0029,1,16.007045,24.001628,24.221736,32.008384,60.319281,2.941484,3.11782,2.872124,2.793295,2.717174,2.736521,2.712153,NA,NA,NA,NA,0.195932,0,0.5173,0,0.927747,0,0.793876,0,0.493817,0,0.195932,0.086168,0.5173,0.090703,0.047388,0.011338,-0.021343,0.091584,6577388.56,2619.81,2510.64,1.0435,738,117.9014,117.8934,67.9762,3.2976,401.173,87011.2,2.641246,0.737054,0.679501,67.0479,112.2026,13228.84,67.131,49.97,0.339795,3.805305,0.113088,1.975108,0.00417,1.439582,5.911904,0.97127,677.661049,1860.549329,765.450173,0,0,1.836499,3.372727,0.968595,1.6061254154682400
tokyo03,1165,1669,2.8652,3,6,1,3,-0.9464,3.7748,189,0.162232,TRUE,1,1,1,56,28,0.039853,0.032361,0,0.09706,0.666667,0,1036,0.88927,184,0.15794,210,0.125824,215,923,6.414,62.8298,0.002462,0.002577,0.000768,0.000859,0.005155,0.311938,0.050371,0.050512,0.00761,0.032347,0.067789,0.086068,0.151079,0.016629,0.005356,0.030213,0,0.281463,0.700726,1.816928,0.013618,0,0.073136,0,1,0.962568,5.370628,0.000858,0.000877,0.000218,0.000362,0.001756,0.134848,0.254316,0.067238,0.068079,0.00982,0.042139,0.090269,0.083228,0.146044,3.414671,3.386046,1.029799,1.64145,12.518972,0.149678,0.301581,1.418683,1.431414,0.13877,1.13663,2.052224,0.048706,0.097816,0.69129,0.697494,0.067619,0.553853,1,0.048706,0.097816,0.0672380738267909,0.109585121602289,0,0.0383130081300813,0.00246154299957229,0.0981957549613788,56,20.3392814477236,0.00210158802872999,1165,1669,2.8652,3,0.8938,1,6,0.143121,0.883123,0.548715,-0.9452,3.7683,0.002698,2,0.824893,0.890006,22,52.9545,21.7923,100,0.226102,0.029717,505,0.302576,0.697424,0.001797,0.008089,0.014679,4,14.4429,0.0071,1,24.035844,34.27001,34.692453,44.926748,95.237236,3.765469,3.956353,3.52424,3.430021,3.462144,3.523407,3.621821,3.607927,NA,NA,3.62078,0.172835,0,0.33762,0,0.923298,0,0.798509,0,0.585035,0,0.172835,0.082403,0.33762,0.063519,0.090818,0.060944,-0.099294,0.060976,4668573.39,2471.14,1889.24,1.308,1669,54.5954,46.3414,41.4994,2.9636,375.0003,91119.74,3.531585,0.985508,0.061018,249.5409,357.4968,19517.68,44.0837,30.4955,0.217204,3.94525,0.355173,1.983515,0.000768,1.228081,6.854717,0.970976,1676.732475,3978.091597,1940.36631,0,0,1.701525,2.895189,0.91772,1.6230348770046900
tokyo12,742,1027,2.7682,3,5,1,3,-0.8276,2.7159,130,0.175202,TRUE,1,1,1,34,18,0.029302,0.022731,0,0.079575,0.333333,0,681,0.91779,153,0.206199,173,0.168452,176,551,5.2102,41.3931,0.003736,0.004049,0.001321,0.00135,0.006748,0.353641,0.065416,0.064262,0.010647,0.042922,0.098107,0.091295,0.162765,0.019845,0.00753,0.033313,0,0.233964,0.690939,1.678656,0.044636,0.000544,0.138047,0,1,0.891609,3.092692,0.001348,0.001406,0.000388,0.00059,0.002292,0.157327,0.287587,0.085089,0.085593,0.01339,0.052745,0.12167,0.089227,0.157369,3.301421,3.369899,1.020721,1.64145,6.675313,0.166258,0.309176,1.402809,1.430187,0.150057,1.136632,1.780839,0.056143,0.106969,0.787723,0.803098,0.084262,0.638256,1,0.056143,0.106969,0.0850885859042592,0.0817610062893082,0,0.0286361063950198,0.00373575448054098,0.100705112619083,34,15.6854036397234,0.00439567592519271,742,1027,2.7682,3,0.9789,1,5,0.172062,0.945194,0.681813,-0.8259,2.7086,0.00302,2,0.768194,0.861115,18,41.2222,13.3397,71,0.167266,0.037371,286,0.278481,0.721519,0.002434,0.010711,0.020448,3,6.4619,0.0493,1,18.87881,27.173103,27.084113,35.36936,59.688084,3.127736,3.084872,3.009791,2.836154,2.810233,3.221823,3.100216,NA,NA,NA,NA,0.160225,0,0.401991,0,0.882875,0,0.818992,0,0.527007,0,0.160225,0.086253,0.401991,0.075472,0.043416,0.061995,-0.075888,0.089983,6342533.39,2584.82,2453.77,1.0534,1027,80.2037,59.971,70.5932,3.2265,551.0595,82369.19,3.486552,0.972941,0.226644,116.988,161.9227,12986.8,46.3053,35.8862,0.193374,3.510329,0.034544,1.985158,0.001712,1.194353,6.396651,0.968016,1041.112367,2449.654102,1247.278924,0,0,1.672997,2.79892,0.956143,1.6113441395869400
tokyo21,1365,2005,2.9377,3,6,1,3,-1.0228,3.9458,272,0.199267,TRUE,1,1,1,53,31,0.036301,0.030623,0,0.092272,0.666667,0,1217,0.891575,187,0.136996,209,0.104239,213,1152,7.4038,78.7964,0.002154,0.002199,0.000644,0.000733,0.004399,0.298902,0.046604,0.046849,0.005862,0.032068,0.060072,0.07232,0.125774,0.01527,0.005327,0.025123,0,0.187637,0.684595,1.645235,0.01366,1.4E-05,0.068558,0,1,0.946647,5.018688,0.000733,0.000742,0.000178,0.000312,0.001235,0.128959,0.242809,0.06342,0.064319,0.007673,0.038597,0.080028,0.068703,0.120985,3.493127,3.451142,0.961574,1.641451,8.892156,0.143297,0.275276,1.432463,1.443695,0.136719,1.136667,1.959581,0.048121,0.095444,NA,NA,NA,NA,NA,NA,NA,0.0634199746550185,0.108913308913309,0,0.0355140186915888,0.00215376021827635,0.086435601198115,53,21.813507997379,0.00231824246677956,1365,2005,2.9377,3,0.8781,1,6,0.138224,0.901569,0.560177,-1.0217,3.94,0.002248,2,0.849817,0.889502,23,59.3478,22.8007,116,0.206084,0.023788,641,0.319701,0.680299,0.001496,0.006484,0.012219,4,15.8742,0.0019,1,25.849625,38.141924,38.548901,50.293225,98.02763,4.062221,4.067379,3.829189,3.78414,3.642292,3.549938,3.356625,NA,NA,NA,NA,0.16666,0,0.272112,0,0.933303,0,0.820801,0,0.690714,0,0.16666,0.109158,0.272112,0.083516,0.055447,0.020513,-0.050735,0.080714,5636767.11,2557.73,2203.81,1.1606,2005,56.6363,49.7263,42.0718,0,568.9527,113555.75,3.544599,0.989139,0.037138,242.1601,355.7003,20145.54,46.2529,29.8906,0.235229,3.690302,0.135004,1.981014,0.000798,1.251346,7.018084,0.972279,1980.622353,4770.735426,2272.840473,0.000733,0,1.719519,2.956744,0.930606,1.6534826082668700
turkey13,684,989,2.8918,3,5,1,3,-1.1501,4.4088,96,0.140351,TRUE,1,1,1,46,23,0.06383,0.054337,0,0.125265,0.666667,0,566,0.827485,96,0.140351,104,0.105157,110,564,7.2091,53.5811,0.004234,0.004392,0.001202,0.001464,0.007321,0.283789,0.060615,0.061523,0.009199,0.037271,0.082141,0.086665,0.151766,0.023336,0.009471,0.036535,0,0.239695,0.663446,1.565624,0.043389,0.000789,0.110311,0,1,0.850382,2.542359,0.001462,0.001457,0.000346,0.00063,0.002508,0.121735,0.236649,0.082773,0.084711,0.012122,0.051961,0.109152,0.083422,0.146453,3.472,3.418992,0.937457,1.641508,7.484633,0.137242,0.270005,1.419966,1.431928,0.124582,1.136931,1.79484,0.042045,0.087736,NA,NA,NA,NA,NA,NA,NA,0.0827732233657143,0.173001949317739,0,0.0626756604834176,0.0042339866259108,0.00938106009565593,46,16.9148579110049,0.00410149937103173,684,989,2.8918,3,0.8207,1,5,0.123456,0.805052,0.580723,-1.1476,4.3959,0.003096,2,0.859649,0.87287,19,36,10.9494,57,0.166513,0.039303,306,0.309403,0.690597,0.002528,0.012133,0.022245,3,7.1807,0.0279,1,19.23272,27.903368,28.764841,37.341478,78.199487,3.422391,3.736636,3.14412,3.163938,3.19307,3.357328,NA,NA,NA,NA,NA,0.205021,0,0.479567,0,0.892548,0,0.749998,0,0.486575,0,0.205021,0.127193,0.479567,0.076023,0.158599,0.048246,-0.014918,0.075885,4887593.24,2616.81,1867.77,1.401,989,76.6241,54.782,75.5162,0,767.8034,75781.23,3.485755,0.972718,0.198239,139.9462,202.3491,15504.82,42.1083,32.3174,0.224505,3.397959,0.026463,1.974016,0.00143,1.246935,6.320886,0.968496,990.886381,2380.08791,1125.593026,0.002924,0,1.711213,2.928249,0.908737,1.55929884390345
turkey18,278,406,2.9209,3,5,1,3,-0.7794,3.0086,66,0.23741,TRUE,1,1,1,29,15,0.061957,0.048082,0,0.116483,0.666667,0,234,0.841727,48,0.172662,54,0.133005,55,224,6.0364,29.9345,0.010545,0.01083,0.003631,0.00361,0.018051,0.344373,0.095028,0.096516,0.017902,0.058911,0.135188,0.107804,0.188382,0.035962,0.018441,0.051556,0,0.309928,0.622034,1.433627,0.061938,0.002184,0.182862,1E-06,1,0.886484,2.952324,0.003597,0.003656,0.000998,0.00155,0.005911,0.15182,0.277404,0.129498,0.132356,0.023648,0.076712,0.184465,0.104162,0.182614,3.57086,3.485626,1.159066,1.641451,7.178583,0.176091,0.32459,1.434849,1.449459,0.159182,1.136658,1.796836,0.059013,0.11094,0.798542,0.806673,0.08859,0.632589,1,0.059013,0.11094,0.129497885275939,0.154676258992806,0,0.0583697234352256,0.0105446328857492,0.136390370138018,29,10.9254343817365,0.0109346089987029,278,406,2.9209,3,1.0059,1,5,0.170571,1.040738,0.750733,-0.7752,2.987,0.00756,2,0.805755,0.79476,14,19.8571,8.0847,34,0.220966,0.081268,129,0.317734,0.682266,0.006158,0.030788,0.055419,3,5.5451,0.0779,1,12.884171,18.85096,19.627269,25.343048,52.951448,2.848904,3.003598,2.484374,2.422283,2.440434,2.410777,1.884276,NA,NA,NA,NA,0.30519,0,0.361587,0,0.865092,0,0.666173,0,0.549328,0,0.30519,0.111511,0.361587,0.068345,0.13774,0.061151,-0.052069,0.065502,4783838.6,2394.16,1998.13,1.1982,406,119.7553,105.5125,93.1603,6.0283,630.1994,48620.64,3.241432,0.904539,0.497048,58.1123,84.8691,10163.52,52.7355,39.0849,0.23412,3.637069,0.130983,1.98545,0.004074,1.272806,5.425219,0.964652,397.668269,992.6991,475.236114,0,0,1.712135,2.931408,0.906696,1.5262337361862500
turkey33,518,802,3.0965,3,5,1,3,-1.2634,6.0148,118,0.227799,TRUE,1,1,1,33,18,0.023282,0.021879,0,0.077252,0.333333,0,476,0.918919,34,0.065637,36,0.044888,37,482,14.973,78.9115,0.005989,0.005803,0.001364,0.001934,0.009671,0.227768,0.074757,0.073778,0.010045,0.053135,0.097621,0.077098,0.134363,0.02446,0.012599,0.030324,0,0.226548,0.58666,1.239724,0.153255,0.096596,0.168227,0.000373,1,0.553105,1.097694,0.001931,0.001875,0.000365,0.000824,0.00309,0.093384,0.188945,0.101346,0.101686,0.012185,0.067011,0.129702,0.068389,0.120236,3.635833,3.492494,0.768761,1.641541,6.874056,0.105295,0.21144,1.459455,1.448302,0.10816,1.137153,1.735278,0.03515,0.07411,0.84105,0.834623,0.06233,0.655315,1,0.03515,0.07411,0.101346068334158,0.0810810810810811,0,0.0234644582470669,0.00598941024472939,0.00793379969288727,33,13.6215544087885,0.011216696429506,518,802,3.0965,3,0.7053,1,5,0.09846,0.779045,0.561962,-1.2597,5.9916,0.003696,2,0.930502,0.826564,14,37,13.8064,61,0.2016,0.038724,285,0.355362,0.644638,0.003117,0.013092,0.025561,3,6.2307,0.0587,1,16.568669,23.908519,23.998121,31.225261,53.679598,3.082841,3.15077,2.742029,2.712399,2.757429,NA,NA,NA,NA,NA,NA,0.085076,0.001449,0.520747,0,0.890515,0,0.830516,0,0.485396,0,0.085076,0.023166,0.520747,0.129344,0.087564,0,0.016636,0.136646,5141393.77,2568.53,2001.68,1.2832,802,98.8815,90.8329,64.4186,5.4033,871.1463,79302.93,3.441403,0.960342,0.264745,100.7509,155.9888,15424.4,50.9507,30.3858,0.276431,3.363238,0.017666,1.966667,0.003719,1.290838,6.061788,0.97019,772.848598,1883.361566,840.830238,0,0.019951,1.76359,3.110251,0.967895,1.5672523042110300
ukraine01,184,242,2.6304,3,5,1,3,-0.5444,2.0765,30,0.163043,TRUE,1,1,1,24,12,0.081081,0.059964,0,0.150198,1,0,151,0.820652,51,0.277174,66,0.272727,68,116,3.6912,13.8233,0.014374,0.016393,0.005838,0.005464,0.027322,0.406148,0.106013,0.104661,0.01937,0.063191,0.157487,0.103063,0.182718,0.048111,0.030206,0.065264,0,0.410699,0.615367,1.356522,0.089563,0.007391,0.184686,3E-06,1,0.801305,2.062077,0.005435,0.00574,0.001808,0.002344,0.008976,0.18448,0.332727,0.143056,0.143675,0.026177,0.082568,0.204385,0.104181,0.182981,3.303118,3.336443,1.270151,1.64145,7.189843,0.209681,0.384531,1.379784,1.427153,0.160425,1.13663,1.790566,0.062382,0.116268,0.770585,0.79704,0.089594,0.634788,1,0.062382,0.116268,0.143056486413156,0.179347826086957,0,0.0823383084577114,0.0143739605607033,0.0359037027984845,24,9.75623663578047,0.0133477101559466,184,242,2.6304,3,1.0683,1,5,0.205781,1.002902,0.723441,-0.5399,2.0539,0.013091,2,0.652174,0.788394,11,16.7273,3.7173,21,0.115613,0.102102,59,0.243802,0.756198,0.010331,0.043388,0.084711,3,6.3457,0.0502,1,10.813781,15.906891,15.939357,20.831703,39.604513,2.501005,2.457458,2.230233,2.157445,2.140147,2.017482,NA,NA,NA,NA,NA,0.103586,0.012302,0.226845,0,0.74822,0,0.861265,0.003273,0.695966,8E-06,0.103586,0.076087,0.226845,0.048913,0.146525,0.038043,-0.085136,0.045455,5201832.43,2989.23,1740.19,1.7178,242,146.1609,124.0162,110.0024,6.8326,660.1011,35370.94,3.339025,0.931773,0.035783,35.3722,46.5221,6799.71,73.399,60.5687,0.162534,3.504986,0.257899,1.984116,0.005923,1.194867,4.98834,0.957549,254.984823,607.77365,317.233586,0,0,1.652949,2.73224,0.90016,1.4812442136921600
ukraine11,113,125,2.2124,3,5,1,1,0.1055,1.5399,11,0.097345,TRUE,1,1,1,29,15,0.013274,0.007375,0,0.046661,0.333333,0,110,0.973451,48,0.424779,69,0.552,73,27,2.5342,3.1845,0.019753,0.026786,0.010295,0.008929,0.044643,0.521171,0.099565,0.101174,0.02019,0.062153,0.135266,0.115861,0.202785,0.085695,0.032631,0.120976,0,0.46198,0.691105,1.411695,0.092986,0.0034,0.211486,1E-06,1,0.836223,2.27439,0.00885,0.009855,0.004005,0.004228,0.020008,0.245931,0.452562,0.150501,0.148401,0.029132,0.094991,0.214653,0.110304,0.193568,2.67861,3.137738,0.998,1.641451,5.121309,0.200247,0.372581,1.306895,1.392753,0.156543,1.136661,1.660419,0.064388,0.119782,0.787088,0.838796,0.094279,0.684563,1,0.064388,0.119782,0.15050069565444,0.0265486725663717,0,0.0134408602150538,0.0197534766118837,-0.244280944726103,29,10.5121681415929,0.00630652262425906,113,125,2.2124,3,1.153,1,5,0.270726,0.98844,0.713009,0.1042,1.5127,0.025338,2,0.451327,0.7944,10,11.3,2.7101,16,0.126549,0.186692,13,0.104,0.896,0.02,0.084,0.164,3,6.7135,0.0318,1,9.491853,15.661778,17.38708,23.938374,50.021178,2.959114,2.956526,2.888862,2.662697,2.618385,2.202772,NA,NA,NA,NA,NA,0.088137,0.05518,0.22276,5.8E-05,0.85897,0,0.90693,0.069557,0.733649,0.000146,0.088137,0.053097,0.22276,0.053097,0.351056,0.035398,-0.138578,0.096774,4487532.43,2307.94,1944.39,1.187,125,144.5296,115.7479,100.7797,13.3001,451.2017,18066.2,3.311313,0.924039,0.198235,25.1809,27.855,4025.87,73.4008,53.2844,0.058824,3.06433,0.182161,1.998374,0.00291,0.985298,4.483848,0.95027,136.921133,302.682966,186.489275,0,0,1.494036,2.232143,1,1.4864188416456600
ukraine12,192,253,2.6354,3,5,1,3,-0.4803,1.9165,38,0.197917,TRUE,1,1,1,21,12,0.016917,0.012153,0,0.062639,0.333333,0,185,0.963542,50,0.260417,62,0.245059,63,130,4.0317,16.1265,0.013798,0.015707,0.005826,0.005236,0.026178,0.422212,0.112616,0.111565,0.018505,0.077109,0.154281,0.09381,0.164319,0.042766,0.02543,0.049489,0,0.244836,0.594278,1.157202,0.193645,0.099813,0.228355,0.000156,1,0.606729,1.179244,0.005208,0.005449,0.001848,0.002329,0.01026,0.19885,0.35481,0.151269,0.155505,0.025366,0.099141,0.201621,0.095777,0.16769,3.131311,3.300185,1.070784,1.641451,6.137055,0.186812,0.34196,1.382488,1.42943,0.165706,1.136661,1.769578,0.065167,0.119861,0.781253,0.80778,0.093641,0.642335,1,0.065167,0.119861,0.15126858364556,0.0347222222222222,0,0.0170316301703163,0.0137979930191972,-0.0241658488714418,21,9.12554537521815,0.0191369736169962,192,253,2.6354,3,1.1127,1,5,0.218503,1.049379,0.756967,-0.4765,1.8965,0.01251,2,0.677083,0.758276,11,17.4545,5.8028,27,0.175189,0.115241,62,0.245059,0.754941,0.009881,0.041502,0.081028,3,5.8344,0.0725,1,10.228819,15.100526,15.4291,20.353165,36.981912,2.423723,2.457075,2.086775,2.073229,2.107254,1.744189,NA,NA,NA,NA,NA,0.117115,0.005317,0.34784,0,0.781129,0,0.832396,0.000354,0.572471,0,0.117115,0.036458,0.34784,0.072917,0.1157,0.005208,-0.104251,0.058394,4937102.02,2473.68,1995.85,1.2394,253,151.1292,126.86,110.3484,16.7615,940.6008,38235.69,3.243516,0.90512,0.120207,38.8892,51.2446,7744.56,78.7014,49.3399,0.163588,3.376886,0.075824,1.987182,0.008739,1.141452,5.042195,0.960002,259.403281,601.211748,328.71465,0,0,1.627641,2.649215,0.957336,1.5445742987107400
venezuela01,489,828,3.3865,3,7,1,4,-0.7309,5.0339,221,0.451943,TRUE,1,1,1,33,17,0.072965,0.06916,0,0.127131,0.666667,0,360,0.736196,38,0.07771,42,0.050725,43,447,12.3488,67.8619,0.00694,0.006148,0.001905,0.002049,0.014344,0.27458,0.076828,0.075835,0.01214,0.049939,0.105377,0.090419,0.158015,0.025364,0.014979,0.029605,0,0.186686,0.562773,1.167229,0.041974,0.000426,0.127083,0,1,0.889822,3.027657,0.002045,0.002142,0.00043,0.000845,0.003554,0.109001,0.210321,0.106297,0.107426,0.015346,0.061883,0.137528,0.081747,0.144366,4.435929,4.554144,1.495646,1.641992,14.720418,0.170447,0.337166,1.534307,1.531551,0.161647,1.136967,2.163299,0.055257,0.105355,0.709244,0.70797,0.074722,0.525571,1,0.055257,0.105355,0.106296818806183,0.25653909825689,0,0.0751534391534391,0.0069395554661571,0.165164786691034,33,13.352123772168,0.0125037012467343,489,828,3.3865,3,0.9299,1,7,0.132939,1.081248,0.603456,-0.7287,5.0133,0.007435,2,0.91411,0.811058,16,30.5625,9.3164,45,0.161938,0.061243,340,0.410628,0.589372,0.004227,0.01872,0.035024,4,10.9343,0.0157,1,16.947176,25.160387,25.683385,33.910098,64.936034,3.105953,3.283768,3.091895,2.846303,2.795895,2.665287,2.72967,3.478678,NA,NA,2.777371,0.21376,0,0.439005,0,0.907079,0,0.761561,0,0.535444,0,0.21376,0.0818,0.439005,0.08589,0.145372,0.042945,-0.051803,0.093333,5848702.01,2463.85,2373.81,1.0379,828,98.4983,103.0833,67.6886,4.7753,517.815,81556.6,2.786533,0.777597,0.559382,83.6083,141.5699,13944.39,48.7006,44.3287,0.349435,4.100381,0.161483,1.97137,0.003859,1.489737,6.013863,0.971495,758.260699,2169.169103,858.748566,0,-0.0374,1.859843,3.459016,0.901967,1.5474414881998900
venezuela02,361,535,2.964,3,6,1,3,-0.6281,3.6431,84,0.232687,TRUE,1,1,1,29,16,0.088832,0.076731,0,0.140898,0.666667,0,269,0.745152,54,0.149584,63,0.117757,64,298,6.625,37,0.008233,0.008333,0.002757,0.002778,0.016667,0.334811,0.080668,0.079156,0.013869,0.055351,0.116694,0.097961,0.171928,0.03277,0.014904,0.045444,0,0.299547,0.638618,1.386766,0.047887,0.000654,0.129483,0,1,0.86527,2.703938,0.00277,0.002778,0.000749,0.001183,0.006366,0.145516,0.27033,0.110888,0.110018,0.018068,0.070984,0.158622,0.092944,0.162936,3.781468,3.591324,1.38183,1.641507,11.221961,0.190778,0.365422,1.443261,1.446515,0.1593,1.1369,1.990088,0.058038,0.110375,0.725225,0.72686,0.080046,0.571281,1,0.058038,0.110375,0.110888038332909,0.251154201292705,0,0.0911184210526315,0.0082333025546322,0.0963643707282271,29,12.7643582640813,0.0069976142147183,361,535,2.964,3,0.9924,1,6,0.162524,1.031707,0.641035,-0.6255,3.6229,0.00848,3,0.01108,0.826427,14,25.7857,8.8941,39,0.188959,0.081781,175,0.327103,0.672897,0.005607,0.026168,0.046729,4,11.0083,0.02,1,14.884171,22.399528,22.872563,30.226331,53.820339,2.931095,2.822495,2.794247,2.71766,2.696066,2.714366,2.763739,NA,NA,NA,NA,0.294042,0,0.340264,0,0.876966,0,0.674019,0,0.646815,0,0.294042,0.144044,0.340264,0.102493,0.18885,0.077562,0.037443,0.105263,5624510.45,2338.29,2405.39,1.0287,535,110.6515,77.7504,109.3289,5.0718,867.9069,59198.54,3.467981,0.967759,0.053358,64.1834,95.1194,10525.1,43.7492,40.4226,0.244073,3.843184,0.256742,1.975486,0.002417,1.330112,5.684357,0.965725,529.228689,1365.109846,624.93151,0,0,1.749603,3.061111,0.937609,1.5337519471324300
yamanashi,618,875,2.8317,3,5,1,3,-0.778,2.583,146,0.236246,TRUE,1,1,1,41,22,0.01874,0.016451,0,0.068748,0.333333,0,582,0.941748,113,0.182848,151,0.172571,153,466,5.0327,37.5122,0.004589,0.004862,0.001667,0.001621,0.008104,0.36316,0.070827,0.071181,0.01132,0.038264,0.100179,0.090275,0.15982,0.021927,0.008553,0.032223,0,0.221297,0.664762,1.469568,0.067145,0.011649,0.145107,0,1,0.780561,2.161083,0.001618,0.001639,0.000497,0.000704,0.003532,0.167317,0.307015,0.094146,0.094664,0.014928,0.046837,0.1286,0.089316,0.158566,3.366129,3.406667,1.036863,1.64145,5.659093,0.168559,0.308028,1.41731,1.444276,0.157594,1.13663,1.746896,0.059389,0.111193,0.811331,0.826767,0.090214,0.650657,1,0.059389,0.111193,0.0941455377525309,0.058252427184466,0,0.0207482993197279,0.0045894898060875,0.0136349531041212,41,14.5071202656134,0.00556974205852763,618,875,2.8317,3,1.0284,1,5,0.182308,1.020931,0.736446,-0.7761,2.5747,0.003526,2,0.757282,0.843309,18,34.3333,17.1464,63,0.276339,0.051838,258,0.294857,0.705143,0.002857,0.013143,0.024571,3,5.683,0.0817,1,17.472137,25.465836,25.792357,33.63915,73.20147,3.160048,3.114999,2.942753,2.799587,2.713016,2.959794,NA,NA,NA,NA,NA,0.137793,0,0.31352,0,0.885681,0,0.862206,1E-06,0.595064,0,0.137793,0.055016,0.31352,0.053398,-0.011245,0.012945,-0.182195,0.065306,6057543.48,2383.14,2541.83,1.0666,875,86.6362,75.8127,60.8339,4.7692,488.311,75806.64,3.314231,0.924854,0.335701,102.0216,144.448,12514.42,50.1392,34.1988,0.209586,3.555863,0.112299,1.995667,0.00233,1.213763,6.221919,0.968412,869.933824,2080.267777,1056.588117,0,0,1.687978,2.849271,0.96523,1.625122809354150