Map,agent,final_timestep,initial_rsl21,final_rsl21,final_alive,total_health,transport_rate,road_clear_rate,buried_rescue_rate,dist_per_rescue,dist_per_transport,total_buried_time
mongolia05_9,concentration2_cluster_9_group_none,300.0,250.0,159.15,94.0,92.21,65.0,93.48,76.92,36973365.66,437471132.89,11496.0
mongolia05_9,distributed,300.0,250.0,173.98,97.2,93.32,95.0,89.25,76.92,39482779.7,306916841.65,11871.0
myanmar12_16,distributed,300.0,226.0,58.49,78.76,77.74,100.0,33.98,6.0,76666136.44,196945905.61,43265.0
myanmar12_16,concentration2_cluster_9_group_none,300.0,226.0,58.95,78.76,77.9,75.0,38.24,8.0,54728707.62,240425529.1,42538.0
austria08_20,concentration2_cluster_9_group_none,300.0,220.0,72.97,83.64,81.5,75.0,63.52,27.91,64728569.37,393406652.21,33271.0
austria08_20,distributed,300.0,220.0,71.21,82.73,81.23,76.92,53.69,30.23,43403531.97,291491913.56,32109.0
austria20_25,distributed,300.0,173.0,68.63,85.55,84.63,75.0,42.85,36.36,52614007.09,228873618.27,16352.0
austria20_25,concentration2_cluster_9_group_none,300.0,173.0,68.08,84.97,84.61,42.86,42.01,31.82,43564686.13,348019160.58,16911.0
austria20_15,distributed,300.0,173.0,52.09,82.66,79.8,62.5,59.63,23.53,71057060.34,257859587.51,27098.0
austria20_15,concentration2_cluster_9_group_none,300.0,173.0,49.27,80.35,79.26,71.43,55.95,20.59,65839735.06,244884255.12,27234.0
chile03,distributed,300.0,319.0,97.21,81.5,80.32,77.78,43.23,14.29,118881305.91,463715927.87,52248.0
chile03,concentration2_cluster_9_group_none,300.0,319.0,97.21,81.5,80.32,53.33,42.14,23.81,69478001.53,465686767.06,49950.0
india10_3,distributed,300.0,247.0,82.24,82.59,81.83,50.0,34.83,4.55,207539309.11,573815187.38,38574.0
india10_3,concentration2_cluster_9_group_none,300.0,247.0,82.24,82.59,81.83,100.0,34.2,2.27,467394095.08,497317321.53,39067.0
spain07_2,distributed,300.0,364.0,145.69,85.71,84.77,100.0,59.83,12.5,105754715.82,350199238.75,47368.0
spain07_2,concentration2_cluster_9_group_none,300.0,364.0,144.04,85.44,84.61,87.5,58.9,14.29,94713282.56,559976728.65,46851.0
ejypt04_7,concentration2_cluster_9_group_none,300.0,250.0,47.03,74.0,72.61,62.5,64.16,12.12,132780984.2,414854038.54,56149.0
ejypt04_7,distributed,300.0,250.0,47.31,74.0,72.73,90.91,68.12,16.67,103286486.57,299787705.16,54583.0
bolivia01_12,distributed,300.0,243.0,100.3,86.01,85.32,83.33,56.99,17.14,56557475.11,207137405.38,28487.0
bolivia01_12,concentration2_cluster_9_group_none,300.0,243.0,101.41,86.42,85.44,100.0,55.58,17.14,52316351.08,165948136.24,28766.0
italy54_4,distributed,300.0,336.0,118.15,84.52,82.46,76.92,61.92,21.31,109607486.74,514912436.41,48849.0
italy54_4,concentration2_cluster_9_group_none,300.0,336.0,121.1,84.52,82.95,100.0,62.65,18.03,122849370.52,408455138.74,49445.0
mongolia05_26,concentration2_cluster_9_group_none,300.0,250.0,136.7,91.6,89.68,61.54,88.45,48.15,63202114.88,546320972.1,17975.0
mongolia05_26,distributed,300.0,250.0,144.33,92.8,90.51,55.56,97.07,66.67,46942057.43,513088162.73,14295.0
myanmar15_1,concentration2_cluster_9_group_none,300.0,255.0,94.57,84.31,83.57,100.0,32.03,2.44,205282655.8,202267349.87,36145.0
myanmar15_1,distributed,300.0,255.0,94.57,84.31,83.57,0.0,33.45,9.76,47008791.65,558020448.85,35290.0
iceland07_11,distributed,300.0,244.0,70.13,81.56,79.14,77.78,77.9,18.75,135639560.42,796750169.96,39144.0
iceland07_11,concentration2_cluster_9_group_none,300.0,244.0,67.34,80.33,78.63,50.0,80.28,8.33,335526032.23,1534516649.44,41399.0
chile39_9,distributed,300.0,375.0,236.23,94.4,91.91,85.71,99.01,70.0,41509978.39,351034560.23,21651.0
chile39_9,concentration2_cluster_9_group_none,300.0,375.0,238.81,94.93,92.02,95.83,99.28,60.0,47627077.44,374657136.54,22876.0
ukraine11_21,distributed,300.0,249.0,82.41,84.74,81.2,92.31,52.57,25.49,117049428.48,328804816.56,38231.0
ukraine11_21,concentration2_cluster_9_group_none,300.0,249.0,71.82,80.72,79.42,81.25,54.17,31.37,89830090.87,268758313.1,37226.0
argentina10_8,distributed,300.0,336.0,99.29,80.95,79.85,37.5,35.34,12.31,142497180.44,717809436.47,54849.0
argentina10_8,concentration2_cluster_9_group_none,300.0,336.0,103.09,82.14,80.3,90.0,35.16,15.38,108350182.59,349484519.7,52858.0
chile23_3,concentration2_cluster_9_group_none,300.0,334.0,122.47,84.43,83.32,66.67,57.36,26.32,58818420.06,388803073.53,44670.0
chile23_3,distributed,300.0,334.0,121.89,84.73,83.15,77.78,57.24,15.79,99778581.85,372377994.24,46953.0
italy54_1,distributed,300.0,336.0,101.46,81.85,80.06,92.86,63.78,20.29,111043139.73,385156283.01,54964.0
italy54_1,concentration2_cluster_9_group_none,300.0,336.0,102.85,82.44,80.19,64.71,66.91,24.64,90153622.44,476355787.27,53191.0
peru13_14,distributed,300.0,319.0,123.72,85.89,84.1,71.43,61.39,25.93,83815331.82,434815200.3,42871.0
peru13_14,concentration2_cluster_9_group_none,300.0,319.0,131.3,87.15,85.0,86.67,53.97,27.78,72929062.22,467570054.66,41280.0
argeria07_3,distributed,300.0,182.0,68.62,88.46,82.94,66.67,86.94,51.43,32215791.32,221993105.66,23435.0
argeria07_3,concentration2_cluster_9_group_none,300.0,182.0,65.09,86.81,82.26,73.33,87.93,42.86,39014312.4,228035130.14,24485.0
yamanashi,distributed,300.0,320.0,90.3,80.0,79.16,100.0,38.83,5.97,159448433.62,334912555.33,57924.0
yamanashi,concentration2_cluster_9_group_none,300.0,320.0,89.67,79.69,79.1,100.0,41.29,2.99,322806917.63,637137517.98,58967.0
myanmar03_22,distributed,300.0,240.0,72.48,81.25,80.21,100.0,30.36,8.7,122973327.0,218447828.91,38988.0
myanmar03_22,concentration2_cluster_9_group_none,300.0,240.0,72.48,81.25,80.21,100.0,30.11,6.52,182827645.61,389083215.73,39763.0
america03_24,distributed,300.0,334.0,107.77,82.63,81.19,72.73,60.35,17.46,95952425.06,434424360.66,52060.0
america03_24,concentration2_cluster_9_group_none,300.0,334.0,108.8,82.63,81.38,84.21,65.71,30.16,47202828.22,296429174.59,47897.0
peru13_24,distributed,300.0,319.0,135.44,86.83,85.69,50.0,64.78,22.22,106045688.72,797719115.22,36644.0
peru13_24,concentration2_cluster_9_group_none,300.0,319.0,145.83,89.03,86.67,84.62,54.76,28.89,77881125.31,451561332.07,33707.0
tokyo03_6,distributed,300.0,237.0,69.14,81.01,79.57,75.0,38.43,8.51,70277634.05,317144417.4,40780.0
tokyo03_6,concentration2_cluster_9_group_none,300.0,237.0,70.95,81.43,79.99,66.67,36.4,6.38,110194459.43,329110031.15,41189.0
myanmar11_2,distributed,300.0,235.0,63.82,80.85,78.18,66.67,62.94,16.98,55799691.31,298567366.01,44852.0
myanmar11_2,concentration2_cluster_9_group_none,300.0,235.0,68.57,82.13,79.3,83.33,59.69,22.64,30617303.16,264789599.79,42959.0
myanmar03_12,distributed,300.0,240.0,65.32,79.58,78.54,25.0,31.45,8.0,96082952.23,806110354.02,43294.0
myanmar03_12,concentration2_cluster_9_group_none,300.0,240.0,65.32,79.58,78.54,25.0,33.89,16.0,55632377.85,441088451.86,40896.0
sapporo_23,distributed,300.0,253.0,93.1,84.19,83.45,66.67,38.94,7.32,148616836.16,597183946.11,34937.0
sapporo_23,concentration2_cluster_9_group_none,300.0,253.0,94.59,84.98,83.58,100.0,37.58,12.2,79040360.73,362114951.97,34179.0
ukraine01_29,distributed,300.0,284.0,111.81,85.56,84.47,71.43,66.16,16.67,136345473.32,624531082.59,34634.0
ukraine01_29,concentration2_cluster_9_group_none,300.0,284.0,113.35,85.92,84.67,87.5,72.19,19.05,122044089.78,482787600.41,34234.0
spain07_16,distributed,300.0,364.0,106.71,80.77,79.73,30.0,58.16,13.89,120349905.66,829254435.26,61274.0
spain07_16,concentration2_cluster_9_group_none,300.0,364.0,109.23,81.59,79.99,100.0,57.11,15.28,88535111.51,267164269.98,59194.0
argentina10_2,distributed,300.0,336.0,85.48,78.27,77.52,42.86,37.68,9.86,168985709.94,909561438.77,59773.0
argentina10_2,concentration2_cluster_9_group_none,300.0,336.0,85.48,78.27,77.52,60.0,36.53,7.04,233185370.51,747309102.23,60792.0
chile23,concentration2_cluster_9_group_none,300.0,334.0,127.68,85.03,84.01,58.33,61.36,23.53,75668256.23,629775256.14,40323.0
chile23,distributed,300.0,334.0,124.56,84.43,83.66,71.43,64.88,13.73,108932159.26,487493476.55,42446.0
greece06_15,distributed,300.0,342.0,98.96,80.7,79.49,100.0,37.61,7.58,155673762.39,520512411.73,56557.0
greece06_15,concentration2_cluster_9_group_none,300.0,342.0,97.7,80.41,79.3,80.0,39.17,7.58,161485376.96,584678852.27,56926.0
myanmar12_2,distributed,300.0,226.0,53.56,76.99,76.43,33.33,34.07,5.88,66408491.08,858843408.11,44439.0
myanmar12_2,concentration2_cluster_9_group_none,300.0,226.0,53.56,76.99,76.43,0.0,33.94,0.0,0.0,0.0,45645.0
myanmar12_13,concentration2_cluster_9_group_none,300.0,226.0,65.06,80.09,79.54,0.0,31.77,0.0,0.0,0.0,40275.0
myanmar12_13,distributed,300.0,226.0,65.06,80.09,79.54,0.0,33.2,0.0,0.0,0.0,40275.0
chile23_14,distributed,300.0,334.0,133.61,85.93,84.71,85.71,58.02,13.46,163210838.62,474221480.39,42906.0
chile23_14,concentration2_cluster_9_group_none,300.0,334.0,134.78,86.53,84.74,80.0,54.79,19.23,100117757.0,458486371.11,42384.0
ishikawa_22,distributed,300.0,310.0,118.13,84.84,83.99,75.0,42.93,8.16,141697339.76,400987631.98,42057.0
ishikawa_22,concentration2_cluster_9_group_none,300.0,310.0,114.87,84.19,83.59,100.0,42.84,10.2,113404751.73,307526173.42,41411.0
canada34_10,distributed,300.0,279.0,105.6,85.3,83.75,42.86,64.84,15.56,158264343.26,1009132799.22,37736.0
canada34_10,concentration2_cluster_9_group_none,300.0,279.0,111.01,86.74,84.41,81.82,61.13,24.44,86263269.15,450010131.18,35017.0
tokyo12_29,distributed,300.0,352.0,115.01,82.95,81.36,50.0,49.81,9.09,147506863.21,706484199.02,56523.0
tokyo12_29,concentration2_cluster_9_group_none,300.0,352.0,113.81,82.67,81.22,100.0,49.88,6.06,195333327.87,578507772.39,57410.0
eritrea02_28,distributed,300.0,195.0,93.85,88.21,87.88,100.0,70.57,33.33,64368262.09,249871814.48,15194.0
eritrea02_28,concentration2_cluster_9_group_none,300.0,195.0,93.85,88.21,87.88,100.0,71.05,28.57,63124950.23,222530013.83,15459.0
ukraine01_11,distributed,300.0,284.0,123.09,88.38,85.75,78.57,83.02,31.11,69522422.88,407015963.68,33499.0
ukraine01_11,concentration2_cluster_9_group_none,300.0,284.0,118.19,87.32,85.18,66.67,71.91,26.67,72573348.46,472408479.67,34617.0
china10_4,distributed,300.0,242.0,155.91,94.63,92.31,90.0,76.66,45.45,47746804.26,487358971.7,15054.0
china10_4,concentration2_cluster_9_group_none,300.0,242.0,156.48,94.63,92.38,93.33,57.72,68.18,30101553.41,332586149.65,11956.0
indonesia80_14,distributed,300.0,344.0,101.4,80.81,79.83,25.0,52.0,6.06,103652823.52,648316756.75,57992.0
indonesia80_14,concentration2_cluster_9_group_none,300.0,344.0,101.41,80.81,79.83,80.0,51.7,7.58,84121085.41,428661627.91,57709.0
philippines30_12,distributed,300.0,290.0,90.31,81.72,80.7,80.0,58.06,9.43,148395757.69,354089127.62,45507.0
philippines30_12,concentration2_cluster_9_group_none,300.0,290.0,90.46,81.72,80.74,81.82,59.51,20.75,61706486.79,186715554.23,42888.0
turkey13_17,distributed,300.0,254.0,140.08,91.34,89.91,83.33,71.95,21.43,75298672.26,650261957.5,22288.0
turkey13_17,concentration2_cluster_9_group_none,300.0,254.0,139.0,91.34,89.76,100.0,65.33,14.29,127751522.71,1000075924.55,22803.0
cuba02_14,distributed,300.0,244.0,83.7,83.2,82.28,66.67,39.98,7.5,185391251.16,345250851.74,34306.0
cuba02_14,concentration2_cluster_9_group_none,300.0,244.0,83.25,82.79,82.27,100.0,39.02,15.0,101199720.22,280958858.17,32662.0
iceland07_26,distributed,300.0,244.0,100.75,87.3,85.03,75.0,78.06,31.58,92978190.56,519780810.08,28826.0
iceland07_26,concentration2_cluster_9_group_none,300.0,244.0,99.24,86.89,84.82,72.73,64.58,28.95,103557182.49,613923970.69,29640.0
nara01_11,distributed,300.0,319.0,76.06,77.74,76.36,0.0,29.13,1.37,507489621.21,0.0,65322.0
nara01_11,concentration2_cluster_9_group_none,300.0,319.0,76.06,77.74,76.36,0.0,31.71,0.0,0.0,0.0,65335.0
canada33_15,distributed,300.0,237.0,88.3,84.81,83.55,66.67,53.77,21.95,108197761.92,531395328.09,32561.0
canada33_15,concentration2_cluster_9_group_none,300.0,237.0,86.3,84.39,83.19,83.33,51.8,14.63,172065585.81,478770146.05,34457.0
belgium04_29,distributed,300.0,326.0,90.04,79.75,78.79,0.0,25.65,1.47,503572679.28,0.0,60289.0
belgium04_29,concentration2_cluster_9_group_none,300.0,326.0,90.04,79.75,78.79,75.0,26.6,5.88,130555705.63,603921075.21,59191.0
spain07_24,distributed,300.0,364.0,146.12,85.99,84.76,66.67,69.66,16.07,108621808.14,501443002.3,46241.0
spain07_24,concentration2_cluster_9_group_none,300.0,364.0,143.81,85.44,84.57,66.67,65.95,16.07,96587101.85,546074824.79,47084.0
belize04_27,distributed,300.0,338.0,125.8,84.62,83.57,80.0,57.16,18.52,89404139.52,361406036.03,44339.0
belize04_27,concentration2_cluster_9_group_none,300.0,338.0,124.39,84.02,83.49,90.91,54.11,20.37,80001049.03,337897581.55,43825.0
serbia04_7,distributed,300.0,251.0,74.89,81.27,79.96,80.0,46.94,9.43,161150856.8,489471000.02,45477.0
serbia04_7,concentration2_cluster_9_group_none,300.0,251.0,76.17,82.87,79.91,80.0,43.69,18.87,77090610.92,341773966.67,43546.0
okayama_29,distributed,300.0,293.0,119.44,85.67,85.15,70.0,57.18,24.39,74167222.28,327700536.81,32686.0
okayama_29,concentration2_cluster_9_group_none,300.0,293.0,117.93,85.67,84.89,91.67,52.99,29.27,53377733.57,229536974.01,30833.0
chile47_1,distributed,300.0,375.0,201.6,90.93,89.49,61.9,90.51,53.85,50292159.43,531225909.21,24606.0
chile47_1,concentration2_cluster_9_group_none,300.0,375.0,202.47,90.67,89.63,66.67,96.04,69.23,30058833.41,429315238.44,21636.0
iceland06,distributed,300.0,209.0,101.24,89.0,87.84,71.43,67.21,26.92,129731596.78,1093552987.48,19648.0
iceland06,concentration2_cluster_9_group_none,300.0,209.0,103.48,89.95,88.06,100.0,56.15,34.62,99325764.6,543178904.74,18581.0
nara01_19,distributed,300.0,319.0,103.11,81.82,81.43,0.0,26.94,1.79,333570124.64,0.0,49681.0
nara01_19,concentration2_cluster_9_group_none,300.0,319.0,103.11,81.82,81.43,66.67,28.52,5.36,105826323.05,535317589.91,48392.0
india13_9,distributed,300.0,243.0,136.84,91.36,90.32,60.0,45.78,20.0,109085885.26,802010503.7,20312.0
india13_9,concentration2_cluster_9_group_none,300.0,243.0,136.84,91.36,90.32,75.0,44.38,16.0,124107936.1,569026301.34,20556.0
america04_9,distributed,300.0,290.0,101.24,83.79,82.49,42.86,46.17,14.29,110580244.55,395759847.04,41082.0
america04_9,concentration2_cluster_9_group_none,300.0,290.0,100.96,83.45,82.52,66.67,45.07,18.37,75980149.78,308730648.93,39922.0
bulgaria06_23,concentration2_cluster_9_group_none,300.0,241.0,43.96,73.03,72.26,72.22,62.15,27.69,56553856.51,245364641.91,51017.0
bulgaria06_23,distributed,300.0,241.0,42.67,72.61,71.78,80.0,66.36,15.38,106473078.93,355756737.47,54310.0
congo10_13,distributed,300.0,335.0,136.35,85.37,85.18,0.0,33.35,4.17,162176326.78,989934205.01,42361.0
congo10_13,concentration2_cluster_9_group_none,300.0,335.0,136.35,85.37,85.18,0.0,33.77,2.08,174682200.88,1005027724.32,42536.0
america35_27,distributed,300.0,342.0,88.32,79.53,77.5,87.5,39.23,10.26,150266698.28,423475955.74,65362.0
america35_27,concentration2_cluster_9_group_none,300.0,342.0,89.03,79.82,77.59,61.54,38.09,16.67,90889171.96,482679527.95,63263.0
croatia07_2,concentration2_cluster_9_group_none,300.0,221.0,71.18,81.9,81.33,100.0,34.97,2.38,274582847.03,819734949.01,37124.0
croatia07_2,distributed,300.0,221.0,71.18,81.9,81.33,0.0,33.29,2.38,239141199.57,0.0,37133.0
serbia02_18,distributed,300.0,240.0,90.33,84.17,83.9,0.0,35.09,2.56,346675251.71,0.0,34430.0
serbia02_18,concentration2_cluster_9_group_none,300.0,240.0,90.33,84.17,83.9,0.0,34.49,2.56,455915963.2,0.0,34394.0
austria32_18,distributed,300.0,327.0,134.56,87.16,84.99,81.82,72.24,22.0,90565794.17,402052597.77,39714.0
austria32_18,concentration2_cluster_9_group_none,300.0,327.0,124.34,85.32,83.84,61.54,76.71,26.0,78480294.21,541228115.11,39922.0
peru24_12,distributed,300.0,326.0,238.41,96.63,94.43,84.62,93.87,61.9,43368063.02,584298530.51,13328.0
peru24_12,concentration2_cluster_9_group_none,300.0,326.0,223.63,94.79,93.53,81.82,85.36,52.38,59440328.44,804287427.78,13924.0
philippines20_10,distributed,300.0,324.0,78.37,77.78,76.64,58.33,59.69,15.38,86612992.66,304947528.34,65193.0
philippines20_10,concentration2_cluster_9_group_none,300.0,324.0,77.35,77.78,76.38,71.43,62.31,17.95,66206843.76,233535811.59,64258.0
philippines30_6,distributed,300.0,290.0,79.51,80.0,78.58,58.33,57.75,19.35,74307525.91,384594788.82,50522.0
philippines30_6,concentration2_cluster_9_group_none,300.0,290.0,80.78,80.0,78.9,70.0,59.05,32.26,38375357.84,194446986.64,45906.0
peru17_2,distributed,300.0,334.0,213.86,93.71,92.38,62.5,90.22,32.0,97802046.38,1155340845.17,19367.0
peru17_2,concentration2_cluster_9_group_none,300.0,334.0,221.57,94.31,92.96,66.67,81.92,48.0,62421799.15,891990776.69,16483.0
tokyo21_26,distributed,300.0,293.0,113.37,84.98,84.26,0.0,29.25,2.22,237098819.46,1023923466.91,39863.0
tokyo21_26,concentration2_cluster_9_group_none,300.0,293.0,111.97,84.98,84.02,100.0,29.06,4.44,111961871.47,325025905.25,39208.0
okayama_9,concentration2_cluster_9_group_none,300.0,293.0,125.13,86.35,85.92,100.0,59.94,27.5,55720803.45,270640561.2,29891.0
okayama_9,distributed,300.0,293.0,125.83,86.69,85.95,75.0,63.27,40.0,46877547.49,290157266.06,28920.0
congo10_12,concentration2_cluster_9_group_none,300.0,335.0,140.15,85.97,85.6,0.0,34.06,8.7,58301228.09,0.0,39927.0
congo10_12,distributed,300.0,335.0,140.15,85.97,85.6,0.0,32.64,4.35,161069565.23,0.0,40604.0
slovenia06_13,distributed,300.0,320.0,119.46,84.38,83.69,60.0,58.46,19.61,82046859.57,760462787.09,41489.0
slovenia06_13,concentration2_cluster_9_group_none,300.0,320.0,117.91,84.38,83.43,66.67,56.45,23.53,65664511.12,525962217.64,40554.0
myanmar15_17,distributed,300.0,255.0,86.84,83.14,82.15,50.0,30.3,4.55,146610342.37,380306529.71,38580.0
myanmar15_17,concentration2_cluster_9_group_none,300.0,255.0,86.84,83.14,82.15,100.0,32.27,4.55,130627876.56,452878002.82,38115.0
italy16_11,distributed,300.0,214.0,79.53,85.51,83.33,80.0,79.92,26.32,60170416.61,397061080.88,29842.0
italy16_11,concentration2_cluster_9_group_none,300.0,214.0,79.35,85.51,83.29,70.0,72.89,26.32,55461997.28,467329963.24,30292.0
hungary01_18,distributed,300.0,241.0,108.28,87.55,86.66,60.0,55.05,16.13,84196401.35,494921934.49,25763.0
hungary01_18,concentration2_cluster_9_group_none,300.0,241.0,107.54,87.14,86.61,40.0,51.93,16.13,94542247.95,1179197751.77,25853.0
myanmar11_10,distributed,300.0,235.0,63.0,78.72,78.46,28.57,61.92,14.0,104170893.87,892372664.62,42292.0
myanmar11_10,concentration2_cluster_9_group_none,300.0,235.0,63.0,78.72,78.46,50.0,65.32,24.0,51856994.2,344785126.98,39701.0
chile03_2,distributed,300.0,319.0,107.07,82.76,81.95,85.71,43.51,12.5,119974592.43,562069117.92,47314.0
chile03_2,concentration2_cluster_9_group_none,300.0,319.0,111.23,83.7,82.49,100.0,43.33,17.86,84789466.98,435744017.32,46108.0
belize01_6,distributed,300.0,324.0,110.33,83.02,82.18,50.0,27.0,7.02,119572393.4,463905083.99,49364.0
belize01_6,concentration2_cluster_9_group_none,300.0,324.0,109.69,82.72,82.13,100.0,28.18,3.51,232293658.63,444071967.44,50140.0
austria22_29,distributed,300.0,315.0,108.72,83.81,82.26,71.43,58.38,12.73,144522188.1,648378636.29,46269.0
austria22_29,concentration2_cluster_9_group_none,300.0,315.0,108.57,83.49,82.31,81.82,59.73,20.0,84566428.81,485024410.27,44324.0
new-zealand02_13,distributed,300.0,258.0,73.39,79.84,79.36,66.67,28.67,5.88,207228907.63,540504274.33,44412.0
new-zealand02_13,concentration2_cluster_9_group_none,300.0,258.0,73.39,79.84,79.36,100.0,28.47,5.88,175288933.76,369166291.25,44412.0
cuba02_19,distributed,300.0,244.0,70.49,80.33,79.55,100.0,45.83,12.77,109897762.23,268144667.18,39350.0
cuba02_19,concentration2_cluster_9_group_none,300.0,244.0,69.63,79.92,79.4,50.0,44.9,8.51,158884216.65,844079449.27,40453.0
austria37_17,distributed,300.0,334.0,107.52,82.34,81.22,53.33,86.4,24.59,92305424.79,534874483.88,49324.0
austria37_17,concentration2_cluster_9_group_none,300.0,334.0,117.83,84.13,82.62,52.17,90.98,37.7,56989355.97,539279223.2,44582.0
greece22_6,distributed,300.0,348.0,103.86,80.46,80.16,53.85,55.69,19.12,109994410.74,565468916.19,55813.0
greece22_6,concentration2_cluster_9_group_none,300.0,348.0,103.52,80.46,80.1,60.0,49.95,14.71,110939589.03,511468677.24,56377.0
bulgaria06_7,distributed,300.0,241.0,92.16,85.89,83.82,57.14,70.24,35.0,64508115.92,488499189.52,29813.0
bulgaria06_7,concentration2_cluster_9_group_none,300.0,241.0,96.78,87.55,84.41,91.67,66.4,30.0,70938369.69,291201880.88,29203.0
ejypt04_19,distributed,300.0,250.0,48.0,74.8,72.8,71.43,72.92,20.59,93578055.26,271800883.44,55962.0
ejypt04_19,concentration2_cluster_9_group_none,300.0,250.0,47.26,74.0,72.71,46.67,63.48,22.06,83632117.05,395160595.9,55961.0
slovenia06_27,distributed,300.0,320.0,120.07,84.06,83.87,50.0,51.51,8.0,174119719.86,1407808087.29,43258.0
slovenia06_27,concentration2_cluster_9_group_none,300.0,320.0,123.89,84.69,84.34,80.0,50.69,10.0,135862248.1,806495072.74,42582.0
slovenia06_20,distributed,300.0,320.0,120.26,84.38,83.82,37.5,63.03,15.09,116156704.42,1318082526.88,44172.0
slovenia06_20,concentration2_cluster_9_group_none,300.0,320.0,120.38,84.69,83.77,100.0,63.52,9.43,197461821.9,729505759.05,44958.0
austria13_17,distributed,300.0,188.0,49.31,80.85,77.49,75.0,58.57,18.18,68771142.42,298384390.35,35709.0
austria13_17,concentration2_cluster_9_group_none,300.0,188.0,44.69,78.19,76.19,71.43,51.49,15.91,78773549.53,463085435.49,36508.0
romania06_11,distributed,300.0,234.0,142.48,93.16,91.49,66.67,87.8,40.91,77631087.49,629866386.24,15568.0
romania06_11,concentration2_cluster_9_group_none,300.0,234.0,150.6,94.02,92.42,90.0,73.3,45.45,76489995.72,490350428.42,14553.0
tokyo03_18,distributed,300.0,237.0,80.34,83.12,82.06,60.0,36.29,11.63,72062208.38,243136173.66,36293.0
tokyo03_18,concentration2_cluster_9_group_none,300.0,237.0,80.34,83.12,82.06,33.33,39.78,6.98,87390133.42,749290802.93,37390.0
bolivia01_4,distributed,300.0,243.0,85.39,83.54,82.68,100.0,56.04,9.76,105471707.22,303908446.43,35104.0
bolivia01_4,concentration2_cluster_9_group_none,300.0,243.0,85.14,83.13,82.72,100.0,53.56,2.44,381665192.18,739428749.84,36283.0
chile39_20,distributed,300.0,375.0,179.93,89.87,87.45,53.33,96.13,55.56,43572788.68,498735306.45,34296.0
chile39_20,concentration2_cluster_9_group_none,300.0,375.0,188.23,90.67,88.17,58.06,99.59,57.41,45766938.56,466405830.95,32324.0
chile01_9,distributed,300.0,375.0,133.57,84.27,82.78,50.0,75.06,27.69,85401067.03,533348783.26,52277.0
chile01_9,concentration2_cluster_9_group_none,300.0,375.0,133.01,84.0,82.76,66.67,72.15,18.46,101608482.71,506111235.94,53861.0
okayama_14,distributed,300.0,293.0,109.14,83.96,83.75,77.78,50.75,20.93,79156697.87,385639476.62,34033.0
okayama_14,concentration2_cluster_9_group_none,300.0,293.0,109.14,83.96,83.75,70.0,49.06,23.26,60619473.61,368038686.97,34029.0
belize04_25,distributed,300.0,338.0,135.02,85.8,84.71,77.78,59.74,18.0,81218685.53,513175778.12,41177.0
belize04_25,concentration2_cluster_9_group_none,300.0,338.0,134.13,85.8,84.58,90.0,58.31,20.0,77953741.51,355650736.42,40675.0
yamanashi_2,distributed,300.0,320.0,114.5,84.06,82.92,75.0,36.03,7.27,92713514.41,636044086.18,47226.0
yamanashi_2,concentration2_cluster_9_group_none,300.0,320.0,113.22,83.75,82.77,83.33,38.11,10.91,73635613.1,393081456.58,46390.0
philippines30_21,distributed,300.0,290.0,95.66,82.76,81.6,66.67,49.97,16.98,119616112.19,257888764.33,44096.0
philippines30_21,concentration2_cluster_9_group_none,300.0,290.0,98.07,83.45,81.94,80.0,58.97,18.87,110738840.91,252198080.86,43270.0
indonesia43_21,distributed,300.0,344.0,127.25,84.59,83.46,54.55,67.52,20.0,55537732.61,345528272.14,45563.0
indonesia43_21,concentration2_cluster_9_group_none,300.0,344.0,124.79,84.01,83.2,63.64,67.47,20.0,42548416.93,433927067.66,46295.0
austria37_28,distributed,300.0,334.0,136.21,86.83,84.89,60.87,93.93,41.82,59679731.03,563297146.75,39227.0
austria37_28,concentration2_cluster_9_group_none,300.0,334.0,151.84,89.22,86.51,68.0,94.29,45.45,58101583.63,502480010.2,36678.0
philippines25_27,distributed,300.0,371.0,145.06,85.98,84.24,66.67,80.07,25.0,63564127.15,360394929.9,48612.0
philippines25_27,concentration2_cluster_9_group_none,300.0,371.0,148.42,86.25,84.63,85.71,80.3,23.33,59580091.29,300294342.38,47854.0
india06_15,distributed,300.0,235.0,92.17,86.81,84.11,62.5,72.1,21.62,75032673.83,409624731.53,29948.0
india06_15,concentration2_cluster_9_group_none,300.0,235.0,93.53,86.38,84.5,85.71,71.62,18.92,91539891.87,467043179.47,29460.0
mongolia05_15,distributed,300.0,250.0,173.48,95.2,93.68,72.73,90.47,55.0,72789333.58,736403095.01,11784.0
mongolia05_15,concentration2_cluster_9_group_none,300.0,250.0,161.99,94.0,92.56,90.0,88.72,50.0,80178591.4,611052409.67,12475.0
slovenia06_2,distributed,300.0,320.0,121.2,84.38,83.98,38.46,57.85,25.49,65877941.18,629706247.24,40034.0
slovenia06_2,concentration2_cluster_9_group_none,300.0,320.0,121.97,84.69,84.03,62.5,54.41,31.37,43444733.07,352403727.01,38345.0
ukraine01_8,distributed,300.0,284.0,122.93,86.97,86.04,87.5,67.31,20.51,104073807.38,454820249.66,30991.0
ukraine01_8,concentration2_cluster_9_group_none,300.0,284.0,128.71,88.38,86.64,100.0,64.31,20.51,106325172.73,460928282.18,29707.0
romania06_5,distributed,300.0,234.0,139.07,93.59,90.92,88.24,99.32,60.71,40687277.17,417039137.1,17000.0
romania06_5,concentration2_cluster_9_group_none,300.0,234.0,138.17,93.59,90.79,93.33,99.12,53.57,47654832.84,441285691.75,17866.0
austria22_7,distributed,300.0,315.0,99.5,82.22,80.87,83.33,57.08,10.0,197938705.32,420820753.13,51576.0
austria22_7,concentration2_cluster_9_group_none,300.0,315.0,100.7,82.54,81.03,83.33,55.51,10.0,169947500.72,513288879.14,50748.0
romania06_28,distributed,300.0,234.0,147.39,94.87,91.81,73.33,98.09,68.18,43999767.23,585722887.17,12349.0
romania06_28,concentration2_cluster_9_group_none,300.0,234.0,153.03,95.3,92.47,100.0,98.12,59.09,43045275.36,390746219.75,12786.0
romania06_10,distributed,300.0,234.0,134.54,92.74,90.44,70.59,95.81,65.38,46752791.24,458555966.28,15951.0
romania06_10,concentration2_cluster_9_group_none,300.0,234.0,131.07,92.31,90.01,90.91,75.8,42.31,69677718.28,463770097.11,18519.0
chile39_25,distributed,300.0,375.0,174.37,89.6,86.88,64.29,97.11,50.91,47661796.49,370700070.94,36615.0
chile39_25,concentration2_cluster_9_group_none,300.0,375.0,174.06,90.13,86.73,47.37,99.6,69.09,36634866.86,428673793.82,29588.0
peru24_11,distributed,300.0,326.0,231.42,95.4,94.09,75.0,90.01,36.36,100866844.3,1043208082.5,16535.0
peru24_11,concentration2_cluster_9_group_none,300.0,326.0,228.12,95.09,93.87,62.5,88.34,36.36,82735987.1,1185604353.46,16601.0
iceland07_18,distributed,300.0,244.0,96.63,86.48,84.38,100.0,79.44,23.68,132665836.03,557017028.23,29447.0
iceland07_18,concentration2_cluster_9_group_none,300.0,244.0,96.14,87.3,84.09,75.0,80.7,42.11,70427343.23,466279644.18,26812.0
eritrea02_6,distributed,300.0,195.0,104.38,89.74,89.66,100.0,67.37,23.81,78726592.31,477932231.3,16009.0
eritrea02_6,concentration2_cluster_9_group_none,300.0,195.0,103.11,89.74,89.42,100.0,72.14,4.76,343176398.78,1624198696.45,18377.0
austria13_4,distributed,300.0,188.0,61.28,82.45,81.44,50.0,43.23,11.43,144455098.27,533617035.79,29476.0
austria13_4,concentration2_cluster_9_group_none,300.0,188.0,61.28,82.45,81.44,100.0,38.74,8.57,168417519.29,670016690.85,29294.0
hukuoka01_24,distributed,300.0,367.0,180.77,89.65,88.02,68.75,84.52,34.78,75915110.32,479016218.89,34959.0
hukuoka01_24,concentration2_cluster_9_group_none,300.0,367.0,183.78,90.19,88.23,85.71,84.79,30.43,83937534.61,502254955.91,35594.0
china41_3,distributed,300.0,241.0,114.87,89.63,87.37,90.91,67.39,34.38,70030262.74,421967600.72,23232.0
china41_3,concentration2_cluster_9_group_none,300.0,241.0,117.0,89.63,87.74,75.0,66.75,37.5,51955531.31,329742295.72,22010.0
netherlands04_26,concentration2_cluster_9_group_none,300.0,342.0,82.74,78.36,76.5,56.25,46.82,19.51,65938165.09,401409389.13,67803.0
netherlands04_26,distributed,300.0,342.0,83.22,78.36,76.61,80.0,48.79,18.29,72286982.24,264927968.71,67375.0
argeria01_18,distributed,300.0,235.0,156.9,93.62,93.24,100.0,73.34,18.75,103687100.05,1014656857.95,12706.0
argeria01_18,concentration2_cluster_9_group_none,300.0,235.0,156.88,93.62,93.24,80.0,70.3,31.25,86513838.53,815501461.15,12083.0
myanmar13_21,distributed,300.0,228.0,61.38,79.82,78.26,100.0,41.07,6.52,77203063.14,229203977.72,39487.0
myanmar13_21,concentration2_cluster_9_group_none,300.0,228.0,61.47,79.82,78.29,50.0,40.78,8.7,31716331.83,244092751.67,39732.0
congo10_4,distributed,300.0,335.0,104.24,81.19,80.82,33.33,33.7,4.69,136229852.61,1328799669.87,56329.0
congo10_4,concentration2_cluster_9_group_none,300.0,335.0,104.24,81.19,80.82,0.0,33.35,0.0,0.0,0.0,57280.0
ukraine11_4,distributed,300.0,249.0,69.71,79.92,79.02,68.75,55.65,32.65,80334399.92,254581236.54,35145.0
ukraine11_4,concentration2_cluster_9_group_none,300.0,249.0,67.61,79.12,78.61,76.92,54.9,26.53,105642391.94,252945928.97,37377.0
canada34_25,distributed,300.0,279.0,116.53,87.81,85.14,100.0,66.57,21.74,124810696.56,368199193.7,35712.0
canada34_25,concentration2_cluster_9_group_none,300.0,279.0,115.07,87.1,85.05,90.91,56.74,23.91,118787047.13,450795012.52,36122.0
america52_26,distributed,300.0,375.0,121.19,82.67,81.22,90.91,47.15,16.67,99981592.17,378156737.39,54418.0
america52_26,concentration2_cluster_9_group_none,300.0,375.0,122.21,82.93,81.32,53.33,46.29,22.73,70297215.83,389330668.91,54123.0
hukuoka01_22,distributed,300.0,367.0,219.41,93.46,91.06,73.91,81.77,60.53,40816160.51,351118487.48,23694.0
hukuoka01_22,concentration2_cluster_9_group_none,300.0,367.0,213.6,92.37,90.76,82.61,81.83,60.53,42693950.23,279452044.77,21642.0
eritrea02_14,distributed,300.0,195.0,79.45,85.64,85.14,80.0,77.03,18.52,85520794.49,373968924.75,21811.0
eritrea02_14,concentration2_cluster_9_group_none,300.0,195.0,79.23,85.64,85.09,71.43,71.93,25.93,62992099.31,427369462.25,21176.0
america52_28,distributed,300.0,375.0,109.37,80.53,79.69,57.14,49.29,9.46,215485719.26,691424855.67,63655.0
america52_28,concentration2_cluster_9_group_none,300.0,375.0,110.82,81.07,79.82,76.92,49.41,17.57,99361017.57,307293959.01,60226.0
bulgaria05_9,distributed,300.0,180.0,31.31,72.78,71.38,33.33,30.13,5.88,93154641.73,663073536.43,44343.0
bulgaria05_9,concentration2_cluster_9_group_none,300.0,180.0,31.9,73.33,71.6,0.0,27.85,1.96,273368121.14,1153387613.13,45326.0
ukraine11_2,distributed,300.0,249.0,83.04,84.34,81.44,81.25,53.58,34.78,81123597.53,299918917.02,33309.0
ukraine11_2,concentration2_cluster_9_group_none,300.0,249.0,81.05,83.13,81.25,91.67,52.37,26.09,109392312.57,324682109.66,34783.0
argeria07_1,distributed,300.0,182.0,76.54,87.91,85.25,75.0,84.5,30.77,74577349.93,384876999.19,19455.0
argeria07_1,concentration2_cluster_9_group_none,300.0,182.0,83.42,90.11,86.48,71.43,88.62,53.85,40602145.73,234253000.95,16614.0
germany17_17,distributed,300.0,311.0,108.53,83.6,82.53,100.0,35.73,5.66,314249109.48,543411755.66,46244.0
germany17_17,concentration2_cluster_9_group_none,300.0,311.0,109.01,83.6,82.61,100.0,35.75,7.55,230162327.11,560677646.18,45589.0
serbia02_9,distributed,300.0,240.0,86.75,84.58,83.0,60.0,27.95,11.9,60760532.95,317934508.71,35119.0
serbia02_9,concentration2_cluster_9_group_none,300.0,240.0,87.21,84.58,83.1,50.0,29.37,9.52,71702719.47,533640334.38,35705.0
chile21_25,distributed,300.0,147.0,70.38,90.48,87.27,80.0,65.2,26.32,53272891.6,310593314.6,14981.0
chile21_25,concentration2_cluster_9_group_none,300.0,147.0,70.74,89.12,87.68,100.0,74.68,15.79,88385069.28,449910402.33,15943.0
turkey33_24,distributed,300.0,267.0,132.15,89.89,88.07,90.0,79.34,26.32,93497443.07,580475135.99,28777.0
turkey33_24,concentration2_cluster_9_group_none,300.0,267.0,122.47,88.76,86.8,100.0,76.46,21.05,118332946.79,569491001.79,29895.0
china10_24,distributed,300.0,242.0,173.37,95.04,94.35,87.5,80.22,44.44,59618242.38,535841754.76,11644.0
china10_24,concentration2_cluster_9_group_none,300.0,242.0,170.11,94.63,94.06,83.33,79.71,33.33,82395698.21,706788675.66,12345.0
austria13_12,distributed,300.0,188.0,55.76,81.38,79.81,100.0,34.2,7.5,214958490.02,596623967.7,34177.0
austria13_12,concentration2_cluster_9_group_none,300.0,188.0,56.01,81.38,79.9,83.33,40.26,15.0,108302631.18,414118067.59,33100.0
venezuela01_20,concentration2_cluster_9_group_none,300.0,299.0,208.4,94.65,93.88,100.0,80.39,31.58,111822764.31,939161709.22,13678.0
venezuela01_20,distributed,300.0,299.0,222.72,96.66,94.79,81.82,84.5,57.89,62369769.22,626290920.25,11930.0
philippines34_3,distributed,300.0,346.0,83.2,77.46,76.61,10.0,47.15,12.82,69116395.36,397998484.72,65813.0
philippines34_3,concentration2_cluster_9_group_none,300.0,346.0,83.68,77.75,76.65,33.33,49.58,15.38,66552048.0,316294481.11,65931.0
peru19_7,concentration2_cluster_9_group_none,300.0,331.0,148.62,87.31,86.7,77.78,55.18,20.45,89497845.59,486379012.6,35273.0
peru19_7,distributed,300.0,331.0,144.82,87.01,86.25,62.5,58.22,18.18,114113110.11,493729571.64,36357.0
ecuador01_18,distributed,300.0,325.0,212.65,94.46,92.66,76.92,91.98,54.17,54432124.13,528695764.3,14852.0
ecuador01_18,concentration2_cluster_9_group_none,300.0,325.0,210.97,94.46,92.5,78.57,89.65,58.33,49639171.28,524040029.2,15229.0
greece06_23,distributed,300.0,342.0,128.3,84.8,83.69,72.73,43.5,20.0,54941283.8,374307081.95,43688.0
greece06_23,concentration2_cluster_9_group_none,300.0,342.0,128.3,84.8,83.69,50.0,43.01,14.55,79994450.4,500611684.82,46034.0
bulgaria06_15,distributed,300.0,241.0,56.41,77.18,76.14,88.89,64.2,16.67,93266433.99,223003666.57,43116.0
bulgaria06_15,concentration2_cluster_9_group_none,300.0,241.0,57.3,77.59,76.35,66.67,66.07,22.22,64186885.71,190420129.17,41889.0
america52_5,distributed,300.0,375.0,159.23,87.47,85.55,81.82,53.47,19.64,96617355.96,330454602.94,45276.0
america52_5,concentration2_cluster_9_group_none,300.0,375.0,158.93,87.2,85.57,75.0,53.65,21.43,91365426.24,374845424.46,45035.0
burundi03_10,distributed,300.0,236.0,75.54,82.2,81.14,100.0,35.03,2.22,273656084.79,697178576.44,39743.0
burundi03_10,concentration2_cluster_9_group_none,300.0,236.0,75.54,82.2,81.14,100.0,36.0,2.22,289247613.8,750528722.96,39761.0
peru24_3,distributed,300.0,326.0,200.77,93.25,91.7,75.0,94.48,41.38,77178018.94,734192885.1,20243.0
peru24_3,concentration2_cluster_9_group_none,300.0,326.0,210.41,94.48,92.38,100.0,92.51,41.38,73473993.07,562962219.96,19139.0
america35_29,distributed,300.0,342.0,95.2,80.7,78.71,75.0,38.65,10.96,164237637.61,446262615.43,62027.0
america35_29,concentration2_cluster_9_group_none,300.0,342.0,94.47,80.41,78.63,77.78,40.73,12.33,140095740.36,433859393.3,62068.0
bulgaria06_24,distributed,300.0,241.0,73.77,82.99,80.05,90.91,65.31,22.45,91475912.8,269886261.53,38588.0
bulgaria06_24,concentration2_cluster_9_group_none,300.0,241.0,70.59,81.74,79.47,69.23,71.01,26.53,75050088.46,333879044.84,38661.0
philippines20_24,concentration2_cluster_9_group_none,300.0,324.0,81.02,79.01,76.99,72.73,45.08,14.29,62117544.45,345502187.17,65244.0
philippines20_24,distributed,300.0,324.0,80.38,78.7,76.91,69.23,45.97,16.88,61927537.14,231618126.93,63865.0
mongolia05_1,distributed,300.0,250.0,167.69,95.2,93.0,90.0,91.85,47.62,70462880.59,600784878.37,14114.0
mongolia05_1,concentration2_cluster_9_group_none,300.0,250.0,165.32,94.0,92.97,77.78,97.55,42.86,77789110.2,723381034.5,13932.0
philippines25_19,concentration2_cluster_9_group_none,300.0,371.0,101.76,80.59,78.44,77.78,66.71,22.5,52359865.73,287421806.77,64241.0
philippines25_19,distributed,300.0,371.0,102.95,81.4,78.48,71.43,70.75,17.5,92737040.21,380142865.85,64746.0
argeria07_8,distributed,300.0,182.0,84.43,89.01,86.97,100.0,89.19,24.0,93706821.75,452857663.75,19357.0
argeria07_8,concentration2_cluster_9_group_none,300.0,182.0,90.32,91.21,87.83,75.0,82.89,48.0,44266904.25,285810005.71,16963.0
ecuador01_5,distributed,300.0,325.0,189.06,93.54,90.5,75.0,95.05,48.48,55457063.29,438024995.32,21368.0
ecuador01_5,concentration2_cluster_9_group_none,300.0,325.0,193.27,93.54,90.94,84.21,93.3,57.58,45069039.86,346597050.45,20156.0
mongolia05_20,concentration2_cluster_9_group_none,300.0,250.0,165.84,93.6,93.11,71.43,97.78,41.18,91243406.62,1115544901.6,11911.0
mongolia05_20,distributed,300.0,250.0,169.72,94.0,93.49,37.5,94.75,47.06,80825568.96,1656482755.71,11190.0
iceland07_25,distributed,300.0,244.0,114.62,88.93,87.23,60.0,78.78,32.26,80651556.95,476876009.4,22956.0
iceland07_25,concentration2_cluster_9_group_none,300.0,244.0,107.1,87.7,86.16,75.0,92.91,25.81,113865986.16,686396602.06,23960.0
ejypt04_22,concentration2_cluster_9_group_none,300.0,250.0,70.73,81.2,78.91,71.43,52.74,14.0,93035132.04,323986530.42,41242.0
ejypt04_22,distributed,300.0,250.0,69.72,80.8,78.72,50.0,60.34,16.0,110164662.04,401736070.66,41220.0
russia08_21,distributed,300.0,264.0,80.06,82.95,79.87,62.5,79.66,29.09,77005057.17,426068303.9,43128.0
russia08_21,concentration2_cluster_9_group_none,300.0,264.0,82.16,83.71,80.21,75.0,87.08,36.36,67385670.09,298288789.87,40700.0
canada33_16,distributed,300.0,237.0,70.35,81.01,79.92,100.0,62.1,8.7,308107154.55,799273647.6,39561.0
canada33_16,concentration2_cluster_9_group_none,300.0,237.0,71.85,81.86,80.13,70.0,60.8,21.74,116767402.5,497397392.18,37251.0
ukraine12_2,distributed,300.0,255.0,73.0,80.39,79.35,66.67,52.45,17.65,78655463.32,282174640.09,41430.0
ukraine12_2,concentration2_cluster_9_group_none,300.0,255.0,71.11,80.0,78.92,87.5,45.17,15.69,79090766.05,301943642.74,41215.0
greece06_17,distributed,300.0,342.0,87.98,79.24,77.5,80.0,39.74,6.67,215517461.49,500385990.39,64984.0
greece06_17,concentration2_cluster_9_group_none,300.0,342.0,87.99,79.24,77.5,80.0,37.44,6.67,200874362.03,509728559.76,65215.0
turkey13_6,distributed,300.0,254.0,137.39,90.94,89.61,100.0,71.26,19.23,126211332.7,747411635.73,21114.0
turkey13_6,concentration2_cluster_9_group_none,300.0,254.0,136.58,90.55,89.58,100.0,77.62,15.38,183604695.51,746172911.92,21466.0
argeria01_26,distributed,300.0,235.0,142.99,92.34,91.66,75.0,74.24,21.05,90295482.93,1017380655.75,15411.0
argeria01_26,concentration2_cluster_9_group_none,300.0,235.0,142.25,91.91,91.65,100.0,61.41,10.53,142753286.71,870389818.07,16181.0
new-zealand02_22,distributed,300.0,258.0,59.69,77.13,75.92,50.0,32.93,10.34,110421230.93,261695026.12,49717.0
new-zealand02_22,concentration2_cluster_9_group_none,300.0,258.0,59.69,77.13,75.92,66.67,32.84,10.34,123355794.17,234178428.39,48778.0
america04_13,distributed,300.0,290.0,98.32,83.79,81.9,75.0,42.93,14.81,144855684.1,394669962.96,45571.0
america04_13,concentration2_cluster_9_group_none,300.0,290.0,103.77,84.48,82.82,100.0,38.29,18.52,115771185.78,313662783.69,43589.0
austria08_11,distributed,300.0,220.0,62.91,81.36,79.08,91.67,49.49,25.0,63838666.62,240250121.75,37593.0
austria08_11,concentration2_cluster_9_group_none,300.0,220.0,63.97,81.82,79.31,87.5,50.59,16.67,94828407.04,445017865.67,39100.0
okayama_15,distributed,300.0,293.0,134.63,87.71,87.07,33.33,66.5,17.65,81797465.79,704355218.49,27421.0
okayama_15,concentration2_cluster_9_group_none,300.0,293.0,134.63,87.71,87.07,33.33,64.15,17.65,94722214.31,606987844.6,27367.0
indonesia79_27,distributed,300.0,318.0,100.84,82.39,80.9,71.43,87.13,34.43,51017658.93,172240061.41,46669.0
indonesia79_27,concentration2_cluster_9_group_none,300.0,318.0,99.07,81.76,80.7,73.08,85.25,42.62,41270057.62,152747622.15,44309.0
turkey33_22,concentration2_cluster_9_group_none,300.0,267.0,131.4,89.51,88.04,75.0,85.93,36.36,65962243.98,563469219.17,23922.0
turkey33_22,distributed,300.0,267.0,134.61,89.89,88.44,75.0,90.74,36.36,80312693.61,530035847.53,23304.0
austria32_16,distributed,300.0,327.0,136.43,86.54,85.41,58.82,74.18,34.69,65893603.96,496265630.61,37628.0
austria32_16,concentration2_cluster_9_group_none,300.0,327.0,138.51,86.85,85.64,76.92,76.44,26.53,92252385.56,479674947.91,38034.0
myanmar13_2,distributed,300.0,228.0,79.23,83.33,82.51,0.0,40.89,0.0,0.0,0.0,34905.0
myanmar13_2,concentration2_cluster_9_group_none,300.0,228.0,79.23,83.33,82.51,100.0,42.11,2.56,177995469.96,810978329.83,34514.0
ukraine12_27,distributed,300.0,255.0,89.02,83.14,82.65,70.0,42.4,22.73,89406182.5,488535915.39,34957.0
ukraine12_27,concentration2_cluster_9_group_none,300.0,255.0,89.99,83.53,82.77,75.0,38.55,18.18,95480866.6,563592488.49,35937.0
italy16_21,distributed,300.0,214.0,109.61,90.65,88.58,90.0,92.96,34.48,72770329.65,422242314.79,21232.0
italy16_21,concentration2_cluster_9_group_none,300.0,214.0,105.51,89.72,88.03,100.0,83.36,17.24,143718293.14,663791114.86,23169.0
tokyo12_9,distributed,300.0,352.0,83.49,77.27,76.38,0.0,41.18,3.85,200701542.38,0.0,68577.0
tokyo12_9,concentration2_cluster_9_group_none,300.0,352.0,83.49,77.27,76.38,0.0,40.44,10.26,63636340.91,0.0,66286.0
belgium04_8,distributed,300.0,326.0,89.79,79.75,78.74,66.67,28.41,4.48,168312323.95,698851414.96,58264.0
belgium04_8,concentration2_cluster_9_group_none,300.0,326.0,90.51,80.06,78.82,100.0,27.51,5.97,96965081.19,462323761.16,57708.0
canada33_9,distributed,300.0,237.0,74.36,82.7,80.62,71.43,40.69,14.58,147440632.58,570790160.29,39371.0
canada33_9,concentration2_cluster_9_group_none,300.0,237.0,72.68,82.28,80.26,71.43,44.03,14.58,152970880.68,588172353.7,39956.0
argentina10_17,distributed,300.0,336.0,116.34,83.63,82.36,75.0,36.08,13.56,112328526.36,411467363.68,49104.0
argentina10_17,concentration2_cluster_9_group_none,300.0,336.0,111.96,82.74,81.81,40.0,37.16,8.47,159051732.99,1569504377.4,50268.0
slovenia10_23,distributed,300.0,201.0,69.46,83.08,82.46,0.0,39.99,0.0,0.0,0.0,30430.0
slovenia10_23,concentration2_cluster_9_group_none,300.0,201.0,69.46,83.08,82.46,0.0,39.14,0.0,0.0,0.0,30430.0
new-zealand02_15,distributed,300.0,258.0,85.85,82.56,81.83,33.33,31.09,6.52,206931165.12,1565781288.93,39529.0
new-zealand02_15,concentration2_cluster_9_group_none,300.0,258.0,85.85,82.56,81.83,66.67,30.61,6.52,160979340.89,916216962.52,39418.0
chile23_1,distributed,300.0,334.0,144.33,86.53,86.11,37.5,68.91,19.05,102386387.53,565234660.53,35161.0
chile23_1,concentration2_cluster_9_group_none,300.0,334.0,150.56,87.72,86.68,63.64,63.84,26.19,72467394.18,421741364.18,32902.0
iceland07_7,distributed,300.0,244.0,83.84,84.43,82.02,84.62,79.88,26.53,97118929.62,421639011.16,37578.0
iceland07_7,concentration2_cluster_9_group_none,300.0,244.0,86.99,85.25,82.57,84.62,82.23,26.53,96979621.09,406511222.44,37623.0
nara01_14,distributed,300.0,319.0,88.16,79.31,78.92,0.0,32.3,1.56,336327016.55,0.0,56838.0
nara01_14,concentration2_cluster_9_group_none,300.0,319.0,88.16,79.31,78.92,50.0,32.39,3.13,132919438.84,1194127123.23,56510.0
yamanashi_28,distributed,300.0,320.0,99.81,81.56,80.78,50.0,33.8,7.14,144450601.74,1062877787.37,49438.0
yamanashi_28,concentration2_cluster_9_group_none,300.0,320.0,99.81,81.56,80.78,0.0,37.05,1.79,599293890.54,2172688466.15,49972.0
chile03_23,distributed,300.0,319.0,107.18,82.76,81.97,16.67,40.37,10.91,203938893.81,4582100696.64,46987.0
chile03_23,concentration2_cluster_9_group_none,300.0,319.0,107.18,82.76,81.97,100.0,40.98,5.45,306904305.32,995312405.74,48043.0
ejypt04_20,distributed,300.0,250.0,77.48,82.0,80.54,83.33,55.73,12.24,98304516.97,425619106.85,41395.0
ejypt04_20,concentration2_cluster_9_group_none,300.0,250.0,78.98,83.2,80.63,100.0,56.03,12.24,94897595.48,378202871.05,41218.0
belgium04_24,distributed,300.0,326.0,87.48,79.14,78.37,87.5,31.9,11.94,49265779.07,299062632.0,56540.0
belgium04_24,concentration2_cluster_9_group_none,300.0,326.0,87.48,79.14,78.37,85.71,32.9,10.45,54562041.72,324785130.67,56457.0
myanmar13_24,concentration2_cluster_9_group_none,300.0,228.0,50.39,76.75,75.1,100.0,37.01,1.72,132695814.97,1008460258.53,51426.0
myanmar13_24,distributed,300.0,228.0,50.39,76.75,75.1,0.0,37.71,1.72,134671183.54,0.0,51603.0
hukuoka01_26,distributed,300.0,367.0,207.9,91.28,90.46,77.78,78.86,23.08,110076369.99,848112339.99,30177.0
hukuoka01_26,concentration2_cluster_9_group_none,300.0,367.0,211.31,92.37,90.55,61.11,75.56,46.15,45965135.59,662813858.44,25902.0
myanmar03_23,concentration2_cluster_9_group_none,300.0,240.0,61.18,78.33,77.55,75.0,25.92,7.41,119037691.5,533825473.79,46205.0
myanmar03_23,distributed,300.0,240.0,61.18,78.33,77.55,33.33,27.8,5.56,126652284.45,1618084106.17,46968.0
austria08_5,distributed,300.0,220.0,70.88,82.27,81.25,100.0,40.37,7.5,316433707.53,588679827.98,33994.0
austria08_5,concentration2_cluster_9_group_none,300.0,220.0,75.24,83.64,82.12,87.5,44.53,20.0,119742011.46,266787770.08,31562.0
serbia02_4,distributed,300.0,240.0,67.04,79.58,79.06,0.0,39.3,2.04,364073978.27,0.0,43503.0
serbia02_4,concentration2_cluster_9_group_none,300.0,240.0,67.04,79.58,79.06,100.0,39.1,6.12,123392770.19,392896163.78,42550.0
belgium04_11,distributed,300.0,326.0,100.06,80.98,80.6,100.0,32.3,8.06,97321677.05,377646390.65,53265.0
belgium04_11,concentration2_cluster_9_group_none,300.0,326.0,100.06,80.98,80.6,66.67,33.05,9.68,81043319.37,564430446.1,52874.0
cuba02_7,distributed,300.0,244.0,76.13,81.97,80.68,100.0,35.37,6.67,99983113.8,338047157.21,39366.0
cuba02_7,concentration2_cluster_9_group_none,300.0,244.0,76.13,81.97,80.68,100.0,32.97,4.44,179839618.6,327530070.34,39682.0
peru17_1,concentration2_cluster_9_group_none,300.0,334.0,179.77,91.02,89.49,40.91,90.84,56.41,50945948.21,745505618.66,25727.0
peru17_1,distributed,300.0,334.0,184.2,92.22,89.72,65.0,94.2,51.28,59737648.84,603059909.64,25201.0
india13_17,distributed,300.0,243.0,105.35,87.24,86.01,62.5,53.85,24.24,94537834.53,433076091.87,25789.0
india13_17,concentration2_cluster_9_group_none,300.0,243.0,103.73,86.83,85.8,66.67,53.61,27.27,85410496.06,408872775.05,25359.0
italy36_10,distributed,300.0,281.0,105.05,85.77,83.39,40.0,91.52,51.02,45529177.45,423490010.13,33357.0
italy36_10,concentration2_cluster_9_group_none,300.0,281.0,103.04,85.41,83.09,56.25,91.1,32.65,63716267.57,433622133.84,37953.0
venezuela01_10,concentration2_cluster_9_group_none,300.0,299.0,223.56,96.32,94.93,87.5,86.58,47.06,75944585.28,737960584.45,10326.0
venezuela01_10,distributed,300.0,299.0,225.68,96.32,95.12,77.78,95.58,52.94,60294345.74,785860266.15,9599.0
belize01_28,concentration2_cluster_9_group_none,300.0,324.0,69.64,75.62,74.84,0.0,28.15,2.5,145313147.78,0.0,70854.0
belize01_28,distributed,300.0,324.0,70.01,75.93,74.87,50.0,27.96,2.5,129582000.1,1425148279.57,70710.0
slovenia06_22,distributed,300.0,320.0,130.37,85.94,85.07,80.0,53.7,11.36,173015526.0,666319008.16,37245.0
slovenia06_22,concentration2_cluster_9_group_none,300.0,320.0,131.34,85.94,85.22,50.0,54.85,13.64,132441681.41,833049309.97,37664.0
argentina10_12,distributed,300.0,336.0,116.9,83.93,82.39,50.0,31.65,7.02,278967633.22,1102512891.35,49988.0
argentina10_12,concentration2_cluster_9_group_none,300.0,336.0,118.58,84.52,82.53,83.33,32.86,10.53,159968621.48,753238846.37,48849.0
myanmar11_11,distributed,300.0,235.0,62.68,79.57,78.14,50.0,49.22,15.69,65507417.27,354046519.61,41503.0
myanmar11_11,concentration2_cluster_9_group_none,300.0,235.0,62.17,79.15,78.08,85.71,49.66,13.73,79230022.41,327438101.03,41888.0
slovenia06_12,distributed,300.0,320.0,151.8,88.44,87.54,81.82,49.35,26.83,55675668.3,383968463.15,31638.0
slovenia06_12,concentration2_cluster_9_group_none,300.0,320.0,153.2,88.75,87.66,58.33,53.92,29.27,66583300.19,499120663.56,32000.0
austria37_2,distributed,300.0,334.0,119.15,84.43,82.77,58.82,80.93,28.33,76745345.27,608372528.73,46258.0
austria37_2,concentration2_cluster_9_group_none,300.0,334.0,119.02,84.73,82.68,61.9,88.84,35.0,58373113.32,458512187.22,44724.0
indonesia80_2,concentration2_cluster_9_group_none,300.0,344.0,127.29,85.17,83.33,80.0,56.37,16.67,55057310.63,230135387.91,49688.0
indonesia80_2,distributed,300.0,344.0,127.92,85.17,83.42,42.86,56.75,11.67,74605963.93,429343817.77,50876.0
america04,distributed,300.0,290.0,98.54,83.79,81.95,77.78,52.5,16.07,123190143.31,503211682.73,46721.0
america04,concentration2_cluster_9_group_none,300.0,290.0,98.28,83.45,81.98,90.91,50.23,19.64,105412982.78,421455596.06,44832.0
chile23_23,distributed,300.0,334.0,133.33,86.23,84.6,70.0,64.68,19.23,77557995.29,489782528.85,41841.0
chile23_23,concentration2_cluster_9_group_none,300.0,334.0,132.26,85.93,84.51,75.0,60.16,15.38,68654716.56,417207249.33,43061.0
bulgaria05_10,distributed,300.0,180.0,52.04,80.56,79.51,60.0,37.77,14.71,77678203.38,206687026.85,28109.0
bulgaria05_10,concentration2_cluster_9_group_none,300.0,180.0,52.04,80.56,79.51,100.0,33.56,11.76,113510012.6,202864003.43,28359.0
chile23_2,distributed,300.0,334.0,145.7,86.83,86.23,60.0,57.85,10.87,142598240.89,787544927.66,38807.0
chile23_2,concentration2_cluster_9_group_none,300.0,334.0,146.46,87.13,86.27,83.33,56.69,26.09,60446402.06,441521367.06,35179.0
chile03_25,distributed,300.0,319.0,102.06,82.13,81.14,83.33,43.75,20.69,86383625.23,327851969.16,45661.0
chile03_25,concentration2_cluster_9_group_none,300.0,319.0,102.06,82.13,81.14,92.31,43.18,22.41,71624922.09,306427255.16,45729.0
bulgaria05_19,distributed,300.0,180.0,43.73,77.78,76.73,50.0,26.5,10.53,99811999.78,400685693.33,32122.0
bulgaria05_19,concentration2_cluster_9_group_none,300.0,180.0,43.73,77.78,76.73,100.0,25.75,7.89,117172764.09,247440253.88,32849.0
spain07_9,distributed,300.0,364.0,127.11,84.07,82.43,69.23,49.97,20.31,79667551.49,397695733.47,51348.0
spain07_9,concentration2_cluster_9_group_none,300.0,364.0,127.84,84.07,82.54,90.91,53.82,17.19,89390526.67,469599817.77,52016.0
turkey33_27,distributed,300.0,267.0,135.17,89.89,88.52,72.73,93.18,35.48,68217740.83,509388787.98,23633.0
turkey33_27,concentration2_cluster_9_group_none,300.0,267.0,136.1,89.89,88.66,77.78,85.82,29.03,89110674.23,523209006.19,23680.0
yamanashi_15,distributed,300.0,320.0,104.89,82.81,81.46,100.0,36.84,5.26,132946047.06,222606668.09,49686.0
yamanashi_15,concentration2_cluster_9_group_none,300.0,320.0,104.19,82.19,81.48,100.0,37.01,1.75,379018355.93,609777019.59,50375.0
croatia07_7,distributed,300.0,221.0,75.31,82.35,82.35,0.0,39.05,8.57,109049071.63,0.0,30050.0
croatia07_7,concentration2_cluster_9_group_none,300.0,221.0,75.31,82.35,82.35,0.0,39.46,2.86,282009371.97,0.0,31099.0
austria37_4,distributed,300.0,334.0,138.54,87.72,85.02,66.67,88.69,32.73,80737349.25,523554902.27,41578.0
austria37_4,concentration2_cluster_9_group_none,300.0,334.0,142.22,88.02,85.48,89.47,85.9,34.55,74117871.08,440346855.71,39894.0
myanmar15_16,distributed,300.0,255.0,71.44,80.0,79.02,100.0,33.64,1.96,324755494.27,562914110.44,45083.0
myanmar15_16,concentration2_cluster_9_group_none,300.0,255.0,71.44,80.0,79.02,50.0,33.03,3.92,165120253.1,508622901.44,44686.0
tokyo03_17,concentration2_cluster_9_group_none,300.0,237.0,81.38,83.54,82.22,0.0,40.25,0.0,0.0,0.0,35800.0
tokyo03_17,distributed,300.0,237.0,81.38,83.54,82.22,0.0,42.59,0.0,0.0,0.0,35800.0
greece06_1,concentration2_cluster_9_group_none,300.0,342.0,127.18,84.5,83.58,100.0,43.29,1.85,621575063.05,898486443.52,47906.0
greece06_1,distributed,300.0,342.0,129.23,85.09,83.77,50.0,46.03,7.41,189393555.77,1369569763.69,46529.0
chile47_22,distributed,300.0,375.0,214.94,92.27,90.48,60.0,87.79,41.67,62966622.27,668824114.43,26094.0
chile47_22,concentration2_cluster_9_group_none,300.0,375.0,209.56,91.47,90.15,52.94,93.89,47.22,50743060.65,643721049.09,24964.0
congo10_7,distributed,300.0,335.0,130.15,85.07,84.32,100.0,32.6,1.92,345936381.67,1128389259.4,46011.0
congo10_7,concentration2_cluster_9_group_none,300.0,335.0,130.15,85.07,84.32,100.0,32.57,3.85,126014143.11,496898914.26,45722.0
ukraine01_21,distributed,300.0,284.0,122.55,86.62,86.06,75.0,65.1,9.76,271472951.1,1318622909.54,34858.0
ukraine01_21,concentration2_cluster_9_group_none,300.0,284.0,122.28,86.62,86.02,66.67,60.16,7.32,326625342.12,1756948864.5,35522.0
bolivia01_2,distributed,300.0,243.0,99.51,86.01,85.16,75.0,61.07,11.11,76415838.43,576100498.42,30419.0
bolivia01_2,concentration2_cluster_9_group_none,300.0,243.0,98.63,85.6,85.08,66.67,62.47,8.33,104860900.81,594496904.07,31083.0
croatia07_29,distributed,300.0,221.0,54.39,77.38,77.09,33.33,41.23,6.25,152464184.32,1464714980.3,41787.0
croatia07_29,concentration2_cluster_9_group_none,300.0,221.0,54.39,77.38,77.09,66.67,41.04,6.25,148714191.66,732482453.16,41679.0
austria22_4,distributed,300.0,315.0,85.0,79.68,78.34,80.0,61.04,14.29,106674306.31,398713937.25,58347.0
austria22_4,concentration2_cluster_9_group_none,300.0,315.0,83.84,79.37,78.15,56.25,58.81,22.86,72247990.1,417324898.53,56283.0
canada34_13,distributed,300.0,279.0,83.29,82.44,79.69,75.0,59.89,14.04,195529941.78,546362066.01,47272.0
canada34_13,concentration2_cluster_9_group_none,300.0,279.0,80.19,81.0,79.28,70.0,60.0,17.54,126958894.86,540043531.05,47057.0
italy54_10,distributed,300.0,336.0,106.56,82.74,80.82,60.0,56.0,26.32,80390869.55,537188789.25,42549.0
italy54_10,concentration2_cluster_9_group_none,300.0,336.0,109.05,82.74,81.28,50.0,60.17,24.56,102816693.72,706299553.56,44185.0
germany08_16,distributed,300.0,269.0,104.56,86.25,84.06,66.67,78.48,27.27,75599368.34,515975739.6,34895.0
germany08_16,concentration2_cluster_9_group_none,300.0,269.0,103.65,85.5,84.06,80.0,73.82,22.73,83726857.12,511225057.09,34738.0
mongolia05_19,distributed,300.0,250.0,146.49,93.6,90.63,75.0,92.61,57.14,57787227.18,520506752.76,17721.0
mongolia05_19,concentration2_cluster_9_group_none,300.0,250.0,153.39,94.0,91.47,78.95,94.28,67.86,45955062.12,417038190.63,15978.0
hukuoka01_8,distributed,300.0,367.0,186.96,89.37,88.76,71.43,81.81,33.33,74338752.05,533443300.29,31663.0
hukuoka01_8,concentration2_cluster_9_group_none,300.0,367.0,198.49,90.74,89.65,100.0,72.0,42.86,66030369.45,346745535.78,28008.0
sapporo_2,distributed,300.0,253.0,71.03,79.84,79.1,71.43,42.45,13.46,59390893.11,305473528.69,43290.0
sapporo_2,concentration2_cluster_9_group_none,300.0,253.0,71.8,80.24,79.21,80.0,44.83,9.62,88715142.31,447027863.29,44258.0
myanmar12_28,distributed,300.0,226.0,71.63,81.86,81.02,0.0,36.27,2.33,195000467.8,0.0,38199.0
myanmar12_28,concentration2_cluster_9_group_none,300.0,226.0,71.63,81.86,81.02,100.0,35.92,4.65,90191448.93,183619299.9,37619.0
iceland06_2,distributed,300.0,209.0,105.35,89.95,88.42,87.5,80.21,32.0,110856996.99,522835699.59,18932.0
iceland06_2,concentration2_cluster_9_group_none,300.0,209.0,105.46,90.43,88.33,81.82,76.85,44.0,78221562.92,431875001.87,17060.0
china10_29,distributed,300.0,242.0,139.92,92.15,90.68,71.43,85.38,30.43,57002597.27,635128813.29,17233.0
china10_29,concentration2_cluster_9_group_none,300.0,242.0,143.9,92.98,91.06,66.67,84.99,39.13,50015693.59,603963185.77,16787.0
italy36_15,distributed,300.0,281.0,112.91,86.83,84.59,52.63,93.61,43.18,66677842.51,389805710.14,30754.0
italy36_15,concentration2_cluster_9_group_none,300.0,281.0,114.1,86.48,84.88,55.0,98.76,45.45,60354379.89,377108210.78,30321.0
india06_14,distributed,300.0,235.0,111.5,88.94,87.43,66.67,80.71,19.35,111318156.64,578294814.75,24883.0
india06_14,concentration2_cluster_9_group_none,300.0,235.0,111.23,88.94,87.38,75.0,71.23,25.81,73143872.89,428726128.21,24227.0
peru17,distributed,300.0,334.0,206.19,93.41,91.72,80.0,90.81,33.33,110286876.62,815981949.77,22439.0
peru17,concentration2_cluster_9_group_none,300.0,334.0,209.02,93.11,92.05,100.0,89.27,30.0,119666694.23,695353245.25,22134.0
ukraine01_26,distributed,300.0,284.0,129.9,88.03,86.91,62.5,67.64,20.51,140815135.96,826700124.68,31636.0
ukraine01_26,concentration2_cluster_9_group_none,300.0,284.0,131.96,88.03,87.22,62.5,57.41,20.51,134485327.16,866771047.81,31282.0
belgium04_3,distributed,300.0,326.0,101.49,81.9,80.65,66.67,36.83,9.84,129552702.69,398322306.52,52108.0
belgium04_3,concentration2_cluster_9_group_none,300.0,326.0,103.48,82.21,80.97,100.0,36.51,13.11,87477684.05,217916468.87,50885.0
chile39_10,distributed,300.0,375.0,230.59,94.4,91.43,74.19,96.08,79.49,36870129.96,368156675.4,18524.0
chile39_10,concentration2_cluster_9_group_none,300.0,375.0,243.98,95.47,92.33,83.33,99.57,76.92,36141497.83,318308274.62,19248.0
austria32_27,concentration2_cluster_9_group_none,300.0,327.0,113.63,83.79,82.4,78.26,76.18,38.33,66864406.53,255276469.0,43495.0
austria32_27,distributed,300.0,327.0,122.63,85.93,83.42,73.91,77.25,38.33,69729963.22,292289483.47,43564.0
belize01_25,distributed,300.0,324.0,98.71,80.86,80.48,0.0,29.98,0.0,0.0,0.0,56385.0
belize01_25,concentration2_cluster_9_group_none,300.0,324.0,98.71,80.86,80.48,0.0,28.69,0.0,0.0,0.0,56385.0
philippines20_21,distributed,300.0,324.0,83.62,78.7,77.7,77.78,58.47,12.33,78019157.82,319437946.31,62215.0
philippines20_21,concentration2_cluster_9_group_none,300.0,324.0,88.12,80.25,78.36,75.0,57.14,21.92,45150240.86,250862349.23,59352.0
philippines22_18,distributed,300.0,329.0,80.47,78.12,76.78,66.67,24.74,4.11,176782019.53,371944447.36,63595.0
philippines22_18,concentration2_cluster_9_group_none,300.0,329.0,80.47,78.12,76.78,33.33,24.35,4.11,167023636.19,1063965875.59,63427.0
new-zealand20_20,distributed,300.0,330.0,140.42,87.58,85.56,73.68,84.7,38.78,62334622.97,435180986.21,35004.0
new-zealand20_20,concentration2_cluster_9_group_none,300.0,330.0,150.35,89.09,86.59,81.25,68.55,32.65,67340770.27,369753422.37,35799.0
indonesia43_10,distributed,300.0,344.0,109.89,82.27,81.08,70.0,72.01,15.63,105409441.51,416442840.5,52941.0
indonesia43_10,concentration2_cluster_9_group_none,300.0,344.0,111.18,82.56,81.24,68.75,74.11,25.0,57928799.42,343425239.63,51003.0
philippines34_17,distributed,300.0,346.0,121.27,83.24,82.7,33.33,42.69,5.17,247629683.72,791677583.2,50770.0
philippines34_17,concentration2_cluster_9_group_none,300.0,346.0,120.15,82.95,82.59,60.0,41.23,8.62,156382608.81,567226003.98,49667.0
austria13_21,distributed,300.0,188.0,74.31,86.7,84.29,85.71,49.3,22.58,88900215.54,407841554.32,25128.0
austria13_21,concentration2_cluster_9_group_none,300.0,188.0,77.14,87.77,84.79,70.0,44.05,32.26,52230057.37,356842068.6,23430.0
turkey18_18,distributed,300.0,253.0,94.55,85.38,83.48,58.82,76.29,40.48,47981057.56,344965610.33,30799.0
turkey18_18,concentration2_cluster_9_group_none,300.0,253.0,93.75,85.38,83.31,75.0,62.05,38.1,53174973.95,269622535.6,30449.0
america52_24,distributed,300.0,375.0,163.81,86.93,86.24,70.0,51.41,19.61,110118909.86,480318543.16,40664.0
america52_24,concentration2_cluster_9_group_none,300.0,375.0,160.81,86.4,85.99,44.44,49.39,17.65,100355045.59,910852917.27,41703.0
okayama_13,concentration2_cluster_9_group_none,300.0,293.0,102.53,83.28,82.66,77.78,53.1,18.37,104783913.13,353199626.43,40111.0
okayama_13,distributed,300.0,293.0,101.56,82.94,82.55,85.71,50.82,14.29,132199882.36,400608412.52,40788.0
chile47_27,distributed,300.0,375.0,194.84,89.87,89.04,77.78,80.48,47.37,55905477.0,426273655.62,24629.0
chile47_27,concentration2_cluster_9_group_none,300.0,375.0,196.38,90.13,89.14,77.27,91.23,57.89,49812479.1,333731448.87,22501.0
bulgaria06_19,distributed,300.0,241.0,84.78,84.23,82.54,45.45,61.46,26.19,72750260.75,462816281.0,33112.0
bulgaria06_19,concentration2_cluster_9_group_none,300.0,241.0,88.14,85.48,83.02,90.0,60.45,23.81,80694060.57,294926494.34,33203.0
india06_4,distributed,300.0,235.0,110.1,88.51,87.28,83.33,78.56,20.69,86936018.57,603119677.5,23408.0
india06_4,concentration2_cluster_9_group_none,300.0,235.0,108.92,88.09,87.16,66.67,64.34,20.69,95186459.01,822698813.49,23693.0
ukraine11_12,distributed,300.0,249.0,71.08,80.72,79.21,66.67,54.73,24.0,88863112.5,444808867.78,39734.0
ukraine11_12,concentration2_cluster_9_group_none,300.0,249.0,71.08,80.72,79.21,88.89,55.74,18.0,117554056.79,518333705.57,41621.0
canada34_4,distributed,300.0,279.0,116.6,87.1,85.31,57.14,56.53,31.82,80843339.26,663496052.69,32958.0
canada34_4,concentration2_cluster_9_group_none,300.0,279.0,113.22,86.38,84.89,50.0,57.49,22.73,120925895.66,1237515195.36,34918.0
austria22_5,distributed,300.0,315.0,104.39,83.17,81.6,80.0,54.52,8.77,228656901.63,536528507.4,48661.0
austria22_5,concentration2_cluster_9_group_none,300.0,315.0,101.83,82.54,81.25,42.86,50.7,12.28,160236420.63,747313701.76,47903.0
hukuoka01_5,distributed,300.0,367.0,229.24,93.46,91.94,66.67,80.69,45.45,56929626.51,631575310.69,22908.0
hukuoka01_5,concentration2_cluster_9_group_none,300.0,367.0,222.84,92.64,91.55,100.0,80.26,30.3,85745782.78,567453328.82,25043.0
myanmar12_25,distributed,300.0,226.0,69.67,81.86,80.47,100.0,33.2,4.65,94112329.46,252735378.92,37376.0
myanmar12_25,concentration2_cluster_9_group_none,300.0,226.0,69.67,81.86,80.47,50.0,33.27,4.65,76974853.96,714628935.59,37505.0
germany17_22,concentration2_cluster_9_group_none,300.0,311.0,81.89,78.78,78.08,60.0,35.54,15.87,92188285.39,372040809.77,51737.0
germany17_22,distributed,300.0,311.0,82.3,79.1,78.1,72.73,36.95,17.46,90385638.8,257698004.05,51220.0
peru19_23,distributed,300.0,331.0,113.42,82.78,82.36,50.0,54.79,11.11,165411543.11,859605604.85,46173.0
peru19_23,concentration2_cluster_9_group_none,300.0,331.0,113.28,82.78,82.33,58.33,57.19,22.22,70867672.56,456140270.05,42390.0
america20_6,distributed,300.0,323.0,109.91,83.28,82.1,60.0,23.73,9.09,178648240.78,594008445.71,46883.0
america20_6,concentration2_cluster_9_group_none,300.0,323.0,109.47,83.28,82.02,75.0,22.99,7.27,257036893.38,516670883.77,47310.0
cuba02_9,distributed,300.0,244.0,79.09,82.38,81.34,66.67,42.84,19.57,79597520.41,414177786.07,37549.0
cuba02_9,concentration2_cluster_9_group_none,300.0,244.0,79.09,82.38,81.34,85.71,42.5,15.22,95982686.93,343144133.46,37818.0
philippines25_24,distributed,300.0,371.0,139.21,84.64,83.73,84.62,72.52,21.67,81464883.33,278721961.3,47948.0
philippines25_24,concentration2_cluster_9_group_none,300.0,371.0,140.71,84.91,83.88,83.33,70.92,20.0,70229380.03,273934413.7,48222.0
slovenia10_9,distributed,300.0,201.0,73.12,83.58,83.36,100.0,34.73,9.68,70384487.08,346542509.27,25837.0
slovenia10_9,concentration2_cluster_9_group_none,300.0,201.0,73.54,83.58,83.48,100.0,34.78,3.23,294456209.47,1072411243.46,27021.0
eritrea02_23,distributed,300.0,195.0,74.72,84.62,84.16,100.0,76.46,29.03,54491624.34,226663290.94,23308.0
eritrea02_23,concentration2_cluster_9_group_none,300.0,195.0,74.03,84.62,83.97,91.67,67.08,38.71,38146251.61,172207092.41,21889.0
tokyo12_4,distributed,300.0,352.0,123.37,83.52,82.63,33.33,45.01,5.08,215125009.51,1574783447.47,51797.0
tokyo12_4,concentration2_cluster_9_group_none,300.0,352.0,123.37,83.52,82.63,100.0,42.16,1.69,477574420.66,1806053567.83,52378.0
chile01,distributed,300.0,375.0,150.22,86.13,84.69,68.75,73.62,27.12,83342398.42,380495264.03,46228.0
chile01,concentration2_cluster_9_group_none,300.0,375.0,150.19,86.93,84.5,81.82,73.78,18.64,119648820.26,394866462.2,47844.0
peru13_10,concentration2_cluster_9_group_none,300.0,319.0,138.05,87.46,85.93,77.78,63.99,20.45,105968674.41,623014901.54,35549.0
peru13_10,distributed,300.0,319.0,139.8,87.46,86.18,90.0,72.02,22.73,90274295.39,425116903.32,35119.0
italy16_23,distributed,300.0,214.0,99.81,89.25,87.02,100.0,82.02,29.03,81298885.7,342359056.47,23173.0
italy16_23,concentration2_cluster_9_group_none,300.0,214.0,99.63,88.79,87.09,100.0,80.01,35.48,63674848.65,273001833.11,22430.0
greece22_17,distributed,300.0,348.0,132.36,85.34,83.84,66.67,57.99,20.69,90781278.47,502963510.25,47431.0
greece22_17,concentration2_cluster_9_group_none,300.0,348.0,132.69,85.34,83.89,75.0,56.86,20.69,80942126.87,540212588.91,46324.0
myanmar14_5,concentration2_cluster_9_group_none,300.0,241.0,75.06,81.74,80.7,0.0,22.11,2.13,145441269.82,0.0,41494.0
myanmar14_5,distributed,300.0,241.0,75.06,81.74,80.7,0.0,22.95,0.0,0.0,0.0,42065.0
italy36_8,concentration2_cluster_9_group_none,300.0,281.0,140.21,89.68,88.27,75.0,77.41,34.29,69580698.78,509437037.36,25814.0
italy36_8,distributed,300.0,281.0,134.91,88.61,87.74,92.31,84.13,37.14,63148010.61,386045339.9,25942.0
nara01_26,concentration2_cluster_9_group_none,300.0,319.0,83.94,78.68,78.09,0.0,30.33,4.55,127004814.79,0.0,57786.0
nara01_26,distributed,300.0,319.0,83.94,78.68,78.09,0.0,30.45,4.55,147802194.5,0.0,57960.0
new-zealand02_26,distributed,300.0,258.0,61.34,77.91,76.26,100.0,31.1,14.52,81080834.28,277367525.09,50468.0
new-zealand02_26,concentration2_cluster_9_group_none,300.0,258.0,61.37,77.91,76.27,81.82,31.8,17.74,63509496.63,261882313.48,50208.0
serbia04_17,distributed,300.0,251.0,100.73,86.85,84.56,75.0,59.55,20.0,100235265.87,468152937.91,32756.0
serbia04_17,concentration2_cluster_9_group_none,300.0,251.0,102.54,86.85,84.92,85.71,55.82,17.5,122390880.81,458653509.35,32949.0
turkey18_29,concentration2_cluster_9_group_none,300.0,253.0,91.67,83.79,83.23,84.62,69.69,32.5,63439513.0,300622268.15,29613.0
turkey18_29,distributed,300.0,253.0,93.91,84.98,83.43,77.78,71.32,22.5,93380077.34,400085937.28,31828.0
new-zealand02_24,distributed,300.0,258.0,91.19,83.33,82.85,75.0,34.3,10.0,113324794.88,359853934.45,33762.0
new-zealand02_24,concentration2_cluster_9_group_none,300.0,258.0,91.19,83.33,82.85,42.86,33.74,17.5,71140840.21,485971015.87,32664.0
china19_17,distributed,300.0,276.0,150.45,92.75,89.37,82.35,91.94,50.0,64494251.4,424292180.6,21824.0
china19_17,concentration2_cluster_9_group_none,300.0,276.0,149.07,92.03,89.34,57.89,98.8,55.88,56813149.09,493199245.43,21648.0
romania06_2,distributed,300.0,234.0,152.65,94.02,92.69,100.0,76.32,26.32,139366395.59,1046623816.11,13904.0
romania06_2,concentration2_cluster_9_group_none,300.0,234.0,160.96,95.73,93.39,100.0,72.96,42.11,83156356.54,561462690.32,12371.0
ecuador01_6,distributed,300.0,325.0,200.34,92.92,91.79,73.33,89.59,51.72,61330836.78,540393984.95,18455.0
ecuador01_6,concentration2_cluster_9_group_none,300.0,325.0,206.9,93.54,92.3,73.33,90.57,51.72,60025392.99,587395322.21,18326.0
peru17_16,distributed,300.0,334.0,236.35,95.51,94.0,58.82,95.88,70.83,47919552.49,780506243.62,11947.0
peru17_16,concentration2_cluster_9_group_none,300.0,334.0,225.7,94.31,93.33,50.0,94.51,58.33,57448191.29,1136958447.85,14272.0
austria08_1,distributed,300.0,220.0,74.81,83.64,82.0,55.56,41.53,21.95,82578880.42,668324563.09,32477.0
austria08_1,concentration2_cluster_9_group_none,300.0,220.0,77.25,84.55,82.43,87.5,48.38,19.51,84867863.73,492162939.22,32109.0
chile01_19,distributed,300.0,375.0,178.65,89.33,87.43,78.57,82.97,29.79,86230326.45,433958125.33,36219.0
chile01_19,concentration2_cluster_9_group_none,300.0,375.0,175.98,88.27,87.36,75.0,77.07,25.53,93766449.44,412960706.65,36863.0
philippines30_1,concentration2_cluster_9_group_none,300.0,290.0,70.26,78.28,76.55,57.14,69.6,20.0,60310169.4,480792027.32,58316.0
philippines30_1,distributed,300.0,290.0,70.23,78.97,76.36,66.67,61.19,17.14,72339359.58,382500972.19,58069.0
austria13_29,distributed,300.0,188.0,55.32,81.38,79.65,87.5,57.11,21.05,76603221.49,308126982.81,30531.0
austria13_29,concentration2_cluster_9_group_none,300.0,188.0,55.57,81.91,79.62,100.0,50.36,21.05,87348417.97,306995539.85,30390.0
chile47_25,distributed,300.0,375.0,238.05,93.87,92.18,88.24,95.37,54.84,52321102.05,533518108.95,20270.0
chile47_25,concentration2_cluster_9_group_none,300.0,375.0,242.37,94.13,92.48,88.89,98.14,58.06,49834958.94,522411380.53,18169.0
slovenia06,distributed,300.0,320.0,131.18,86.25,85.12,80.0,54.67,10.87,124666499.5,609973621.93,39095.0
slovenia06,concentration2_cluster_9_group_none,300.0,320.0,130.66,85.94,85.12,71.43,55.41,15.22,98788247.62,626790671.02,38571.0
ibaragi_8,distributed,300.0,258.0,62.67,77.91,76.69,50.0,45.32,7.02,110457850.04,682726567.74,49430.0
ibaragi_8,concentration2_cluster_9_group_none,300.0,258.0,62.67,77.91,76.69,33.33,42.78,10.53,58100934.06,305941963.07,47829.0
turkey33,distributed,300.0,267.0,114.76,87.64,85.75,71.43,92.94,36.84,69720244.42,549224854.06,27786.0
turkey33,concentration2_cluster_9_group_none,300.0,267.0,116.09,87.27,86.07,50.0,81.68,36.84,68049825.34,678159552.45,28089.0
serbia04_3,distributed,300.0,251.0,59.83,78.09,76.27,57.14,54.64,24.14,54195484.08,221718450.62,44930.0
serbia04_3,concentration2_cluster_9_group_none,300.0,251.0,57.8,76.89,75.89,71.43,50.61,24.14,55093040.95,198629847.78,44708.0
america03_2,distributed,300.0,334.0,96.13,80.84,79.35,70.59,55.21,23.94,65375706.53,358796995.99,56043.0
america03_2,concentration2_cluster_9_group_none,300.0,334.0,96.62,80.84,79.45,88.24,54.9,23.94,61203282.67,323131776.75,57417.0
serbia02_23,distributed,300.0,240.0,52.26,75.42,75.16,33.33,33.89,5.08,188807956.99,952500402.35,51710.0
serbia02_23,concentration2_cluster_9_group_none,300.0,240.0,53.07,75.83,75.35,75.0,34.43,6.78,141855502.94,490911172.24,50977.0
philippines20_5,distributed,300.0,324.0,82.99,79.94,77.24,80.0,53.59,14.08,74983717.23,190380719.55,60310.0
philippines20_5,concentration2_cluster_9_group_none,300.0,324.0,79.47,78.4,76.76,100.0,52.57,15.49,72822416.0,173599685.86,59097.0
bulgaria05_25,distributed,300.0,180.0,59.78,82.78,81.73,100.0,27.94,3.23,176541482.18,620986978.27,27123.0
bulgaria05_25,concentration2_cluster_9_group_none,300.0,180.0,63.44,83.89,82.66,100.0,30.05,6.45,93534571.4,346234564.88,26588.0
india13_21,distributed,300.0,243.0,133.65,90.12,90.12,75.0,49.26,17.39,86082389.94,703915461.8,19027.0
india13_21,concentration2_cluster_9_group_none,300.0,243.0,133.65,90.12,90.12,100.0,50.28,26.09,70071097.17,392694588.22,18152.0
argeria07_16,distributed,300.0,182.0,66.96,85.16,83.21,62.5,80.82,25.0,77173708.75,433151141.5,24696.0
argeria07_16,concentration2_cluster_9_group_none,300.0,182.0,68.27,85.71,83.47,88.89,86.13,28.13,106436010.22,270083466.32,24380.0
romania06_17,distributed,300.0,234.0,124.72,91.45,89.2,60.0,99.3,55.56,58486548.47,567010409.6,16731.0
romania06_17,concentration2_cluster_9_group_none,300.0,234.0,127.03,91.45,89.57,60.0,90.83,55.56,54942848.34,525235747.16,16299.0
italy16_26,distributed,300.0,214.0,103.54,88.79,87.86,87.5,80.27,29.63,64298384.7,496984375.45,19405.0
italy16_26,concentration2_cluster_9_group_none,300.0,214.0,103.74,88.79,87.9,87.5,76.47,29.63,68627350.6,453667850.81,19963.0
myanmar12_22,distributed,300.0,226.0,75.68,82.74,81.91,0.0,33.07,2.5,294460047.76,0.0,35598.0
myanmar12_22,concentration2_cluster_9_group_none,300.0,226.0,75.68,82.74,81.91,0.0,31.87,0.0,0.0,0.0,35800.0
argeria07_4,distributed,300.0,182.0,80.4,88.46,86.11,75.0,94.78,30.77,62427664.64,405126821.37,20427.0
argeria07_4,concentration2_cluster_9_group_none,300.0,182.0,80.41,88.46,86.11,88.89,92.43,34.62,53454153.62,247270150.63,19574.0
philippines22_16,concentration2_cluster_9_group_none,300.0,329.0,87.66,79.64,78.1,0.0,25.37,0.0,0.0,0.0,65335.0
philippines22_16,distributed,300.0,329.0,87.66,79.64,78.1,100.0,24.91,2.74,255505691.49,450682714.35,64577.0
iceland06_17,distributed,300.0,209.0,110.45,91.39,89.05,100.0,74.67,34.62,107490141.5,611286569.92,17753.0
iceland06_17,concentration2_cluster_9_group_none,300.0,209.0,104.8,89.95,88.31,100.0,79.82,23.08,164935234.33,959746982.38,19931.0
ibaragi_3,distributed,300.0,258.0,72.93,80.62,79.04,55.56,44.46,16.36,54865312.54,322288150.01,46612.0
ibaragi_3,concentration2_cluster_9_group_none,300.0,258.0,72.5,80.23,79.02,37.5,42.16,14.55,52207367.11,535486201.27,46391.0
myanmar13_28,distributed,300.0,228.0,61.11,78.95,78.39,0.0,34.96,0.0,0.0,198227834.98,42960.0
myanmar13_28,concentration2_cluster_9_group_none,300.0,228.0,61.11,78.95,78.39,100.0,34.14,2.08,146490576.71,221279048.04,42785.0
philippines22_12,distributed,300.0,329.0,88.52,79.64,78.3,40.0,26.25,7.14,69602501.41,684167923.84,60791.0
philippines22_12,concentration2_cluster_9_group_none,300.0,329.0,88.52,79.64,78.3,50.0,26.3,2.86,188943884.35,671268058.94,61859.0
yamanashi_10,distributed,300.0,320.0,105.81,82.5,81.71,42.86,38.6,12.28,44297554.56,774653746.04,47735.0
yamanashi_10,concentration2_cluster_9_group_none,300.0,320.0,105.81,82.5,81.71,85.71,39.83,12.28,36696327.14,448456325.69,47276.0
philippines20_17,distributed,300.0,324.0,83.76,78.7,77.73,66.67,48.86,8.33,102428731.74,472580635.3,61812.0
philippines20_17,concentration2_cluster_9_group_none,300.0,324.0,86.83,79.63,78.22,100.0,53.14,13.89,53977370.45,278192558.75,59216.0
peru19_13,distributed,300.0,331.0,169.31,89.43,88.83,33.33,53.31,24.32,101290636.12,1062873579.98,29194.0
peru19_13,concentration2_cluster_9_group_none,300.0,331.0,172.23,89.73,89.1,71.43,48.87,18.92,76515657.83,705558240.14,29967.0
burundi03_21,distributed,300.0,236.0,65.35,79.24,78.97,40.0,31.44,10.42,61658009.01,528445703.99,40084.0
burundi03_21,concentration2_cluster_9_group_none,300.0,236.0,65.35,79.24,78.97,0.0,32.02,2.08,254635495.3,0.0,42176.0
philippines20_28,distributed,300.0,324.0,81.39,79.01,77.08,80.0,62.4,13.89,72903495.37,289647768.91,60242.0
philippines20_28,concentration2_cluster_9_group_none,300.0,324.0,86.63,80.56,77.94,100.0,58.92,19.44,44589667.56,227978286.26,57598.0
argeria01_29,distributed,300.0,235.0,174.5,95.74,94.92,100.0,68.06,30.77,72295734.11,631193107.31,9291.0
argeria01_29,concentration2_cluster_9_group_none,300.0,235.0,174.15,95.74,94.88,100.0,70.0,23.08,99911302.82,814792942.29,9751.0
india10_5,distributed,300.0,247.0,87.59,83.4,82.9,50.0,31.79,4.88,159643649.84,794713903.96,35670.0
india10_5,concentration2_cluster_9_group_none,300.0,247.0,87.59,83.4,82.9,100.0,33.8,7.32,123998933.56,352001140.49,35240.0
belgium04_20,distributed,300.0,326.0,115.04,84.05,82.64,66.67,29.42,5.56,178236855.1,333782477.62,46605.0
belgium04_20,concentration2_cluster_9_group_none,300.0,326.0,114.27,83.74,82.58,50.0,30.07,11.11,98927735.8,525905048.21,44946.0
america20_19,distributed,300.0,323.0,90.38,80.5,78.87,66.67,27.9,13.85,92754898.8,429980732.67,54314.0
america20_19,concentration2_cluster_9_group_none,300.0,323.0,89.84,80.19,78.82,87.5,27.97,12.31,108055314.79,286776019.85,54786.0
tokyo12_14,distributed,300.0,352.0,106.18,80.97,80.25,42.86,46.99,10.45,96280544.12,446567774.58,56931.0
tokyo12_14,concentration2_cluster_9_group_none,300.0,352.0,106.18,80.97,80.25,100.0,48.22,4.48,200473706.18,273863262.59,58444.0
turkey18_22,distributed,300.0,253.0,95.93,85.38,83.77,90.0,66.09,25.64,74128417.96,493510901.85,30764.0
turkey18_22,concentration2_cluster_9_group_none,300.0,253.0,97.7,85.77,84.04,75.0,58.01,30.77,61960871.43,425778607.66,29442.0
new-zealand20_28,distributed,300.0,330.0,153.99,89.39,87.0,93.33,79.37,33.33,66657759.35,410465698.96,33063.0
new-zealand20_28,concentration2_cluster_9_group_none,300.0,330.0,165.22,90.91,88.07,93.33,79.19,33.33,67630418.2,391752126.01,31962.0
belize04_1,distributed,300.0,338.0,120.31,84.02,82.82,87.5,57.17,13.56,111532740.28,372220270.22,49266.0
belize04_1,concentration2_cluster_9_group_none,300.0,338.0,119.33,84.02,82.66,57.14,60.47,23.73,60889611.4,366080697.54,46509.0
yamanashi_25,distributed,300.0,320.0,104.21,82.19,81.49,33.33,40.23,5.17,164598085.37,829970758.85,50809.0
yamanashi_25,concentration2_cluster_9_group_none,300.0,320.0,104.44,82.19,81.53,0.0,41.55,6.9,121106560.71,681710115.48,50199.0
chile47_17,concentration2_cluster_9_group_none,300.0,375.0,245.3,94.4,92.66,75.0,82.49,53.33,53187935.7,546567459.77,20030.0
chile47_17,distributed,300.0,375.0,243.47,93.87,92.63,60.0,91.07,33.33,84622544.86,879635352.29,23447.0
america03_1,distributed,300.0,334.0,121.28,83.83,83.27,75.0,50.08,22.22,89903595.36,427782986.07,43545.0
america03_1,concentration2_cluster_9_group_none,300.0,334.0,122.71,84.13,83.43,78.57,55.04,25.93,72533489.09,368718875.88,42250.0
hukuoka01_15,distributed,300.0,367.0,182.31,89.37,88.25,84.21,75.33,41.3,64914888.04,456743820.09,32058.0
hukuoka01_15,concentration2_cluster_9_group_none,300.0,367.0,179.92,89.1,88.05,93.33,80.13,32.61,74563113.5,553362695.82,33949.0
belize01_27,distributed,300.0,324.0,139.27,86.42,86.03,0.0,25.78,4.65,133344374.87,0.0,37256.0
belize01_27,concentration2_cluster_9_group_none,300.0,324.0,139.27,86.42,86.03,33.33,25.23,6.98,73618905.09,589799356.07,36598.0
austria22_14,distributed,300.0,315.0,118.12,84.76,83.69,66.67,56.64,25.53,69877039.87,300016282.34,36302.0
austria22_14,concentration2_cluster_9_group_none,300.0,315.0,114.74,84.13,83.26,88.89,55.88,19.15,82974485.17,313330666.86,37664.0
myanmar13_9,distributed,300.0,228.0,58.64,78.51,77.68,16.67,35.43,12.24,39193634.45,498709586.58,41728.0
myanmar13_9,concentration2_cluster_9_group_none,300.0,228.0,58.64,78.51,77.68,60.0,38.69,10.2,46549123.7,137554324.86,41678.0
ibaragi_21,distributed,300.0,258.0,77.96,81.01,80.28,0.0,43.5,2.08,448292530.32,0.0,42683.0
ibaragi_21,concentration2_cluster_9_group_none,300.0,258.0,77.96,81.01,80.28,100.0,41.4,8.33,127055129.23,472005234.9,40925.0
america52_7,concentration2_cluster_9_group_none,300.0,375.0,140.27,84.8,83.63,83.33,47.31,19.05,99057747.62,382085863.35,50757.0
america52_7,distributed,300.0,375.0,137.49,84.27,83.36,63.64,49.19,17.46,100839923.65,512241200.24,50977.0
canada34_21,distributed,300.0,279.0,66.95,78.85,76.21,47.06,57.07,24.64,89879822.47,786835132.13,54457.0
canada34_21,concentration2_cluster_9_group_none,300.0,279.0,62.49,77.06,75.29,81.82,51.8,15.94,133404817.27,598232968.53,58624.0
romania06_7,distributed,300.0,234.0,134.46,93.16,90.34,76.92,96.17,48.15,62773633.16,517616609.26,17648.0
romania06_7,concentration2_cluster_9_group_none,300.0,234.0,137.19,93.59,90.65,92.31,84.09,48.15,61740243.58,403401026.16,17354.0
indonesia79_8,distributed,300.0,318.0,91.23,80.19,79.44,62.5,88.84,24.24,56696532.96,319626948.51,53228.0
indonesia79_8,concentration2_cluster_9_group_none,300.0,318.0,92.88,81.13,79.57,85.71,85.95,21.21,47430263.88,254658210.0,53743.0
argeria01_8,distributed,300.0,235.0,154.69,93.19,93.05,75.0,76.26,25.0,86801003.45,1160866947.51,12741.0
argeria01_8,concentration2_cluster_9_group_none,300.0,235.0,154.1,93.19,92.97,100.0,71.19,25.0,80807374.08,857957135.74,12369.0
serbia02,distributed,300.0,240.0,91.5,84.58,84.06,50.0,41.85,5.13,150037854.98,801499857.13,34222.0
serbia02,concentration2_cluster_9_group_none,300.0,240.0,91.71,84.58,84.11,33.33,41.26,7.69,114669229.03,1088824667.06,34026.0
sapporo_8,distributed,300.0,253.0,88.26,83.4,82.57,100.0,30.1,8.89,146223325.89,307628825.55,38078.0
sapporo_8,concentration2_cluster_9_group_none,300.0,253.0,86.52,82.61,82.36,100.0,28.16,13.33,83177886.23,293243140.01,36969.0
chile03_21,distributed,300.0,319.0,107.2,82.45,82.05,80.0,51.13,8.62,230638341.61,663613376.32,49496.0
chile03_21,concentration2_cluster_9_group_none,300.0,319.0,107.96,82.76,82.12,85.71,48.82,12.07,178619333.19,524331528.47,48888.0
ibaragi_19,distributed,300.0,258.0,68.58,79.84,78.0,85.71,50.85,12.5,52486418.7,176450844.92,47686.0
ibaragi_19,concentration2_cluster_9_group_none,300.0,258.0,67.41,79.07,77.85,100.0,47.33,3.57,169755640.62,579405929.68,49482.0
turkey33_8,distributed,300.0,267.0,149.46,91.76,90.12,57.14,90.88,50.0,57276995.95,581209076.01,18353.0
turkey33_8,concentration2_cluster_9_group_none,300.0,267.0,146.33,91.01,89.86,81.25,85.69,57.14,48257356.4,369700451.25,16995.0
myanmar12,concentration2_cluster_9_group_none,300.0,226.0,53.56,78.32,76.09,0.0,32.39,1.82,209403410.11,0.0,48657.0
myanmar12,distributed,300.0,226.0,53.56,78.32,76.09,0.0,30.41,1.82,319651900.85,0.0,48726.0
mongolia05_5,concentration2_cluster_9_group_none,300.0,250.0,139.72,92.0,90.03,75.0,81.86,57.14,61948384.92,427975001.82,16437.0
mongolia05_5,distributed,300.0,250.0,133.48,91.6,89.21,50.0,90.08,50.0,75987565.57,704886121.01,17930.0
myanmar12_6,concentration2_cluster_9_group_none,300.0,226.0,44.65,73.89,73.62,0.0,26.52,3.51,120261444.77,0.0,50212.0
myanmar12_6,distributed,300.0,226.0,44.65,73.89,73.62,0.0,27.42,1.75,255469196.74,0.0,50729.0
iceland07_4,distributed,300.0,244.0,91.9,85.25,83.66,76.92,74.34,30.95,92840482.38,557518690.42,30221.0
iceland07_4,concentration2_cluster_9_group_none,300.0,244.0,96.0,86.48,84.25,81.25,66.73,38.1,73356410.57,388202791.94,29789.0
serbia04_25,distributed,300.0,251.0,76.8,80.88,80.56,20.0,49.63,21.74,92688747.14,858324931.09,38076.0
serbia04_25,concentration2_cluster_9_group_none,300.0,251.0,82.87,83.67,81.4,69.23,48.45,28.26,58474755.62,318581893.45,35352.0
chile39_28,distributed,300.0,375.0,218.55,93.6,90.52,76.67,97.54,65.22,43986550.44,323943438.2,25264.0
chile39_28,concentration2_cluster_9_group_none,300.0,375.0,202.09,91.73,89.36,76.19,91.39,45.65,58764491.52,431635606.36,31213.0
philippines22_26,distributed,300.0,329.0,118.73,83.89,83.13,100.0,25.79,3.85,142317073.18,279782681.43,46028.0
philippines22_26,concentration2_cluster_9_group_none,300.0,329.0,118.73,83.89,83.13,100.0,24.63,1.92,334894986.38,664344051.21,46095.0
ejypt04_5,distributed,300.0,250.0,63.17,78.4,77.35,100.0,64.41,7.69,323095846.85,387337901.71,44304.0
ejypt04_5,concentration2_cluster_9_group_none,300.0,250.0,60.05,77.2,76.65,72.73,64.15,21.15,111321099.74,271288339.18,41225.0
germany17_6,distributed,300.0,311.0,67.53,76.21,74.89,66.67,38.06,8.11,168849413.33,476541086.01,63461.0
germany17_6,concentration2_cluster_9_group_none,300.0,311.0,67.65,76.21,74.93,80.0,37.37,6.76,202677569.61,664555603.21,64101.0
hungary01_8,distributed,300.0,241.0,61.14,78.42,77.43,55.56,61.08,16.67,79478881.88,435677855.73,44883.0
hungary01_8,concentration2_cluster_9_group_none,300.0,241.0,61.45,78.84,77.43,88.89,53.15,16.67,50318993.93,264796088.46,44460.0
greece06_14,distributed,300.0,342.0,117.06,83.04,82.27,71.43,42.21,11.48,102318918.08,543388059.48,51735.0
greece06_14,concentration2_cluster_9_group_none,300.0,342.0,118.83,83.33,82.5,100.0,39.06,13.11,77245713.02,324548793.34,50408.0
greece06_22,distributed,300.0,342.0,104.2,80.7,80.52,50.0,41.23,15.38,69844431.36,499395451.59,53176.0
greece06_22,concentration2_cluster_9_group_none,300.0,342.0,104.2,80.7,80.52,66.67,42.18,13.85,77554715.06,414313983.02,53819.0
austria37_14,distributed,300.0,334.0,128.29,85.93,83.9,82.35,77.91,30.91,80459611.08,399044792.01,40631.0
austria37_14,concentration2_cluster_9_group_none,300.0,334.0,132.72,86.83,84.37,60.0,82.69,45.45,51087312.97,374535531.01,37566.0
slovenia06_7,distributed,300.0,320.0,131.58,86.25,85.18,70.0,59.8,20.83,92193605.25,460317325.6,38174.0
slovenia06_7,concentration2_cluster_9_group_none,300.0,320.0,133.87,86.56,85.46,91.67,52.14,25.0,71541095.41,358117557.4,36690.0
new-zealand02_14,distributed,300.0,258.0,72.95,79.84,79.24,50.0,32.83,12.0,101477148.06,476080576.63,42665.0
new-zealand02_14,concentration2_cluster_9_group_none,300.0,258.0,73.92,80.23,79.41,80.0,33.04,10.0,111591234.95,419551564.45,42810.0
peru13_13,distributed,300.0,319.0,127.75,85.58,84.81,25.0,66.64,26.09,86307511.65,821250571.15,35182.0
peru13_13,concentration2_cluster_9_group_none,300.0,319.0,126.74,85.58,84.65,45.45,60.95,23.91,85598670.06,685631362.65,36164.0
chile21_1,concentration2_cluster_9_group_none,300.0,147.0,60.64,87.07,85.06,60.0,69.62,43.48,42364114.93,214225340.12,15565.0
chile21_1,distributed,300.0,147.0,63.41,87.76,85.8,85.71,86.47,30.43,76298853.68,287546256.59,16693.0
ukraine12_26,concentration2_cluster_9_group_none,300.0,255.0,80.73,82.35,80.88,90.91,52.12,23.91,86836072.02,333089377.4,35852.0
ukraine12_26,distributed,300.0,255.0,80.6,81.96,80.94,50.0,51.8,17.39,116886299.82,574627342.16,37406.0
ukraine11_24,distributed,300.0,249.0,61.17,78.71,76.71,54.55,50.5,18.97,76176629.49,708464730.2,48026.0
ukraine11_24,concentration2_cluster_9_group_none,300.0,249.0,60.52,78.31,76.6,50.0,54.97,10.34,152647199.32,1202834487.27,48712.0
india13_12,distributed,300.0,243.0,99.93,85.6,85.34,80.0,48.8,14.29,100248841.0,567331306.81,28656.0
india13_12,concentration2_cluster_9_group_none,300.0,243.0,99.93,85.6,85.34,80.0,49.44,14.29,128520656.8,751955868.01,29016.0
burundi03_1,distributed,300.0,236.0,67.09,80.51,79.18,33.33,30.72,6.25,121165896.21,956033519.24,42012.0
burundi03_1,concentration2_cluster_9_group_none,300.0,236.0,67.09,80.51,79.18,50.0,29.43,4.17,245852925.34,1389377757.75,42268.0
chile39_24,distributed,300.0,375.0,212.23,93.33,90.0,66.67,98.11,71.74,35180424.03,372664974.45,25996.0
chile39_24,concentration2_cluster_9_group_none,300.0,375.0,212.55,92.8,90.14,65.38,98.52,56.52,42213390.93,445480347.59,28706.0
myanmar14_16,distributed,300.0,241.0,61.79,78.42,77.64,0.0,21.99,1.82,161500178.07,0.0,48633.0
myanmar14_16,concentration2_cluster_9_group_none,300.0,241.0,61.79,78.42,77.64,0.0,21.78,0.0,0.0,0.0,49225.0
philippines20_22,distributed,300.0,324.0,78.18,78.4,76.43,42.11,58.41,24.68,44663364.11,436068497.78,60964.0
philippines20_22,concentration2_cluster_9_group_none,300.0,324.0,79.31,79.63,76.41,75.0,56.76,20.78,47761051.03,224127866.08,63013.0
turkey33_19,distributed,300.0,267.0,139.05,90.26,89.0,70.0,88.15,37.04,79964606.15,614722754.51,20192.0
turkey33_19,concentration2_cluster_9_group_none,300.0,267.0,144.63,91.39,89.54,100.0,79.01,29.63,97737823.22,426233489.29,21025.0
ibaragi_22,distributed,300.0,258.0,103.26,85.66,84.78,25.0,41.03,10.53,100015612.55,669282087.69,32545.0
ibaragi_22,concentration2_cluster_9_group_none,300.0,258.0,103.87,86.05,84.81,100.0,40.78,7.89,117955687.0,308300601.3,32591.0
cuba02_23,distributed,300.0,244.0,83.76,83.61,82.2,83.33,41.02,14.63,74587479.96,393891115.24,34055.0
cuba02_23,concentration2_cluster_9_group_none,300.0,244.0,84.03,83.61,82.26,75.0,42.96,9.76,95125285.28,499656975.59,34729.0
venezuela02_27,distributed,300.0,295.0,215.67,95.25,94.71,71.43,70.91,38.89,92639595.37,958867730.88,11387.0
venezuela02_27,concentration2_cluster_9_group_none,300.0,295.0,211.82,95.25,94.35,100.0,73.29,38.89,92531934.99,765542899.48,11459.0
austria22_17,distributed,300.0,315.0,80.32,79.05,77.37,66.67,53.26,12.68,105183329.09,523003711.75,60335.0
austria22_17,concentration2_cluster_9_group_none,300.0,315.0,80.28,78.73,77.44,66.67,53.84,12.68,73151122.79,547019552.84,60650.0
belize01_26,distributed,300.0,324.0,102.53,82.1,80.93,0.0,24.58,4.84,176909034.53,0.0,54179.0
belize01_26,concentration2_cluster_9_group_none,300.0,324.0,102.53,82.1,80.93,0.0,24.38,4.84,198993497.26,1065317024.68,54149.0
italy54_28,distributed,300.0,336.0,145.93,86.9,86.13,72.73,54.15,24.44,93879942.31,560397537.33,35857.0
italy54_28,concentration2_cluster_9_group_none,300.0,336.0,150.14,87.8,86.49,77.78,55.47,20.0,112909903.87,509764177.74,36474.0
austria13_19,concentration2_cluster_9_group_none,300.0,188.0,46.53,77.66,77.13,62.5,43.46,19.51,72142321.6,336794811.39,33261.0
austria13_19,distributed,300.0,188.0,49.48,79.26,77.95,50.0,48.11,14.63,101890289.35,442180746.55,34070.0
indonesia80_11,distributed,300.0,344.0,102.69,80.81,80.08,57.14,45.73,11.11,92932512.55,693522806.49,54074.0
indonesia80_11,concentration2_cluster_9_group_none,300.0,344.0,102.69,80.81,80.08,50.0,45.03,9.52,107832070.23,720439193.14,54141.0
serbia02_16,distributed,300.0,240.0,70.62,80.83,79.79,50.0,34.28,4.26,201834140.87,374607740.52,41472.0
serbia02_16,concentration2_cluster_9_group_none,300.0,240.0,70.62,80.83,79.79,0.0,34.79,0.0,0.0,633112351.5,42065.0
austria13_16,distributed,300.0,188.0,52.74,80.85,78.83,88.89,59.05,21.43,70017023.24,203268708.65,33759.0
austria13_16,concentration2_cluster_9_group_none,300.0,188.0,52.38,80.85,78.69,90.91,55.53,26.19,49463144.62,196639439.01,32974.0
serbia04_2,distributed,300.0,251.0,84.47,83.27,81.88,42.86,56.13,15.56,78955781.17,1059120264.6,37760.0
serbia04_2,concentration2_cluster_9_group_none,300.0,251.0,85.58,83.27,82.14,40.0,57.41,11.11,115934241.88,1003614615.94,38122.0
indonesia80_18,distributed,300.0,344.0,129.87,84.59,83.86,0.0,43.98,1.85,482330832.87,1778516442.31,47978.0
indonesia80_18,concentration2_cluster_9_group_none,300.0,344.0,129.87,84.59,83.86,50.0,44.59,7.41,131758689.05,1112225140.74,46820.0
chile01_23,distributed,300.0,375.0,162.26,87.2,85.99,80.0,73.96,18.87,119295224.68,535400221.14,42952.0
chile01_23,concentration2_cluster_9_group_none,300.0,375.0,165.02,87.47,86.26,50.0,68.45,26.42,69737583.52,664851329.14,41262.0
ibaragi_2,distributed,300.0,258.0,69.07,79.07,78.34,50.0,38.87,11.11,75221268.83,345783582.78,46002.0
ibaragi_2,concentration2_cluster_9_group_none,300.0,258.0,69.07,79.07,78.34,100.0,39.24,9.26,88381200.03,223193062.77,46318.0
austria08_13,distributed,300.0,220.0,62.17,80.45,79.07,75.0,45.16,17.02,66858503.39,440970916.08,37599.0
austria08_13,concentration2_cluster_9_group_none,300.0,220.0,61.46,80.0,78.96,58.33,46.42,25.53,44204898.89,370756898.68,35405.0
china19_21,distributed,300.0,276.0,157.93,92.39,90.42,75.0,88.67,53.33,68174486.11,514967548.74,17897.0
china19_21,concentration2_cluster_9_group_none,300.0,276.0,168.33,93.48,91.46,75.0,99.78,53.33,65923878.82,546501833.91,17258.0
america20_1,concentration2_cluster_9_group_none,300.0,323.0,75.44,77.4,76.04,33.33,20.8,3.95,370104284.19,2245463077.6,66928.0
america20_1,distributed,300.0,323.0,75.44,77.4,76.04,100.0,21.22,1.32,1037079547.47,851714919.19,67599.0
croatia07_13,distributed,300.0,221.0,96.12,86.88,86.16,16.67,44.17,21.43,36641959.67,1090181673.15,22363.0
croatia07_13,concentration2_cluster_9_group_none,300.0,221.0,95.52,86.43,86.14,40.0,44.27,17.86,40167150.29,377907268.55,22451.0
belgium04_12,distributed,300.0,326.0,76.45,76.99,76.22,40.0,34.26,6.76,155013319.5,610798280.05,64581.0
belgium04_12,concentration2_cluster_9_group_none,300.0,326.0,76.93,77.3,76.27,71.43,33.74,9.46,116390699.95,351079147.08,64150.0
new-zealand02_8,distributed,300.0,258.0,69.06,79.07,78.34,66.67,23.71,5.45,279586666.28,647241562.19,47287.0
new-zealand02_8,concentration2_cluster_9_group_none,300.0,258.0,69.06,79.07,78.34,75.0,23.27,7.27,213685600.64,545468971.81,46740.0
venezuela02_22,distributed,300.0,295.0,218.99,95.93,94.87,81.82,72.73,61.11,54916484.24,768757223.57,10207.0
venezuela02_22,concentration2_cluster_9_group_none,300.0,295.0,212.74,95.25,94.43,77.78,71.97,50.0,68512589.22,929156373.54,11019.0
india10_22,concentration2_cluster_9_group_none,300.0,247.0,76.22,81.78,80.51,100.0,33.56,12.5,63326677.73,208601715.62,40041.0
india10_22,distributed,300.0,247.0,76.22,81.78,80.51,66.67,33.53,6.25,125506081.35,789564714.55,41544.0
venezuela02_6,distributed,300.0,295.0,233.12,97.29,95.84,70.0,71.65,71.43,56188450.51,974340540.43,7120.0
venezuela02_6,concentration2_cluster_9_group_none,300.0,295.0,233.33,96.95,95.93,100.0,60.44,42.86,88620399.58,1097852753.59,8762.0
chile21_3,distributed,300.0,147.0,57.58,87.07,84.02,100.0,74.96,22.73,101378786.91,339750453.3,17477.0
chile21_3,concentration2_cluster_9_group_none,300.0,147.0,54.89,85.71,83.38,55.56,77.58,40.91,55712750.38,332184108.35,16252.0
iceland07_20,distributed,300.0,244.0,109.71,88.11,86.54,58.33,73.87,34.29,100722789.6,582966883.42,24935.0
iceland07_20,concentration2_cluster_9_group_none,300.0,244.0,111.49,89.34,86.59,64.29,81.13,40.0,85973375.77,464045262.74,24621.0
india06_24,distributed,300.0,235.0,79.42,83.4,81.93,66.67,64.28,14.63,88599671.14,816423975.48,34499.0
india06_24,concentration2_cluster_9_group_none,300.0,235.0,78.97,82.98,81.92,57.14,58.3,17.07,71617477.94,948108314.66,33412.0
germany17_8,distributed,300.0,311.0,74.75,77.49,76.59,20.0,32.28,7.58,136731210.39,867380397.76,57253.0
germany17_8,concentration2_cluster_9_group_none,300.0,311.0,74.35,77.17,76.56,42.86,32.57,10.61,98299486.93,657362153.4,56159.0
greece22_3,distributed,300.0,348.0,135.25,85.06,84.34,57.14,51.74,12.5,140047816.57,827126573.71,46864.0
greece22_3,concentration2_cluster_9_group_none,300.0,348.0,136.07,85.06,84.46,84.62,47.93,23.21,74986780.76,378366767.57,42832.0
india10_4,distributed,300.0,247.0,84.33,83.0,82.24,60.0,30.59,11.63,65575592.15,321348491.37,36536.0
india10_4,concentration2_cluster_9_group_none,300.0,247.0,84.33,83.0,82.24,75.0,30.93,9.3,85500200.16,306186469.25,36564.0
iceland06_16,distributed,300.0,209.0,117.3,91.87,90.14,100.0,62.88,26.09,106527490.84,790804049.17,17948.0
iceland06_16,concentration2_cluster_9_group_none,300.0,209.0,116.02,91.39,90.03,66.67,61.64,26.09,111478836.43,1068733040.91,18335.0
ukraine11_5,distributed,300.0,249.0,53.86,75.5,75.0,80.0,62.06,25.0,99002881.23,290713393.86,46176.0
ukraine11_5,concentration2_cluster_9_group_none,300.0,249.0,61.91,79.12,76.85,71.43,66.37,23.33,101318130.09,348580779.68,47365.0
chile23_29,distributed,300.0,334.0,116.23,83.53,82.49,54.55,57.99,19.3,81601423.63,393946115.53,47575.0
chile23_29,concentration2_cluster_9_group_none,300.0,334.0,116.78,83.53,82.58,100.0,54.72,17.54,85768887.95,261656881.99,45758.0
ecuador01_16,distributed,300.0,325.0,188.38,92.31,90.69,75.0,96.54,45.71,51770316.21,511958844.47,23275.0
ecuador01_16,concentration2_cluster_9_group_none,300.0,325.0,186.3,92.31,90.47,93.33,93.49,42.86,60903621.85,396429196.61,23882.0
china41_23,distributed,300.0,241.0,96.31,86.31,84.6,66.67,68.7,30.77,77634772.3,608213867.51,28710.0
china41_23,concentration2_cluster_9_group_none,300.0,241.0,97.98,87.14,84.75,91.67,68.46,30.77,81167009.67,466633399.55,28380.0
ukraine12_8,distributed,300.0,255.0,64.82,78.82,77.37,66.67,51.05,11.32,136867943.56,314699402.66,44561.0
ukraine12_8,concentration2_cluster_9_group_none,300.0,255.0,65.15,78.82,77.47,62.5,55.24,15.09,123128402.26,349624276.27,45270.0
greece06_4,distributed,300.0,342.0,108.9,81.87,81.11,62.5,40.31,12.7,69256981.38,487981835.88,52912.0
greece06_4,concentration2_cluster_9_group_none,300.0,342.0,108.17,81.58,81.05,62.5,38.87,12.7,89361055.94,572638551.84,52678.0
china10_27,concentration2_cluster_9_group_none,300.0,242.0,124.83,90.5,88.76,92.31,80.72,41.94,63156412.17,414013756.81,21267.0
china10_27,distributed,300.0,242.0,116.84,89.26,87.71,88.89,75.27,29.03,91398026.2,571806720.11,23164.0
austria20_7,distributed,300.0,173.0,56.91,82.66,81.57,33.33,58.05,30.0,43357939.15,486831591.62,23220.0
austria20_7,concentration2_cluster_9_group_none,300.0,173.0,56.91,82.66,81.57,100.0,59.91,16.67,83063881.63,267388831.09,24685.0
slovenia10_14,distributed,300.0,201.0,70.59,84.58,82.42,75.0,44.18,11.43,72198045.99,279093572.06,29764.0
slovenia10_14,concentration2_cluster_9_group_none,300.0,201.0,71.22,84.58,82.6,50.0,42.77,11.43,84046392.96,386161995.68,29722.0
philippines30_9,concentration2_cluster_9_group_none,300.0,290.0,72.66,78.62,77.13,80.0,53.29,15.63,68739276.99,218057381.29,52797.0
philippines30_9,distributed,300.0,290.0,73.59,79.31,77.21,58.33,48.49,18.75,74525369.37,223656105.61,52204.0
philippines22_25,distributed,300.0,329.0,90.68,79.94,78.7,33.33,25.01,4.41,163358297.18,602916260.16,59669.0
philippines22_25,concentration2_cluster_9_group_none,300.0,329.0,94.03,80.85,79.2,100.0,24.88,7.35,73638034.98,338323796.09,58311.0
argeria07_20,distributed,300.0,182.0,71.34,85.71,84.35,81.82,89.61,36.67,70723732.88,262161011.69,21553.0
argeria07_20,concentration2_cluster_9_group_none,300.0,182.0,76.83,89.01,85.08,71.43,83.28,46.67,53310752.72,238603122.23,20536.0
russia08_5,concentration2_cluster_9_group_none,300.0,264.0,98.99,85.23,83.58,66.67,56.58,20.0,148356796.79,540453813.26,35538.0
russia08_5,distributed,300.0,264.0,101.2,85.98,83.84,78.57,70.1,31.11,96637816.52,399505041.53,33832.0
singapore20_19,distributed,300.0,208.0,91.02,87.02,86.25,100.0,43.29,14.29,147411760.74,431579348.25,22887.0
singapore20_19,concentration2_cluster_9_group_none,300.0,208.0,97.6,88.94,87.21,100.0,42.02,21.43,109642953.51,380427760.28,21760.0
indonesia80_4,distributed,300.0,344.0,142.69,85.76,85.47,50.0,37.8,12.77,79295672.14,614281652.21,39743.0
indonesia80_4,concentration2_cluster_9_group_none,300.0,344.0,142.14,85.47,85.47,50.0,40.48,12.77,70812315.47,717260430.52,39584.0
myanmar15_14,distributed,300.0,255.0,102.96,85.49,85.0,0.0,37.01,0.0,0.0,732375299.25,34010.0
myanmar15_14,concentration2_cluster_9_group_none,300.0,255.0,102.96,85.49,85.0,100.0,38.5,7.89,90833258.75,398297080.05,32603.0
argentina10,distributed,300.0,336.0,103.65,81.85,80.48,87.5,29.85,11.94,137294273.26,350740480.14,56264.0
argentina10,concentration2_cluster_9_group_none,300.0,336.0,102.92,81.55,80.42,77.78,29.63,13.43,107821474.54,444397865.66,55387.0
peru19_1,distributed,300.0,331.0,134.77,85.5,85.16,66.67,52.45,19.57,85527800.13,630600261.14,37363.0
peru19_1,concentration2_cluster_9_group_none,300.0,331.0,137.38,85.8,85.48,100.0,50.96,10.87,173566831.78,619507691.43,38234.0
philippines22_7,distributed,300.0,329.0,94.61,80.55,79.4,50.0,25.22,3.03,155478395.85,621107180.98,58108.0
philippines22_7,concentration2_cluster_9_group_none,300.0,329.0,94.61,80.55,79.4,50.0,25.17,3.03,148203944.21,532752629.83,58120.0
austria22_18,distributed,300.0,315.0,115.28,85.08,83.13,80.0,52.94,20.0,80746377.11,524027094.75,40594.0
austria22_18,concentration2_cluster_9_group_none,300.0,315.0,116.35,85.08,83.31,88.89,54.7,18.0,82098640.44,620165580.19,40439.0
greece06_12,distributed,300.0,342.0,102.24,81.29,79.99,50.0,41.25,2.99,396018361.18,964401303.98,59318.0
greece06_12,concentration2_cluster_9_group_none,300.0,342.0,102.24,81.29,79.99,100.0,40.48,7.46,151768275.36,338231087.22,57635.0
ishikawa_10,distributed,300.0,310.0,115.96,84.84,83.62,100.0,46.05,3.92,318553855.26,499444671.77,44614.0
ishikawa_10,concentration2_cluster_9_group_none,300.0,310.0,115.96,84.84,83.62,0.0,51.58,1.96,614002635.14,0.0,45281.0
new-zealand02_28,distributed,300.0,258.0,68.23,79.07,78.1,77.78,29.78,17.31,73788465.45,176202132.33,42556.0
new-zealand02_28,concentration2_cluster_9_group_none,300.0,258.0,68.23,79.07,78.1,62.5,31.69,15.38,80396623.44,270814207.67,43424.0
greece22_4,distributed,300.0,348.0,132.79,85.34,83.9,42.86,57.27,12.07,169472922.58,1198263681.39,50325.0
greece22_4,concentration2_cluster_9_group_none,300.0,348.0,132.85,85.34,83.91,92.31,57.11,22.41,72504114.33,365427686.86,47472.0
new-zealand02_18,distributed,300.0,258.0,77.98,80.62,80.38,0.0,27.95,4.44,246098241.02,0.0,39529.0
new-zealand02_18,concentration2_cluster_9_group_none,300.0,258.0,77.98,80.62,80.38,0.0,27.24,4.44,226895559.65,2222477909.6,39529.0
philippines30_4,distributed,300.0,290.0,101.71,84.48,82.42,71.43,55.19,25.93,50750105.45,246787860.49,42781.0
philippines30_4,concentration2_cluster_9_group_none,300.0,290.0,96.21,83.1,81.63,47.06,55.76,31.48,37866599.33,199314801.62,41836.0
venezuela01_26,distributed,300.0,299.0,206.65,94.98,93.64,83.33,97.41,57.14,48311351.07,717525193.63,12816.0
venezuela01_26,concentration2_cluster_9_group_none,300.0,299.0,205.62,95.32,93.47,100.0,87.65,42.86,56193940.1,652561295.32,14076.0
greece06_24,distributed,300.0,342.0,118.26,83.63,82.34,66.67,41.34,15.25,90954568.05,427131182.42,48563.0
greece06_24,concentration2_cluster_9_group_none,300.0,342.0,120.24,84.21,82.53,100.0,42.76,13.56,90304439.02,343762408.29,48747.0
nara01_17,concentration2_cluster_9_group_none,300.0,319.0,99.26,81.5,80.74,0.0,32.21,0.0,0.0,888677575.13,53700.0
nara01_17,distributed,300.0,319.0,98.19,81.19,80.6,0.0,30.0,5.0,155229628.04,0.0,52155.0
myanmar15_24,concentration2_cluster_9_group_none,300.0,255.0,65.56,78.82,77.59,100.0,25.18,3.77,219262412.83,210095275.44,46335.0
myanmar15_24,distributed,300.0,255.0,65.56,78.82,77.59,66.67,25.05,5.66,126601500.91,266578121.25,45872.0
philippines34_2,distributed,300.0,346.0,115.87,82.95,81.86,80.0,40.91,8.77,127308446.2,372934553.34,49612.0
philippines34_2,concentration2_cluster_9_group_none,300.0,346.0,116.38,83.24,81.88,100.0,43.91,8.77,142481763.4,359592005.25,49027.0
america52_11,distributed,300.0,375.0,144.76,86.13,83.95,75.0,55.09,19.35,106549681.44,469681052.4,50642.0
america52_11,concentration2_cluster_9_group_none,300.0,375.0,141.05,85.6,83.55,61.54,54.61,20.97,83711797.5,475742141.23,49708.0
mongolia05_24,distributed,300.0,250.0,140.2,92.4,90.01,92.31,84.75,44.83,70734184.75,411790897.83,18283.0
mongolia05_24,concentration2_cluster_9_group_none,300.0,250.0,137.45,92.4,89.62,80.95,90.29,72.41,40952429.56,371477930.04,15839.0
singapore20_10,distributed,300.0,208.0,81.62,85.58,84.41,83.33,45.63,17.65,122214787.28,423488487.19,27481.0
singapore20_10,concentration2_cluster_9_group_none,300.0,208.0,80.44,85.1,84.23,62.5,39.38,23.53,91323566.43,418426099.15,27062.0
philippines20_7,distributed,300.0,324.0,92.27,79.94,79.36,50.0,59.74,19.05,56402296.18,232654547.45,53169.0
philippines20_7,concentration2_cluster_9_group_none,300.0,324.0,95.82,81.17,79.81,69.23,59.52,20.63,48456625.63,198714816.01,51626.0
india13_25,distributed,300.0,243.0,100.78,86.83,85.22,77.78,55.81,25.71,54212209.96,296423433.89,27167.0
india13_25,concentration2_cluster_9_group_none,300.0,243.0,97.91,85.6,84.93,66.67,53.24,25.71,58291848.48,237539975.03,26984.0
china10_21,distributed,300.0,242.0,139.49,92.56,90.53,70.0,70.69,38.46,73147652.37,506923812.71,18058.0
china10_21,concentration2_cluster_9_group_none,300.0,242.0,143.0,93.8,90.76,93.33,71.63,57.69,45059176.21,331307952.07,15563.0
indonesia79_22,distributed,300.0,318.0,99.02,82.39,80.54,58.82,76.48,26.56,47107605.86,220676869.11,50948.0
indonesia79_22,concentration2_cluster_9_group_none,300.0,318.0,100.96,83.02,80.78,77.78,76.32,28.13,32245374.14,184114729.89,49426.0
philippines34_26,distributed,300.0,346.0,110.62,82.37,81.07,83.33,44.38,9.23,101806810.27,370417511.55,55250.0
philippines34_26,concentration2_cluster_9_group_none,300.0,346.0,110.8,82.37,81.11,83.33,46.7,9.23,101984257.44,559250113.78,55343.0
austria20_12,distributed,300.0,173.0,54.9,82.08,80.99,100.0,48.52,12.5,107386366.7,306333577.77,27619.0
austria20_12,concentration2_cluster_9_group_none,300.0,173.0,54.9,82.08,80.99,87.5,51.55,25.0,71235332.17,202970256.09,25122.0
indonesia63_3,distributed,300.0,340.0,93.57,80.0,78.66,66.67,42.94,8.33,88460119.39,387542722.1,62631.0
indonesia63_3,concentration2_cluster_9_group_none,300.0,340.0,93.64,80.0,78.67,60.0,42.99,6.94,103043001.18,538233862.28,62776.0
austria08_10,distributed,300.0,220.0,61.52,80.0,78.98,37.5,47.23,17.39,65737978.48,779656759.7,38039.0
austria08_10,concentration2_cluster_9_group_none,300.0,220.0,63.54,81.36,79.29,100.0,51.7,19.57,61282168.59,347851228.21,36925.0
slovenia06_23,distributed,300.0,320.0,114.74,83.75,83.03,66.67,53.23,16.98,105529642.1,608978286.83,43745.0
slovenia06_23,concentration2_cluster_9_group_none,300.0,320.0,112.46,83.13,82.78,63.64,54.94,20.75,78618356.0,420169412.26,42528.0
nara01_6,distributed,300.0,319.0,97.23,80.88,80.48,100.0,31.14,1.67,304566302.93,498070447.78,53150.0
nara01_6,concentration2_cluster_9_group_none,300.0,319.0,97.23,80.88,80.48,0.0,30.7,0.0,0.0,0.0,53700.0
america04_19,distributed,300.0,290.0,98.83,83.79,82.01,85.71,41.8,14.0,164809085.36,353571617.47,40951.0
america04_19,concentration2_cluster_9_group_none,300.0,290.0,101.85,84.14,82.53,75.0,40.08,16.0,147256307.25,402107083.19,40275.0
turkey33_1,distributed,300.0,267.0,122.2,88.39,86.84,72.73,87.4,30.56,80227723.69,559083232.93,27109.0
turkey33_1,concentration2_cluster_9_group_none,300.0,267.0,121.72,88.39,86.76,90.91,80.33,30.56,84857244.34,489783863.04,25981.0
india10_9,distributed,300.0,247.0,88.63,84.21,82.94,100.0,33.28,2.38,389686924.52,743049731.19,36842.0
india10_9,concentration2_cluster_9_group_none,300.0,247.0,88.63,84.21,82.94,100.0,33.95,2.38,356176239.7,678883573.17,36830.0
congo10_24,distributed,300.0,335.0,113.52,82.99,82.09,33.33,25.12,10.0,69520896.88,651697605.73,51021.0
congo10_24,concentration2_cluster_9_group_none,300.0,335.0,113.66,82.99,82.11,25.0,24.92,6.67,60960662.62,803777297.32,51815.0
chile47_7,distributed,300.0,375.0,211.79,91.73,90.3,73.68,91.24,50.0,53199491.18,488926979.14,25543.0
chile47_7,concentration2_cluster_9_group_none,300.0,375.0,207.71,91.2,90.03,73.91,87.62,60.53,39586218.03,423236807.33,23436.0
congo10_28,distributed,300.0,335.0,129.02,84.48,84.29,100.0,29.75,5.66,101392807.3,311120718.65,45569.0
congo10_28,concentration2_cluster_9_group_none,300.0,335.0,129.02,84.48,84.29,0.0,29.67,0.0,0.0,0.0,47435.0
indonesia79_13,distributed,300.0,318.0,107.52,82.7,82.11,60.0,82.81,27.27,41468453.39,322837186.46,44431.0
indonesia79_13,concentration2_cluster_9_group_none,300.0,318.0,110.37,83.65,82.41,52.63,77.5,34.55,30177928.11,300991503.78,41472.0
america20_11,distributed,300.0,323.0,110.05,82.66,82.27,0.0,25.07,1.79,940335855.27,0.0,49744.0
america20_11,concentration2_cluster_9_group_none,300.0,323.0,110.05,82.66,82.27,50.0,24.18,7.14,237123234.47,1348315179.05,48190.0
argeria01_12,distributed,300.0,235.0,136.08,92.34,90.67,57.14,62.35,31.82,64052470.34,837505272.6,16665.0
argeria01_12,concentration2_cluster_9_group_none,300.0,235.0,138.52,92.77,90.93,100.0,69.58,27.27,74486918.24,485881600.56,16192.0
tokyo12_28,distributed,300.0,352.0,129.86,84.94,83.32,33.33,44.61,10.17,132600644.68,838298450.02,50708.0
tokyo12_28,concentration2_cluster_9_group_none,300.0,352.0,129.72,84.94,83.3,77.78,42.25,15.25,61310412.54,276238485.47,49304.0
ukraine11_7,distributed,300.0,249.0,72.05,80.72,79.48,53.85,51.92,25.49,102354325.6,591677114.22,40358.0
ukraine11_7,concentration2_cluster_9_group_none,300.0,249.0,75.43,81.93,80.1,77.78,61.52,17.65,149047087.26,579934467.69,40953.0
yamanashi_13,distributed,300.0,320.0,93.27,81.56,79.42,100.0,34.51,10.45,81837869.63,197827521.82,56580.0
yamanashi_13,concentration2_cluster_9_group_none,300.0,320.0,92.32,81.25,79.29,100.0,35.99,13.43,62968185.22,174052947.85,55453.0
eritrea02_1,distributed,300.0,195.0,94.17,89.23,87.72,81.82,81.11,47.83,43477995.04,266243915.25,15687.0
eritrea02_1,concentration2_cluster_9_group_none,300.0,195.0,90.85,88.21,87.23,100.0,78.03,34.78,55614640.85,234213156.06,16200.0
peru17_15,distributed,300.0,334.0,190.62,92.81,90.27,76.47,84.57,45.95,68930762.3,749494290.22,24248.0
peru17_15,concentration2_cluster_9_group_none,300.0,334.0,185.9,91.32,90.1,53.33,79.13,40.54,73235422.25,1158963995.21,25651.0
austria32_17,distributed,300.0,327.0,118.29,84.71,82.98,68.75,76.72,28.07,70081347.83,469595960.93,43766.0
austria32_17,concentration2_cluster_9_group_none,300.0,327.0,114.01,83.79,82.46,66.67,77.18,31.58,68431338.82,464539674.19,42972.0
romania06_20,distributed,300.0,234.0,132.5,92.31,90.23,90.0,91.81,38.46,86681278.01,569097667.64,17929.0
romania06_20,concentration2_cluster_9_group_none,300.0,234.0,137.1,93.16,90.72,92.31,98.89,50.0,55414102.92,457981687.96,16603.0
romania06_21,concentration2_cluster_9_group_none,300.0,234.0,140.18,92.74,91.26,87.5,92.12,36.36,80862893.52,617516753.49,16124.0
romania06_21,distributed,300.0,234.0,147.3,94.02,91.98,71.43,99.01,63.64,45954462.97,490471847.22,12620.0
belize04_9,distributed,300.0,338.0,114.93,82.84,82.19,44.44,58.52,15.52,100157872.23,550908110.18,48277.0
belize04_9,concentration2_cluster_9_group_none,300.0,338.0,121.05,84.32,82.87,100.0,52.09,17.24,88417847.46,359461392.77,46395.0
peru13_19,distributed,300.0,319.0,130.03,85.89,85.09,85.71,68.21,14.29,139141748.96,643730275.32,40884.0
peru13_19,concentration2_cluster_9_group_none,300.0,319.0,130.08,85.89,85.1,85.71,63.45,14.29,143170743.44,716244891.54,41229.0
philippines34_19,concentration2_cluster_9_group_none,300.0,346.0,86.24,78.03,77.17,57.14,49.33,18.67,44161380.93,377883671.71,61201.0
philippines34_19,distributed,300.0,346.0,86.12,78.03,77.15,36.36,49.54,14.67,60889849.99,672417469.88,62935.0
slovenia10_26,distributed,300.0,201.0,81.03,85.57,84.95,0.0,33.88,0.0,0.0,864757587.43,25060.0
slovenia10_26,concentration2_cluster_9_group_none,300.0,201.0,81.03,85.57,84.95,0.0,33.56,3.57,205936411.93,1647272575.12,24471.0
peru13_6,distributed,300.0,319.0,158.44,89.66,88.19,90.0,63.49,24.39,117658643.15,457926627.37,31720.0
peru13_6,concentration2_cluster_9_group_none,300.0,319.0,153.1,89.03,87.64,80.0,65.42,36.59,74478214.06,428764465.31,28595.0
iceland06_5,concentration2_cluster_9_group_none,300.0,209.0,73.5,83.73,82.65,66.67,64.21,18.18,172945483.49,1224211829.58,26646.0
iceland06_5,distributed,300.0,209.0,78.93,85.17,83.74,83.33,82.67,18.18,169811886.2,640652171.3,26580.0
philippines22_3,distributed,300.0,329.0,100.16,81.16,80.39,66.67,30.42,5.0,129224075.62,403543390.49,52722.0
philippines22_3,concentration2_cluster_9_group_none,300.0,329.0,100.16,81.16,80.39,75.0,29.95,6.67,96316233.64,235874219.95,52382.0
myanmar13_27,distributed,300.0,228.0,53.99,77.63,76.25,50.0,34.8,3.77,125202039.16,792196275.15,46515.0
myanmar13_27,concentration2_cluster_9_group_none,300.0,228.0,53.99,77.63,76.25,0.0,34.96,3.77,124225895.88,0.0,46548.0
tokyo21_13,distributed,300.0,293.0,121.16,86.35,85.28,0.0,38.99,9.09,52518685.61,0.0,38032.0
tokyo21_13,concentration2_cluster_9_group_none,300.0,293.0,121.16,86.35,85.28,25.0,39.22,9.09,82601066.86,1411495360.88,37822.0
ecuador01_15,distributed,300.0,325.0,184.07,91.69,90.36,58.82,91.54,50.0,64792293.47,643840686.04,22319.0
ecuador01_15,concentration2_cluster_9_group_none,300.0,325.0,187.8,92.31,90.63,71.43,95.63,41.18,71628469.15,698494444.93,22712.0
netherlands04_11,distributed,300.0,342.0,101.83,80.7,80.06,50.0,44.41,12.12,116833413.73,702044078.06,56359.0
netherlands04_11,concentration2_cluster_9_group_none,300.0,342.0,102.42,80.7,80.17,66.67,45.61,4.55,364539993.74,1169460946.55,58125.0
iceland06_14,distributed,300.0,209.0,102.59,89.0,88.1,72.73,73.79,42.31,77706576.17,524014412.64,18468.0
iceland06_14,concentration2_cluster_9_group_none,300.0,209.0,105.16,90.43,88.27,85.71,78.48,26.92,119805603.62,737601121.01,20320.0
singapore20_1,concentration2_cluster_9_group_none,300.0,208.0,97.27,88.46,87.25,75.0,37.68,16.0,157646718.39,927105301.4,20343.0
singapore20_1,distributed,300.0,208.0,97.27,88.46,87.25,100.0,37.4,12.0,180446911.71,910091996.48,20740.0
austria20_13,distributed,300.0,173.0,62.07,84.97,82.76,100.0,50.11,14.29,120706298.06,234327233.64,23637.0
austria20_13,concentration2_cluster_9_group_none,300.0,173.0,61.75,84.39,82.79,100.0,48.15,10.71,176573395.18,259937565.36,24130.0
chile21_13,distributed,300.0,147.0,59.79,88.44,84.47,91.67,73.61,46.15,33567774.16,192270615.53,18311.0
chile21_13,concentration2_cluster_9_group_none,300.0,147.0,55.65,85.71,83.66,90.91,66.9,42.31,34818062.12,165285421.58,17790.0
america20_25,distributed,300.0,323.0,84.23,78.95,77.85,100.0,23.22,2.78,464659891.03,880927271.46,63478.0
america20_25,concentration2_cluster_9_group_none,300.0,323.0,84.49,78.95,77.91,100.0,24.29,4.17,309670958.6,702025517.57,62871.0
singapore20_22,distributed,300.0,208.0,93.14,87.5,86.6,100.0,53.45,10.34,203810983.82,601141106.51,24515.0
singapore20_22,concentration2_cluster_9_group_none,300.0,208.0,94.58,87.98,86.8,83.33,51.3,20.69,81194247.21,519926810.93,23090.0
ukraine11_18,distributed,300.0,249.0,83.59,82.33,82.06,76.47,49.12,39.53,73031043.53,231311333.98,28304.0
ukraine11_18,concentration2_cluster_9_group_none,300.0,249.0,82.64,81.93,81.93,76.47,46.93,39.53,71297701.04,216481783.56,29567.0
argeria01_7,distributed,300.0,235.0,141.23,92.34,91.41,100.0,79.61,38.1,55724212.37,387270374.13,15259.0
argeria01_7,concentration2_cluster_9_group_none,300.0,235.0,141.05,92.34,91.38,100.0,71.44,33.33,66532866.1,491229603.34,15149.0
philippines34_13,distributed,300.0,346.0,104.14,81.5,80.08,53.33,60.43,22.06,53816886.39,304445424.88,56675.0
philippines34_13,concentration2_cluster_9_group_none,300.0,346.0,105.92,82.08,80.27,72.22,58.57,26.47,39124576.86,263295603.18,53987.0
russia08_28,distributed,300.0,264.0,88.11,82.58,81.88,57.89,81.76,39.58,62230768.04,425329081.85,33575.0
russia08_28,concentration2_cluster_9_group_none,300.0,264.0,91.25,84.09,82.22,65.0,78.5,41.67,54871921.52,332892125.39,33289.0
austria37_6,distributed,300.0,334.0,128.82,85.93,83.98,54.55,81.86,40.74,64292961.07,496952074.73,38561.0
austria37_6,concentration2_cluster_9_group_none,300.0,334.0,129.9,86.23,84.08,63.16,89.13,35.19,78407947.75,531680161.39,39467.0
serbia04_20,distributed,300.0,251.0,89.51,84.06,82.85,100.0,51.05,12.2,168458070.68,383959755.51,34881.0
serbia04_20,concentration2_cluster_9_group_none,300.0,251.0,91.04,84.46,83.09,87.5,51.58,19.51,111269096.89,383922594.43,33489.0
eritrea02_22,distributed,300.0,195.0,90.35,87.69,87.24,57.14,71.5,28.0,72871942.63,717888829.93,18756.0
eritrea02_22,concentration2_cluster_9_group_none,300.0,195.0,89.55,87.18,87.18,83.33,71.61,24.0,68700354.34,456451316.1,19210.0
turkey18_11,distributed,300.0,253.0,87.64,83.79,82.33,66.67,77.6,26.67,80728612.33,515548640.12,35313.0
turkey18_11,concentration2_cluster_9_group_none,300.0,253.0,91.78,85.77,82.79,75.0,65.23,26.67,68019234.64,451631931.49,34830.0
peru17_3,distributed,300.0,334.0,239.05,95.81,94.17,75.0,91.94,54.55,57815046.22,909895776.6,14626.0
peru17_3,concentration2_cluster_9_group_none,300.0,334.0,249.07,97.01,94.74,100.0,94.1,59.09,53487334.14,715152193.27,13857.0
serbia02_17,distributed,300.0,240.0,59.48,78.75,76.88,0.0,31.91,1.79,308809076.27,890178579.87,49906.0
serbia02_17,concentration2_cluster_9_group_none,300.0,240.0,59.25,79.17,76.7,100.0,32.65,3.57,186891952.04,587003121.37,49263.0
yamanashi_16,distributed,300.0,320.0,98.26,81.25,80.54,100.0,39.15,4.76,181819389.41,334894674.63,54912.0
yamanashi_16,concentration2_cluster_9_group_none,300.0,320.0,98.93,81.56,80.6,100.0,39.99,3.17,232243516.07,453226822.83,55363.0
philippines34_1,distributed,300.0,346.0,118.36,82.95,82.29,50.0,49.56,9.52,108624846.85,703173595.51,54054.0
philippines34_1,concentration2_cluster_9_group_none,300.0,346.0,119.51,83.53,82.34,80.0,52.08,7.94,136721884.66,561974621.85,54364.0
philippines20_19,distributed,300.0,324.0,97.74,81.17,80.2,50.0,53.98,12.9,96425438.35,437510002.19,52296.0
philippines20_19,concentration2_cluster_9_group_none,300.0,324.0,100.8,81.79,80.67,60.0,54.53,16.13,73115235.5,478912652.02,51610.0
ishikawa_28,distributed,300.0,310.0,101.89,82.26,81.65,0.0,49.18,5.88,161774887.05,0.0,44463.0
ishikawa_28,concentration2_cluster_9_group_none,300.0,310.0,102.9,82.9,81.69,100.0,48.7,9.8,96917939.0,384736122.41,43822.0
austria32_21,distributed,300.0,327.0,106.06,84.1,80.94,45.0,73.27,30.3,59647434.82,415639520.22,50593.0
austria32_21,concentration2_cluster_9_group_none,300.0,327.0,103.89,83.49,80.68,69.57,78.01,34.85,58895587.29,335062045.27,48106.0
austria20_22,distributed,300.0,173.0,49.27,79.77,79.4,83.33,58.33,18.18,83719453.46,259559516.21,27342.0
austria20_22,concentration2_cluster_9_group_none,300.0,173.0,49.27,79.77,79.4,85.71,55.7,21.21,70016650.75,317842101.65,26177.0
venezuela02_17,distributed,300.0,295.0,224.05,96.27,95.26,80.0,73.23,58.82,51089375.7,918725235.58,10234.0
venezuela02_17,concentration2_cluster_9_group_none,300.0,295.0,215.14,95.59,94.59,100.0,73.03,29.41,104293896.97,1322849461.57,12765.0
mongolia05_3,distributed,300.0,250.0,137.6,91.6,89.81,81.82,97.39,37.93,83414240.51,672884991.75,21258.0
mongolia05_3,concentration2_cluster_9_group_none,300.0,250.0,133.94,90.8,89.45,84.62,87.4,44.83,68721154.52,581989421.76,19564.0
germany08_20,distributed,300.0,269.0,103.39,85.5,84.01,54.55,73.94,24.44,87501062.64,585446981.46,35959.0
germany08_20,concentration2_cluster_9_group_none,300.0,269.0,108.71,86.99,84.67,86.67,76.41,33.33,71210294.85,361314693.08,33087.0
slovenia06_3,distributed,300.0,320.0,130.59,85.94,85.11,50.0,48.88,25.0,79728754.45,769548063.98,37650.0
slovenia06_3,concentration2_cluster_9_group_none,300.0,320.0,131.38,85.94,85.23,85.71,48.72,14.58,114738842.47,676020284.6,39272.0
turkey13,distributed,300.0,254.0,158.36,92.52,92.11,66.67,73.09,15.79,125960952.85,819508639.89,15664.0
turkey13,concentration2_cluster_9_group_none,300.0,254.0,156.94,92.52,91.93,100.0,73.46,26.32,91797168.83,611195383.74,14138.0
mongolia05_2,distributed,300.0,250.0,103.06,87.2,85.02,73.33,84.62,35.71,81230746.89,529203748.43,30654.0
mongolia05_2,concentration2_cluster_9_group_none,300.0,250.0,114.46,90.0,86.48,100.0,80.98,42.86,67264429.27,351589514.79,27687.0
hukuoka01,distributed,300.0,367.0,177.04,89.37,87.67,78.95,84.0,38.78,63629453.0,398379063.01,35121.0
hukuoka01,concentration2_cluster_9_group_none,300.0,367.0,173.62,89.1,87.34,73.33,77.47,30.61,61762491.6,545397268.65,36202.0
philippines30_18,distributed,300.0,290.0,75.56,80.0,77.56,88.89,49.98,13.85,78582205.87,364258415.35,54158.0
philippines30_18,concentration2_cluster_9_group_none,300.0,290.0,74.51,79.31,77.46,57.14,51.45,21.54,47686210.74,278154447.68,53265.0
slovenia10_3,distributed,300.0,201.0,83.41,86.07,85.41,66.67,40.37,10.71,99053623.12,641827728.16,23740.0
slovenia10_3,concentration2_cluster_9_group_none,300.0,201.0,81.77,85.57,85.13,50.0,39.74,7.14,164917029.77,1400975813.46,24191.0
canada33_22,distributed,300.0,237.0,90.38,84.81,84.01,42.86,55.8,18.42,142551782.6,1276019432.13,31210.0
canada33_22,concentration2_cluster_9_group_none,300.0,237.0,92.22,85.23,84.32,66.67,55.93,15.79,152570959.2,1008868901.29,31994.0
new-zealand02_10,concentration2_cluster_9_group_none,300.0,258.0,97.15,84.88,83.74,100.0,26.1,19.05,88711241.23,267981248.6,33550.0
new-zealand02_10,distributed,300.0,258.0,96.95,84.88,83.7,85.71,26.31,16.67,85862942.39,343574133.92,34070.0
ukraine11_3,distributed,300.0,249.0,83.49,82.33,82.04,66.67,50.57,20.93,105259462.24,621162679.52,34159.0
ukraine11_3,concentration2_cluster_9_group_none,300.0,249.0,82.64,81.93,81.93,100.0,50.92,25.58,93317086.63,324372769.82,32300.0
indonesia43_8,concentration2_cluster_9_group_none,300.0,344.0,137.74,85.47,84.84,33.33,60.54,24.0,57315749.59,617315037.8,39785.0
indonesia43_8,distributed,300.0,344.0,135.74,85.17,84.61,72.73,54.8,22.0,62629852.71,356386340.34,40473.0
myanmar15_9,distributed,300.0,255.0,71.44,80.0,79.02,0.0,30.11,0.0,0.0,0.0,44750.0
myanmar15_9,concentration2_cluster_9_group_none,300.0,255.0,71.44,80.0,79.02,0.0,30.46,2.0,291334971.93,0.0,44254.0
mongolia05_11,distributed,300.0,250.0,163.39,94.8,92.56,92.31,81.89,52.0,66554123.26,563424953.77,15153.0
mongolia05_11,concentration2_cluster_9_group_none,300.0,250.0,165.96,95.2,92.79,92.31,85.78,52.0,69540882.88,559068095.36,15579.0
ejypt04_11,distributed,300.0,250.0,70.68,80.0,79.2,83.33,62.52,12.0,156504148.52,463018086.65,41975.0
ejypt04_11,concentration2_cluster_9_group_none,300.0,250.0,69.47,79.6,78.95,91.67,63.47,24.0,78113237.71,241158602.62,38525.0
philippines25_16,concentration2_cluster_9_group_none,300.0,371.0,128.92,84.1,82.32,61.11,77.06,26.47,44907895.84,346794516.18,53069.0
philippines25_16,distributed,300.0,371.0,127.86,83.83,82.22,57.89,77.34,27.94,52582271.08,331847866.13,53176.0
tokyo12_15,concentration2_cluster_9_group_none,300.0,352.0,101.58,79.83,79.65,20.0,44.26,7.46,118803049.98,2201559406.37,58178.0
tokyo12_15,distributed,300.0,352.0,102.36,80.11,79.73,66.67,43.85,4.48,205421045.39,789652021.59,58831.0
belgium04_6,distributed,300.0,326.0,103.94,81.9,81.13,66.67,33.08,10.0,136446216.44,586000979.41,51447.0
belgium04_6,concentration2_cluster_9_group_none,300.0,326.0,107.11,82.52,81.58,50.0,33.65,13.33,74433411.59,532704326.93,50395.0
indonesia43_3,distributed,300.0,344.0,105.58,81.4,80.49,50.0,59.73,15.87,74192373.43,463049608.19,53318.0
indonesia43_3,concentration2_cluster_9_group_none,300.0,344.0,106.83,81.98,80.59,69.23,58.4,20.63,51364124.69,394399610.88,52085.0
romania06_9,distributed,300.0,234.0,118.97,90.17,88.54,68.42,88.23,63.33,48066201.48,378562405.63,17477.0
romania06_9,concentration2_cluster_9_group_none,300.0,234.0,115.72,89.74,88.08,81.82,63.27,36.67,79256945.2,390032880.57,21703.0
peru13_25,distributed,300.0,319.0,168.75,90.6,89.24,100.0,69.43,27.78,80181503.56,469533636.62,26957.0
peru13_25,concentration2_cluster_9_group_none,300.0,319.0,166.47,90.28,89.04,87.5,61.5,22.22,97948404.14,725011596.0,28471.0
congo10_26,distributed,300.0,335.0,138.89,85.67,85.48,0.0,35.52,0.0,0.0,0.0,42960.0
congo10_26,concentration2_cluster_9_group_none,300.0,335.0,138.89,85.67,85.48,0.0,35.66,0.0,0.0,0.0,42960.0
germany08_7,concentration2_cluster_9_group_none,300.0,269.0,96.59,86.25,82.47,85.71,71.32,40.38,55683428.77,282380056.12,34873.0
germany08_7,distributed,300.0,269.0,88.06,83.64,81.24,83.33,67.22,23.08,104107059.85,439036157.53,40576.0
greece22_7,distributed,300.0,348.0,149.11,86.49,85.95,60.0,62.64,10.87,159131840.94,552948872.95,38969.0
greece22_7,concentration2_cluster_9_group_none,300.0,348.0,150.0,86.78,86.0,66.67,65.76,13.04,131215903.97,703580667.86,38263.0
america04_28,distributed,300.0,290.0,80.75,80.34,78.81,38.46,51.67,20.97,91128195.67,513707238.69,50965.0
america04_28,concentration2_cluster_9_group_none,300.0,290.0,76.61,78.97,78.1,18.18,47.7,17.74,103556860.4,1506928257.9,50754.0
indonesia43_9,distributed,300.0,344.0,92.45,79.65,78.27,64.29,67.04,18.92,58087346.7,248526586.35,61542.0
indonesia43_9,concentration2_cluster_9_group_none,300.0,344.0,92.75,79.65,78.33,36.84,66.82,25.68,33751167.83,228812394.7,59395.0
new-zealand02_29,distributed,300.0,258.0,75.18,80.62,79.65,25.0,32.79,8.0,123240883.56,1677525453.35,43057.0
new-zealand02_29,concentration2_cluster_9_group_none,300.0,258.0,75.18,80.62,79.65,100.0,31.9,10.0,97476904.1,429657125.22,41976.0
bolivia01_14,distributed,300.0,243.0,96.13,85.6,84.56,100.0,49.39,2.63,324250277.2,1069745202.34,33580.0
bolivia01_14,concentration2_cluster_9_group_none,300.0,243.0,97.14,86.01,84.68,50.0,51.78,5.26,144906787.51,874802883.76,33426.0
greece22_21,distributed,300.0,348.0,133.27,84.77,84.11,37.5,54.19,14.29,113323664.07,920971353.0,47211.0
greece22_21,concentration2_cluster_9_group_none,300.0,348.0,133.92,85.06,84.14,80.0,54.01,8.93,169230262.85,739020208.86,48204.0
hungary01_4,distributed,300.0,241.0,90.8,85.06,83.71,72.73,48.91,26.83,63867421.65,308429599.12,31143.0
hungary01_4,concentration2_cluster_9_group_none,300.0,241.0,89.98,84.65,83.63,75.0,47.25,19.51,89396319.36,498819946.95,32001.0
chile01_1,distributed,300.0,375.0,130.44,84.0,82.37,88.89,78.37,14.29,116211029.01,613150868.28,52359.0
chile01_1,concentration2_cluster_9_group_none,300.0,375.0,127.93,82.93,82.23,60.0,70.4,23.81,66766839.47,617090443.06,51003.0
bolivia01_27,distributed,300.0,243.0,109.62,87.65,86.71,66.67,56.07,10.34,115990345.97,381199007.83,24290.0
bolivia01_27,concentration2_cluster_9_group_none,300.0,243.0,113.54,88.48,87.23,100.0,51.39,10.34,98412567.9,314926306.13,24008.0
new-zealand20_11,distributed,300.0,330.0,172.96,90.91,88.99,61.54,81.32,32.5,77076635.09,887508402.42,28716.0
new-zealand20_11,concentration2_cluster_9_group_none,300.0,330.0,174.74,91.52,89.06,85.71,82.87,35.0,70006157.34,469117252.96,29063.0
indonesia79_24,distributed,300.0,318.0,84.11,78.62,78.21,50.0,84.51,12.7,90644347.51,482820673.58,53497.0
indonesia79_24,concentration2_cluster_9_group_none,300.0,318.0,84.02,78.62,78.19,7.69,86.08,20.63,45670619.39,727907132.31,51926.0
austria22_22,distributed,300.0,315.0,88.47,80.0,79.06,60.0,54.53,8.2,181293175.13,489639210.61,52745.0
austria22_22,concentration2_cluster_9_group_none,300.0,315.0,87.07,79.37,78.91,80.0,54.74,16.39,102229636.93,327713469.36,50373.0
austria13_10,distributed,300.0,188.0,48.12,80.32,77.13,85.71,52.85,16.28,71259138.54,358413894.63,35778.0
austria13_10,concentration2_cluster_9_group_none,300.0,188.0,47.2,79.26,77.01,100.0,48.62,13.95,76884683.05,422562933.11,36055.0
italy54_8,distributed,300.0,336.0,113.97,82.74,82.17,73.33,64.77,24.59,108076022.52,458557346.5,47452.0
italy54_8,concentration2_cluster_9_group_none,300.0,336.0,114.05,83.04,82.11,75.0,64.94,26.23,96901919.57,428830999.29,47184.0
philippines34_8,distributed,300.0,346.0,104.21,80.92,80.23,36.36,59.37,15.94,83492614.77,813271125.93,57091.0
philippines34_8,concentration2_cluster_9_group_none,300.0,346.0,104.51,81.21,80.22,53.85,60.12,18.84,55286571.41,490491187.82,55610.0
serbia04_29,distributed,300.0,251.0,122.38,90.44,87.64,100.0,58.28,29.41,84700745.77,207806798.37,26022.0
serbia04_29,concentration2_cluster_9_group_none,300.0,251.0,124.92,90.84,87.97,88.89,53.52,26.47,93198578.23,369835929.36,26434.0
russia08,distributed,300.0,264.0,89.29,84.85,81.6,68.42,77.64,37.25,68229242.1,379019858.11,36491.0
russia08,concentration2_cluster_9_group_none,300.0,264.0,87.81,83.71,81.54,75.0,79.02,31.37,77187612.33,440811995.86,37958.0
belize04_10,distributed,300.0,338.0,117.66,84.02,82.38,80.0,69.37,17.54,97664354.26,350759208.33,46691.0
belize04_10,concentration2_cluster_9_group_none,300.0,338.0,122.62,84.91,82.99,75.0,68.05,21.05,68231465.1,252700613.03,46569.0
venezuela01_21,distributed,300.0,299.0,206.0,94.31,93.72,100.0,94.39,28.57,100894630.23,1037584184.9,15786.0
venezuela01_21,concentration2_cluster_9_group_none,300.0,299.0,209.57,94.98,93.92,100.0,90.58,23.81,112978000.04,1220490493.23,16096.0
new-zealand02,distributed,300.0,258.0,80.81,82.17,80.71,100.0,29.25,12.0,107450723.01,272362730.58,42293.0
new-zealand02,concentration2_cluster_9_group_none,300.0,258.0,80.81,82.17,80.71,71.43,30.04,14.0,90214555.61,318810149.9,42052.0
belgium04_25,distributed,300.0,326.0,93.56,80.06,79.48,37.5,32.56,11.94,71045253.85,447957484.74,56222.0
belgium04_25,concentration2_cluster_9_group_none,300.0,326.0,93.56,80.06,79.48,0.0,32.73,7.46,97410399.74,0.0,57887.0
indonesia79_19,distributed,300.0,318.0,112.98,84.91,82.58,76.47,81.71,30.36,51923197.95,199501185.5,43185.0
indonesia79_19,concentration2_cluster_9_group_none,300.0,318.0,110.48,84.59,82.2,80.0,75.96,26.79,53735343.63,233346925.8,43727.0
indonesia80_16,distributed,300.0,344.0,126.94,84.01,83.55,71.43,50.21,13.21,89700338.21,434626309.05,44794.0
indonesia80_16,concentration2_cluster_9_group_none,300.0,344.0,127.18,84.01,83.58,55.56,53.16,16.98,65339264.08,423410050.36,43685.0
austria32_14,distributed,300.0,327.0,105.33,82.87,81.1,64.71,84.88,26.98,98711736.49,418388116.89,49072.0
austria32_14,concentration2_cluster_9_group_none,300.0,327.0,103.87,82.57,80.89,76.47,80.56,26.98,101054558.53,321999469.73,48172.0
russia08_12,distributed,300.0,264.0,99.6,85.61,83.61,50.0,70.21,26.67,78528631.55,639239890.58,34485.0
russia08_12,concentration2_cluster_9_group_none,300.0,264.0,99.19,85.61,83.53,57.14,76.34,31.11,75343703.88,641110861.97,33361.0
argeria01_1,distributed,300.0,235.0,168.53,95.74,94.22,100.0,75.2,50.0,55600852.9,492816827.77,8917.0
argeria01_1,concentration2_cluster_9_group_none,300.0,235.0,157.78,93.62,93.35,83.33,72.93,42.86,63718077.68,529661083.23,9134.0
philippines34_11,distributed,300.0,346.0,105.07,80.92,80.4,14.29,46.95,10.77,109780942.93,1714428862.23,54883.0
philippines34_11,concentration2_cluster_9_group_none,300.0,346.0,106.12,81.5,80.45,88.89,49.51,13.85,92458450.77,325103571.83,54476.0
peru24_13,distributed,300.0,326.0,242.37,97.24,94.63,94.44,94.68,78.26,35308874.36,440036884.19,11930.0
peru24_13,concentration2_cluster_9_group_none,300.0,326.0,235.35,95.4,94.43,75.0,74.5,52.17,49706918.42,915158421.92,14252.0
austria37_26,distributed,300.0,334.0,133.01,86.83,84.41,72.22,89.69,32.73,79771563.63,467270135.88,40174.0
austria37_26,concentration2_cluster_9_group_none,300.0,334.0,133.91,86.53,84.62,84.21,83.66,34.55,71834962.68,467041069.23,39108.0
indonesia63_22,distributed,300.0,340.0,85.55,78.53,77.24,37.5,40.08,10.53,90288113.34,401893257.99,65036.0
indonesia63_22,concentration2_cluster_9_group_none,300.0,340.0,85.55,78.53,77.24,42.86,39.6,9.21,90475993.38,304482955.35,65070.0
ukraine01_9,concentration2_cluster_9_group_none,300.0,284.0,103.76,85.21,83.06,100.0,71.4,18.0,122175857.84,481827708.37,40025.0
ukraine01_9,distributed,300.0,284.0,104.75,84.86,83.34,84.62,74.33,26.0,69773991.13,401659523.25,37525.0
austria37_18,distributed,300.0,334.0,130.0,86.23,84.09,66.67,82.27,32.73,71615939.59,448528223.62,42073.0
austria37_18,concentration2_cluster_9_group_none,300.0,334.0,130.95,86.23,84.24,47.37,84.16,34.55,64154901.66,494120000.91,39621.0
myanmar11_1,distributed,300.0,235.0,72.35,82.13,80.38,77.78,44.44,19.57,51945368.31,234490458.95,36910.0
myanmar11_1,concentration2_cluster_9_group_none,300.0,235.0,67.35,80.0,79.47,100.0,46.53,13.04,85999802.71,297065077.9,38809.0
venezuela01_19,concentration2_cluster_9_group_none,300.0,299.0,241.09,97.32,96.24,100.0,90.7,57.14,61358079.41,844777891.32,8940.0
venezuela01_19,distributed,300.0,299.0,241.88,97.66,96.23,88.89,96.6,64.29,52889951.25,703554534.31,8759.0
chile03_22,distributed,300.0,319.0,102.08,81.82,81.23,53.33,46.31,25.42,66688284.54,457227722.35,45917.0
chile03_22,concentration2_cluster_9_group_none,300.0,319.0,103.0,82.13,81.33,90.91,46.66,18.64,111189110.1,330263394.18,47232.0
myanmar14_23,distributed,300.0,241.0,58.65,78.01,76.7,0.0,31.05,0.0,0.0,0.0,51015.0
myanmar14_23,concentration2_cluster_9_group_none,300.0,241.0,58.65,78.01,76.7,0.0,29.64,3.51,192328616.94,0.0,50146.0
chile47_16,distributed,300.0,375.0,272.7,96.0,94.45,88.89,90.96,72.0,42708639.57,467295084.01,14479.0
chile47_16,concentration2_cluster_9_group_none,300.0,375.0,287.46,97.33,95.22,80.95,95.71,84.0,32940396.31,531354027.54,12772.0
italy16_29,distributed,300.0,214.0,81.79,86.45,83.68,66.67,91.56,39.47,55991717.53,334763876.32,27440.0
italy16_29,concentration2_cluster_9_group_none,300.0,214.0,74.04,83.64,82.34,50.0,94.06,31.58,64561762.75,590137876.99,29816.0
tokyo03_24,distributed,300.0,237.0,85.79,83.97,83.17,100.0,46.18,5.0,86060067.48,607853626.91,35258.0
tokyo03_24,concentration2_cluster_9_group_none,300.0,237.0,85.79,83.97,83.17,0.0,46.32,0.0,0.0,0.0,35800.0
chile23_17,distributed,300.0,334.0,127.98,85.33,83.99,58.33,65.25,21.82,62968653.15,405288250.37,43879.0
chile23_17,concentration2_cluster_9_group_none,300.0,334.0,124.36,85.03,83.48,76.92,65.32,23.64,60881828.22,310496063.99,42564.0
austria20_9,distributed,300.0,173.0,53.91,82.08,80.63,75.0,55.76,12.12,123223788.38,412156912.78,28379.0
austria20_9,concentration2_cluster_9_group_none,300.0,173.0,53.91,82.08,80.63,100.0,56.17,21.21,53570701.64,206785147.91,26837.0
turkey18_24,distributed,300.0,253.0,115.93,87.75,87.01,73.33,83.19,44.12,50537818.41,378877969.2,24880.0
turkey18_24,concentration2_cluster_9_group_none,300.0,253.0,115.13,87.35,86.96,90.0,73.01,29.41,74980252.58,387241497.11,25461.0
cuba02_28,distributed,300.0,244.0,81.14,82.79,81.76,66.67,36.76,7.14,95210527.37,448323212.12,35544.0
cuba02_28,concentration2_cluster_9_group_none,300.0,244.0,82.78,83.2,82.06,66.67,33.73,7.14,126924540.45,909643157.49,35631.0
turkey33_9,distributed,300.0,267.0,119.22,87.64,86.51,73.33,83.42,41.67,62508686.19,452115368.47,25242.0
turkey33_9,concentration2_cluster_9_group_none,300.0,267.0,121.14,88.01,86.75,80.0,86.46,27.78,74063020.69,614426902.67,27614.0
myanmar12_8,distributed,300.0,226.0,60.7,79.2,78.37,100.0,30.25,4.26,112840519.43,387298416.48,41418.0
myanmar12_8,concentration2_cluster_9_group_none,300.0,226.0,60.7,79.2,78.37,33.33,31.13,6.38,60320327.11,908166328.9,40667.0
indonesia79_15,distributed,300.0,318.0,87.75,80.19,78.67,75.0,76.5,11.59,98935091.79,394565813.17,59071.0
indonesia79_15,concentration2_cluster_9_group_none,300.0,318.0,86.65,79.87,78.49,36.84,70.37,27.54,37575439.38,217827724.28,54266.0
ecuador01_3,distributed,300.0,325.0,165.26,90.15,88.55,76.19,91.47,53.85,46358457.54,337681356.37,24846.0
ecuador01_3,concentration2_cluster_9_group_none,300.0,325.0,170.78,90.46,89.14,77.78,88.62,46.15,56030006.35,398841378.17,25326.0
turkey13_24,distributed,300.0,254.0,182.95,95.28,94.41,100.0,61.49,25.0,98604628.31,913447752.26,12642.0
turkey13_24,concentration2_cluster_9_group_none,300.0,254.0,186.33,96.06,94.61,100.0,59.34,37.5,54204537.85,583124029.75,11554.0
philippines22_20,distributed,300.0,329.0,88.55,79.03,78.46,0.0,26.11,2.9,196967285.08,0.0,61228.0
philippines22_20,concentration2_cluster_9_group_none,300.0,329.0,88.55,79.03,78.46,100.0,26.96,2.9,208659356.79,409446998.01,61006.0
austria08_3,distributed,300.0,220.0,79.48,84.55,82.99,85.71,46.76,18.92,79814581.84,447795745.7,30408.0
austria08_3,concentration2_cluster_9_group_none,300.0,220.0,79.52,84.09,83.11,62.5,48.29,21.62,67126199.39,654058995.62,28877.0
belgium04_5,distributed,300.0,326.0,70.74,75.46,75.07,100.0,24.73,5.06,176636067.1,316026816.86,68526.0
belgium04_5,concentration2_cluster_9_group_none,300.0,326.0,70.74,75.46,75.07,16.67,24.6,7.59,79903878.7,695768085.23,67588.0
philippines30_20,concentration2_cluster_9_group_none,300.0,290.0,77.55,80.0,78.08,73.33,53.52,22.39,43749746.66,261075242.48,53965.0
philippines30_20,distributed,300.0,290.0,80.2,81.38,78.41,70.59,58.56,25.37,56353287.15,256831795.05,53825.0
chile21_16,distributed,300.0,147.0,69.54,89.8,87.18,87.5,86.32,38.1,52651309.48,411371495.77,14413.0
chile21_16,concentration2_cluster_9_group_none,300.0,147.0,68.73,90.48,86.8,100.0,70.65,42.86,43245826.51,272948539.23,13941.0
ukraine01_6,distributed,300.0,284.0,116.0,86.62,84.97,63.64,65.55,26.83,87545394.21,690556033.11,30669.0
ukraine01_6,concentration2_cluster_9_group_none,300.0,284.0,123.75,87.68,86.02,100.0,64.65,34.15,73805717.07,367191555.7,30228.0
ecuador01_21,distributed,300.0,325.0,204.62,94.15,91.95,64.29,95.28,50.0,65587585.54,569947672.28,18230.0
ecuador01_21,concentration2_cluster_9_group_none,300.0,325.0,193.63,92.31,91.24,81.82,92.23,39.29,80710625.68,688164904.85,19610.0
eritrea02_5,distributed,300.0,195.0,85.38,86.67,86.34,83.33,67.91,23.08,88520522.19,429644853.37,20291.0
eritrea02_5,concentration2_cluster_9_group_none,300.0,195.0,85.38,86.67,86.34,100.0,76.95,26.92,69588558.14,354902178.55,20215.0
ukraine01_13,distributed,300.0,284.0,108.9,85.56,83.95,72.73,76.57,22.92,124548480.86,494687537.53,38440.0
ukraine01_13,concentration2_cluster_9_group_none,300.0,284.0,109.4,85.56,84.04,61.54,76.82,27.08,82774630.98,486906554.8,36458.0
spain07_29,distributed,300.0,364.0,117.25,82.42,81.21,50.0,60.69,11.76,157978299.05,520707463.46,58134.0
spain07_29,concentration2_cluster_9_group_none,300.0,364.0,118.17,82.69,81.3,80.0,56.76,14.71,100154277.94,390644106.26,56977.0
eritrea02_19,distributed,300.0,195.0,82.72,86.15,85.83,75.0,68.03,14.81,151060516.46,678740145.25,22244.0
eritrea02_19,concentration2_cluster_9_group_none,300.0,195.0,82.72,86.15,85.83,100.0,65.34,18.52,93098090.0,391690325.89,21499.0
chile01_12,distributed,300.0,375.0,157.53,87.2,85.39,71.43,78.74,24.14,77690203.23,435807212.54,46178.0
chile01_12,concentration2_cluster_9_group_none,300.0,375.0,155.55,87.47,85.08,93.75,71.57,27.59,60819227.79,314167989.02,44448.0
austria32_26,distributed,300.0,327.0,125.87,86.24,83.87,68.18,77.32,38.6,60226746.24,344659235.08,41678.0
austria32_26,concentration2_cluster_9_group_none,300.0,327.0,113.25,83.49,82.4,79.17,86.03,42.11,52089353.23,270819929.67,41031.0
austria22_9,concentration2_cluster_9_group_none,300.0,315.0,124.6,86.35,84.39,87.5,48.32,16.67,128853157.85,566700852.5,39112.0
austria22_9,distributed,300.0,315.0,126.38,86.35,84.67,60.0,53.62,10.42,209710528.36,1188053949.22,40153.0
netherlands04_18,concentration2_cluster_9_group_none,300.0,342.0,85.72,78.07,77.28,87.5,38.61,10.53,172976850.38,350242076.52,64421.0
netherlands04_18,distributed,300.0,342.0,85.19,78.07,77.15,62.5,39.96,10.53,181373420.92,430405424.34,64697.0
netherlands04_6,distributed,300.0,342.0,92.5,80.12,78.28,33.33,46.65,16.0,111826532.33,429035969.99,64011.0
netherlands04_6,concentration2_cluster_9_group_none,300.0,342.0,92.5,80.12,78.28,50.0,44.25,8.0,190435689.69,595273066.78,64251.0
cuba02_11,distributed,300.0,244.0,79.07,82.79,81.24,40.0,39.95,10.42,130721378.23,759716000.16,40948.0
cuba02_11,concentration2_cluster_9_group_none,300.0,244.0,80.32,83.2,81.46,85.71,38.47,14.58,78038070.18,390963914.59,40265.0
mongolia05_13,distributed,300.0,250.0,150.6,92.8,91.36,71.43,88.56,28.0,125889470.82,1256737135.71,18501.0
mongolia05_13,concentration2_cluster_9_group_none,300.0,250.0,152.85,94.0,91.4,81.82,92.71,44.0,77818163.23,707267483.8,17042.0
belize04_13,distributed,300.0,338.0,105.61,82.25,80.64,70.0,57.23,15.38,79431353.0,372509890.78,53407.0
belize04_13,concentration2_cluster_9_group_none,300.0,338.0,106.18,82.54,80.68,92.86,58.57,21.54,62412679.68,267023057.47,52140.0
america20_7,distributed,300.0,323.0,88.11,79.88,78.51,100.0,24.78,2.86,423285798.11,686191386.88,62042.0
america20_7,concentration2_cluster_9_group_none,300.0,323.0,88.11,79.88,78.51,40.0,25.5,7.14,181655130.79,1130618177.01,60731.0
canada34_20,distributed,300.0,279.0,99.08,84.23,82.73,25.0,58.35,16.67,144385873.36,1998410106.46,39661.0
canada34_20,concentration2_cluster_9_group_none,300.0,279.0,102.42,84.59,83.3,66.67,57.2,12.5,196044651.05,917324835.32,40851.0
ishikawa_23,distributed,300.0,310.0,124.63,86.13,84.76,83.33,49.91,13.04,73298179.75,429202298.06,38590.0
ishikawa_23,concentration2_cluster_9_group_none,300.0,310.0,122.68,85.48,84.6,50.0,48.8,13.04,70581078.92,817869927.03,38179.0
peru17_6,distributed,300.0,334.0,238.3,96.11,94.04,100.0,86.74,43.48,83523857.34,798837611.7,16234.0
peru17_6,concentration2_cluster_9_group_none,300.0,334.0,238.55,96.11,94.06,58.82,90.71,73.91,44866158.1,842664103.92,12414.0
chile23_26,distributed,300.0,334.0,96.46,81.14,79.34,75.0,59.53,17.39,95007228.11,422649563.89,56112.0
chile23_26,concentration2_cluster_9_group_none,300.0,334.0,97.16,80.84,79.56,91.67,59.89,17.39,88211653.1,379576493.93,56406.0
canada34_28,distributed,300.0,279.0,83.58,82.08,79.84,87.5,54.33,13.79,192424890.96,433702470.52,48569.0
canada34_28,concentration2_cluster_9_group_none,300.0,279.0,84.49,82.08,80.06,83.33,52.54,20.69,133475981.38,374617195.53,46885.0
bulgaria05_23,distributed,300.0,180.0,54.71,81.67,80.23,100.0,39.44,8.57,82070007.63,240749799.31,30095.0
bulgaria05_23,concentration2_cluster_9_group_none,300.0,180.0,53.87,81.11,80.06,66.67,37.08,8.57,88757995.02,514139090.34,30263.0
eritrea02_12,distributed,300.0,195.0,103.8,90.26,89.44,80.0,79.93,25.0,60898729.16,456080576.22,16125.0
eritrea02_12,concentration2_cluster_9_group_none,300.0,195.0,103.11,89.74,89.42,100.0,74.83,20.0,75671180.35,438622263.34,15949.0
indonesia80_1,concentration2_cluster_9_group_none,300.0,344.0,149.74,87.5,86.04,83.33,46.2,12.77,75084108.2,429113290.21,40100.0
indonesia80_1,distributed,300.0,344.0,149.74,87.5,86.04,60.0,44.0,10.64,82888418.79,565654214.79,39861.0
america20_16,distributed,300.0,323.0,81.16,78.64,77.18,66.67,30.1,8.11,175509316.47,1092385423.84,64181.0
america20_16,concentration2_cluster_9_group_none,300.0,323.0,81.14,78.64,77.18,80.0,29.59,6.76,154040423.39,999008654.42,64386.0
peru24_16,distributed,300.0,326.0,230.79,95.4,94.03,54.55,93.94,50.0,60522648.82,1199095764.97,13973.0
peru24_16,concentration2_cluster_9_group_none,300.0,326.0,228.01,95.4,93.79,85.71,78.96,31.82,82331881.04,1218447913.16,15507.0
venezuela02_8,distributed,300.0,295.0,202.94,95.25,93.49,90.0,78.2,45.45,74077463.22,775380315.28,14397.0
venezuela02_8,concentration2_cluster_9_group_none,300.0,295.0,205.4,94.92,93.8,80.0,77.96,45.45,74103588.18,861733760.26,14682.0
china41_14,distributed,300.0,241.0,115.96,88.38,87.84,100.0,54.42,10.71,317333708.3,822351691.66,23884.0
china41_14,concentration2_cluster_9_group_none,300.0,241.0,124.38,90.04,88.87,100.0,60.19,17.86,174417643.89,636738324.78,22187.0
ejypt04_23,distributed,300.0,250.0,58.24,77.6,75.94,53.33,73.55,24.59,74842924.78,285880239.9,48802.0
ejypt04_23,concentration2_cluster_9_group_none,300.0,250.0,59.88,79.2,76.08,66.67,64.09,19.67,90970959.21,359563661.27,50332.0
belize01_29,distributed,300.0,324.0,71.03,76.54,74.99,0.0,27.28,1.22,457395233.47,0.0,72879.0
belize01_29,concentration2_cluster_9_group_none,300.0,324.0,71.03,76.54,74.99,50.0,28.06,4.88,119689364.44,763952915.68,71376.0
america35_20,distributed,300.0,342.0,98.16,80.99,79.25,25.0,41.81,16.0,87519741.56,931157138.39,62310.0
america35_20,concentration2_cluster_9_group_none,300.0,342.0,102.58,82.75,79.7,75.0,41.05,21.33,90752633.25,378946647.19,60005.0
peru13,distributed,300.0,319.0,128.83,87.15,84.62,77.78,67.42,33.96,61788199.01,397443270.52,38297.0
peru13,concentration2_cluster_9_group_none,300.0,319.0,129.12,87.15,84.66,75.0,66.27,22.64,100632702.02,516606626.39,41579.0
iceland06_26,distributed,300.0,209.0,83.48,85.65,84.74,76.92,84.88,41.94,75978809.5,520763636.15,22056.0
iceland06_26,concentration2_cluster_9_group_none,300.0,209.0,92.77,88.52,86.19,83.33,86.64,38.71,83866739.79,569423056.79,22261.0
philippines20_4,distributed,300.0,324.0,106.34,82.72,81.51,33.33,63.61,5.36,229619443.62,662018352.6,48995.0
philippines20_4,concentration2_cluster_9_group_none,300.0,324.0,104.43,82.1,81.3,83.33,63.91,10.71,93910063.55,474611647.93,47966.0
italy16_28,distributed,300.0,214.0,98.95,87.85,87.16,100.0,74.05,7.14,188452939.29,603431988.21,23777.0
italy16_28,concentration2_cluster_9_group_none,300.0,214.0,98.77,87.85,87.13,50.0,80.53,21.43,75011396.73,804926872.34,22861.0
america35_7,distributed,300.0,342.0,111.05,81.87,81.5,57.14,40.95,12.07,116381949.88,421681616.2,49221.0
america35_7,concentration2_cluster_9_group_none,300.0,342.0,112.05,82.16,81.61,75.0,42.0,13.79,104073546.61,376046133.52,48161.0
ibaragi_7,distributed,300.0,258.0,93.37,84.11,83.13,100.0,43.02,4.55,135895745.49,534420084.18,38256.0
ibaragi_7,concentration2_cluster_9_group_none,300.0,258.0,93.37,84.11,83.13,50.0,40.87,4.55,186662784.71,2004290672.1,37950.0
chile23_19,distributed,300.0,334.0,113.6,82.93,82.17,77.78,68.46,15.25,117127115.15,450915744.66,49037.0
chile23_19,concentration2_cluster_9_group_none,300.0,334.0,115.86,83.53,82.42,70.0,66.61,16.95,105148390.06,554690507.78,48832.0
tokyo03_12,distributed,300.0,237.0,104.25,87.34,86.28,0.0,41.09,3.03,271862660.56,0.0,29465.0
tokyo03_12,concentration2_cluster_9_group_none,300.0,237.0,104.25,87.34,86.28,0.0,42.45,0.0,0.0,0.0,29535.0
serbia04_15,distributed,300.0,251.0,88.49,84.46,82.53,55.56,55.02,19.57,83201070.91,568405907.73,37393.0
serbia04_15,concentration2_cluster_9_group_none,300.0,251.0,90.02,85.26,82.68,77.78,53.46,19.57,86625746.57,475710591.96,37165.0
indonesia80_7,distributed,300.0,344.0,100.86,80.23,79.87,57.14,54.34,10.45,82542784.21,378890384.95,57012.0
indonesia80_7,concentration2_cluster_9_group_none,300.0,344.0,100.86,80.23,79.87,88.89,51.01,13.43,59178040.55,231938770.96,55621.0
venezuela02_21,distributed,300.0,295.0,241.46,97.29,96.54,87.5,64.47,61.54,53137044.14,1013168449.44,6950.0
venezuela02_21,concentration2_cluster_9_group_none,300.0,295.0,248.54,98.31,96.91,100.0,81.42,69.23,50537062.0,819626195.16,6721.0
croatia07_24,distributed,300.0,221.0,59.29,78.73,78.47,66.67,33.55,6.67,83737690.05,325679230.27,38898.0
croatia07_24,concentration2_cluster_9_group_none,300.0,221.0,59.23,78.73,78.45,50.0,32.75,4.44,160424867.33,1251372883.93,39151.0
austria22_2,distributed,300.0,315.0,95.74,81.59,80.25,66.67,58.37,14.52,98739108.88,426363391.06,51704.0
austria22_2,concentration2_cluster_9_group_none,300.0,315.0,95.86,82.22,80.12,83.33,54.91,19.35,73390643.58,406956692.23,50201.0
venezuela01_2,distributed,300.0,299.0,236.57,96.66,96.0,100.0,96.87,42.86,75466390.54,1124617885.16,9044.0
venezuela01_2,concentration2_cluster_9_group_none,300.0,299.0,230.38,96.32,95.54,100.0,94.32,42.86,78638469.08,1118776154.91,9140.0
indonesia79_18,distributed,300.0,318.0,91.65,80.5,79.46,64.29,85.75,22.95,63877086.66,226272920.43,49379.0
indonesia79_18,concentration2_cluster_9_group_none,300.0,318.0,93.09,81.13,79.61,52.17,87.79,37.7,34271045.78,154230078.46,44459.0
philippines25_4,concentration2_cluster_9_group_none,300.0,371.0,120.34,82.21,81.4,11.11,72.8,27.27,55404745.59,857901520.96,51348.0
philippines25_4,distributed,300.0,371.0,127.38,83.83,82.15,47.37,69.66,28.79,54068361.49,371424072.28,50996.0
myanmar12_19,distributed,300.0,226.0,45.93,74.78,73.94,0.0,34.24,5.17,97890944.16,0.0,50473.0
myanmar12_19,concentration2_cluster_9_group_none,300.0,226.0,45.93,74.78,73.94,0.0,34.9,5.17,67653142.9,0.0,50503.0
canada34_24,distributed,300.0,279.0,128.06,88.17,86.94,66.67,62.01,15.79,194584382.84,1100452017.22,31070.0
canada34_24,concentration2_cluster_9_group_none,300.0,279.0,128.14,88.53,86.87,75.0,59.3,21.05,136418416.83,692795386.66,30912.0
myanmar12_11,concentration2_cluster_9_group_none,300.0,226.0,86.77,85.4,84.01,33.33,34.85,8.33,60468431.33,928624990.14,31086.0
myanmar12_11,distributed,300.0,226.0,86.77,85.4,84.01,33.33,33.69,8.33,54944116.5,486975957.11,30537.0
mongolia05_28,concentration2_cluster_9_group_none,300.0,250.0,137.57,92.0,89.72,57.14,93.84,46.67,69461179.28,731790189.02,20509.0
mongolia05_28,distributed,300.0,250.0,133.12,91.2,89.24,66.67,86.26,50.0,66078067.64,642317201.25,19197.0
croatia07_1,concentration2_cluster_9_group_none,300.0,221.0,68.22,81.45,80.6,0.0,38.94,11.9,76902198.26,0.0,35458.0
croatia07_1,distributed,300.0,221.0,70.0,82.35,80.89,60.0,34.29,11.9,57138506.86,328018249.59,35431.0
argeria07_24,distributed,300.0,182.0,41.37,78.57,75.2,68.18,74.62,44.0,44787287.73,156081881.69,33580.0
argeria07_24,concentration2_cluster_9_group_none,300.0,182.0,42.94,80.22,75.52,69.23,85.41,52.0,38051703.51,152516687.1,32220.0
peru24_18,distributed,300.0,326.0,232.23,95.4,94.16,81.82,95.54,52.38,67201280.46,688450280.25,12772.0
peru24_18,concentration2_cluster_9_group_none,300.0,326.0,231.48,95.09,94.16,80.0,88.05,47.62,72165961.68,749838819.24,13955.0
america52_20,distributed,300.0,375.0,131.54,84.27,82.47,72.22,45.43,26.09,78563231.82,323648800.65,53688.0
america52_20,concentration2_cluster_9_group_none,300.0,375.0,130.79,84.27,82.36,72.73,44.54,31.88,56235402.33,293705534.15,53048.0
sapporo_16,distributed,300.0,253.0,98.52,85.77,84.21,66.67,39.96,14.63,94288000.81,279670152.51,33989.0
sapporo_16,concentration2_cluster_9_group_none,300.0,253.0,100.81,86.17,84.57,87.5,40.67,19.51,66812067.73,220908194.64,33384.0
myanmar13_10,distributed,300.0,228.0,47.67,75.44,74.34,0.0,32.46,0.0,0.0,0.0,52805.0
myanmar13_10,concentration2_cluster_9_group_none,300.0,228.0,47.67,75.44,74.34,0.0,33.38,0.0,0.0,0.0,52805.0
iceland07_9,distributed,300.0,244.0,80.47,82.38,81.69,61.54,70.45,30.95,95476393.19,476074954.4,30890.0
iceland07_9,concentration2_cluster_9_group_none,300.0,244.0,87.48,85.25,82.68,58.33,70.5,28.57,109178581.9,524273515.29,31017.0
india10_27,distributed,300.0,247.0,93.19,85.02,83.75,66.67,34.33,7.5,94896225.38,576663615.79,34474.0
india10_27,concentration2_cluster_9_group_none,300.0,247.0,93.19,85.02,83.75,100.0,34.19,2.5,212301100.61,814126069.6,35184.0
netherlands04_5,distributed,300.0,342.0,111.06,81.87,81.51,20.0,40.88,8.62,198725001.86,2155424332.57,49790.0
netherlands04_5,concentration2_cluster_9_group_none,300.0,342.0,117.47,83.33,82.27,60.0,39.48,8.62,194281106.54,654563456.24,49280.0
chile47_21,distributed,300.0,375.0,232.58,93.87,91.71,73.68,93.18,52.78,51974723.8,462617890.9,23522.0
chile47_21,concentration2_cluster_9_group_none,300.0,375.0,225.4,93.33,91.2,69.57,99.42,63.89,42177512.92,432687997.59,22153.0
iceland07_1,concentration2_cluster_9_group_none,300.0,244.0,94.55,86.07,84.04,72.73,76.98,26.19,102725997.21,622216322.97,33061.0
iceland07_1,distributed,300.0,244.0,93.53,86.07,83.82,66.67,80.09,28.57,91715731.66,621501208.13,31419.0
argentina10_1,distributed,300.0,336.0,111.05,83.04,81.57,75.0,37.39,6.67,317962618.02,702799622.24,51416.0
argentina10_1,concentration2_cluster_9_group_none,300.0,336.0,109.01,82.44,81.35,100.0,34.58,5.0,361428560.83,577360148.25,52602.0
netherlands04_22,concentration2_cluster_9_group_none,300.0,342.0,113.45,82.75,81.72,85.71,47.41,10.77,183248828.54,396682566.83,54868.0
netherlands04_22,distributed,300.0,342.0,111.56,82.75,81.38,60.0,48.77,15.38,127594548.28,477085680.13,54319.0
myanmar11_3,distributed,300.0,235.0,61.29,79.57,77.69,44.44,54.43,18.0,47974343.96,446581778.93,41405.0
myanmar11_3,concentration2_cluster_9_group_none,300.0,235.0,60.01,78.72,77.48,60.0,51.21,10.0,84301386.03,840245901.13,42651.0
chile47_14,distributed,300.0,375.0,230.5,93.6,91.59,56.0,92.51,71.43,44967005.36,522464679.79,19381.0
chile47_14,concentration2_cluster_9_group_none,300.0,375.0,245.67,94.67,92.64,82.14,97.34,80.0,38117598.66,294298344.43,15394.0
peru17_22,concentration2_cluster_9_group_none,300.0,334.0,221.73,94.31,92.98,85.71,87.2,50.0,62073132.75,725483580.96,17594.0
peru17_22,distributed,300.0,334.0,213.97,93.71,92.39,83.33,95.87,42.86,77059438.01,857258400.34,19345.0
sapporo_24,distributed,300.0,253.0,102.12,85.77,84.92,75.0,36.13,11.11,82119071.09,296113622.09,29858.0
sapporo_24,concentration2_cluster_9_group_none,300.0,253.0,100.21,84.98,84.73,33.33,33.17,8.33,95503601.81,553606454.05,30213.0
austria32_9,distributed,300.0,327.0,132.4,87.16,84.67,81.82,66.71,20.37,115592158.5,516045053.82,43117.0
austria32_9,concentration2_cluster_9_group_none,300.0,327.0,130.0,86.24,84.51,68.42,76.69,35.19,78531285.56,358314341.98,39593.0
hukuoka01_17,distributed,300.0,367.0,210.31,91.83,90.57,85.71,80.45,37.84,65357195.19,478461789.05,26009.0
hukuoka01_17,concentration2_cluster_9_group_none,300.0,367.0,208.93,91.55,90.5,58.82,84.6,45.95,52483140.61,589632652.4,24317.0
belize04_17,distributed,300.0,338.0,141.05,87.28,85.24,80.0,61.44,30.61,50859358.3,231753197.83,37558.0
belize04_17,concentration2_cluster_9_group_none,300.0,338.0,145.16,88.76,85.48,93.75,62.99,32.65,42932163.23,206580163.38,35805.0
nara01_29,distributed,300.0,319.0,102.11,81.5,81.31,0.0,30.14,0.0,0.0,0.0,51910.0
nara01_29,concentration2_cluster_9_group_none,300.0,319.0,102.11,81.5,81.31,100.0,31.4,1.72,201363713.32,822925939.46,51483.0
yamanashi_24,distributed,300.0,320.0,102.78,82.19,81.21,50.0,34.14,6.9,185310797.61,712417966.55,50073.0
yamanashi_24,concentration2_cluster_9_group_none,300.0,320.0,104.02,82.5,81.37,85.71,38.17,12.07,102867165.45,326167562.63,48501.0
peru17_8,distributed,300.0,334.0,228.0,94.91,93.41,71.43,93.91,56.0,62662648.26,780063169.79,15833.0
peru17_8,concentration2_cluster_9_group_none,300.0,334.0,231.53,95.21,93.65,72.73,93.69,44.0,73724296.44,894901007.72,16130.0
chile01_17,distributed,300.0,375.0,156.17,86.67,85.34,76.47,78.34,30.36,66074274.17,412927609.77,42609.0
chile01_17,concentration2_cluster_9_group_none,300.0,375.0,154.58,86.4,85.2,80.0,78.36,26.79,65076464.74,484525647.71,43892.0
indonesia63_15,distributed,300.0,340.0,125.69,84.41,83.49,0.0,34.25,1.82,336548538.1,0.0,48735.0
indonesia63_15,concentration2_cluster_9_group_none,300.0,340.0,125.69,84.41,83.49,50.0,36.68,7.27,80375326.29,984697303.66,47685.0
turkey33_26,distributed,300.0,267.0,121.65,88.76,86.66,72.22,90.57,48.65,55762251.08,415900898.29,24244.0
turkey33_26,concentration2_cluster_9_group_none,300.0,267.0,127.64,89.51,87.46,82.35,85.94,45.95,50186935.94,420441950.65,25142.0
chile47_8,distributed,300.0,375.0,217.07,92.27,90.68,86.67,82.06,40.54,73904280.81,464902538.25,26110.0
chile47_8,concentration2_cluster_9_group_none,300.0,375.0,218.0,92.53,90.7,89.47,91.36,51.35,54916517.17,371841145.68,24891.0
bulgaria06_13,distributed,300.0,241.0,60.61,77.59,77.47,53.33,76.24,29.41,68601287.13,358135487.47,39726.0
bulgaria06_13,concentration2_cluster_9_group_none,300.0,241.0,63.98,80.08,77.92,80.0,74.0,29.41,64031750.82,277039339.83,38211.0
italy36_19,distributed,300.0,281.0,124.5,88.97,86.06,60.87,87.81,52.27,48842902.47,410771815.22,29181.0
italy36_19,concentration2_cluster_9_group_none,300.0,281.0,125.13,88.61,86.24,56.52,89.12,52.27,42204937.19,421722980.43,28758.0
new-zealand20_3,distributed,300.0,330.0,165.94,89.7,88.42,53.85,65.88,33.33,81726876.12,793235875.34,29372.0
new-zealand20_3,concentration2_cluster_9_group_none,300.0,330.0,168.66,90.0,88.68,66.67,68.87,30.77,98495000.46,707120905.92,30081.0
philippines25_23,distributed,300.0,371.0,115.71,82.48,80.55,37.04,72.19,37.5,37449797.23,427763867.04,54108.0
philippines25_23,concentration2_cluster_9_group_none,300.0,371.0,115.0,82.21,80.49,47.83,71.39,31.94,42633203.69,340659016.64,54532.0
tokyo12_19,concentration2_cluster_9_group_none,300.0,352.0,101.81,81.53,79.27,100.0,42.58,8.11,96516966.49,315424626.41,62900.0
tokyo12_19,distributed,300.0,352.0,99.95,80.97,79.04,28.57,46.28,9.46,111213516.18,1085906934.9,63196.0
congo10_17,distributed,300.0,335.0,125.99,84.48,83.81,33.33,29.44,5.77,144930729.47,1455733244.48,45985.0
congo10_17,concentration2_cluster_9_group_none,300.0,335.0,126.71,84.48,83.93,66.67,29.9,5.77,86392720.1,837878521.2,45820.0
new-zealand20_24,distributed,300.0,330.0,170.22,90.3,88.8,75.0,75.5,43.24,70851712.24,573198019.8,25827.0
new-zealand20_24,concentration2_cluster_9_group_none,300.0,330.0,173.96,90.61,89.17,88.24,80.04,45.95,64486829.58,444472277.85,25007.0
croatia07_19,distributed,300.0,221.0,65.39,81.0,79.86,0.0,40.69,7.14,159347234.85,316137213.29,36828.0
croatia07_19,concentration2_cluster_9_group_none,300.0,221.0,65.39,81.0,79.86,66.67,39.33,7.14,180254251.84,220646975.09,36891.0
nara01_2,distributed,300.0,319.0,102.11,81.5,81.31,0.0,24.83,1.79,316578310.73,0.0,49705.0
nara01_2,concentration2_cluster_9_group_none,300.0,319.0,102.11,81.5,81.31,0.0,25.48,1.79,259161760.86,0.0,49561.0
india10_1,distributed,300.0,247.0,68.89,80.57,78.78,100.0,32.36,5.56,149883879.38,464957593.32,47553.0
india10_1,concentration2_cluster_9_group_none,300.0,247.0,68.89,80.57,78.78,100.0,32.69,5.56,123170546.12,391396359.82,47079.0
china19_5,distributed,300.0,276.0,154.82,92.39,90.02,59.09,97.97,70.97,40516060.82,554977356.91,17526.0
china19_5,concentration2_cluster_9_group_none,300.0,276.0,155.87,92.03,90.23,85.71,97.23,45.16,66105645.46,597771216.89,21476.0
congo10_1,distributed,300.0,335.0,108.2,81.79,81.42,50.0,33.28,3.28,224678886.23,891692018.53,53993.0
congo10_1,concentration2_cluster_9_group_none,300.0,335.0,108.2,81.79,81.42,0.0,35.65,3.28,197586818.32,0.0,53744.0
turkey18_28,distributed,300.0,253.0,96.16,85.38,83.81,71.43,66.01,31.82,48545048.92,363802949.48,32793.0
turkey18_28,concentration2_cluster_9_group_none,300.0,253.0,94.82,84.98,83.63,38.89,76.72,40.91,34646028.3,351719672.43,31457.0
iceland07_2,distributed,300.0,244.0,94.72,86.48,83.98,44.44,76.4,23.68,128300611.17,794420416.56,29729.0
iceland07_2,concentration2_cluster_9_group_none,300.0,244.0,96.14,86.48,84.28,88.89,67.86,23.68,128810842.07,574710205.2,29459.0
singapore20_14,distributed,300.0,208.0,69.53,83.17,81.77,50.0,46.83,15.38,125522698.71,572005207.92,32046.0
singapore20_14,concentration2_cluster_9_group_none,300.0,208.0,68.59,83.17,81.5,57.14,45.69,17.95,108678902.13,573348563.52,32243.0
chile47_12,distributed,300.0,375.0,215.17,91.73,90.62,78.95,88.84,51.35,44764028.05,401710235.54,23229.0
chile47_12,concentration2_cluster_9_group_none,300.0,375.0,231.83,94.4,91.53,86.96,93.71,62.16,37951340.75,330357858.1,22238.0
ibaragi_25,distributed,300.0,258.0,78.88,81.4,80.42,50.0,42.68,4.26,337581233.07,630120766.51,41058.0
ibaragi_25,concentration2_cluster_9_group_none,300.0,258.0,81.1,82.17,80.78,100.0,44.48,10.64,121952593.26,212577898.76,40071.0
congo10_14,distributed,300.0,335.0,120.87,84.18,83.06,0.0,24.35,0.0,0.0,0.0,49225.0
congo10_14,concentration2_cluster_9_group_none,300.0,335.0,120.87,84.18,83.06,0.0,24.38,0.0,0.0,0.0,49225.0
ibaragi_13,distributed,300.0,258.0,87.97,82.56,82.31,33.33,46.58,6.82,122098650.24,1166486127.84,38456.0
ibaragi_13,concentration2_cluster_9_group_none,300.0,258.0,89.12,82.95,82.48,85.71,44.75,15.91,56291143.13,210692199.4,36136.0
tokyo21_9,distributed,300.0,293.0,112.58,84.98,84.12,100.0,26.05,2.22,313725782.09,724433495.44,39683.0
tokyo21_9,concentration2_cluster_9_group_none,300.0,293.0,112.58,84.98,84.12,100.0,28.41,2.22,273716475.95,858206752.5,39653.0
philippines22_9,distributed,300.0,329.0,93.73,79.94,79.37,0.0,27.72,4.62,156176094.73,1152676568.71,57092.0
philippines22_9,concentration2_cluster_9_group_none,300.0,329.0,93.73,79.94,79.37,0.0,26.18,1.54,453963072.59,0.0,57877.0
ukraine12_6,distributed,300.0,255.0,66.93,79.22,77.91,66.67,57.42,16.36,87287267.06,443461343.02,45232.0
ukraine12_6,concentration2_cluster_9_group_none,300.0,255.0,67.83,79.61,78.08,63.64,50.49,20.0,69861920.07,336131796.82,45506.0
singapore20_3,distributed,300.0,208.0,77.13,84.13,83.61,75.0,57.17,11.43,129449832.18,769489740.11,29929.0
singapore20_3,concentration2_cluster_9_group_none,300.0,208.0,75.68,83.65,83.35,100.0,54.46,14.29,125343617.7,432717840.93,29475.0
india10_16,distributed,300.0,247.0,85.4,83.0,82.49,66.67,37.96,7.32,100768584.62,426340617.24,35702.0
india10_16,concentration2_cluster_9_group_none,300.0,247.0,85.4,83.0,82.49,100.0,35.99,4.88,153060126.47,393421464.14,35961.0
new-zealand02_7,distributed,300.0,258.0,81.8,82.17,80.95,100.0,29.61,14.29,109305575.07,211284608.97,40143.0
new-zealand02_7,concentration2_cluster_9_group_none,300.0,258.0,81.8,82.17,80.95,100.0,30.01,18.37,79710816.67,174087235.67,39151.0
peru13_20,distributed,300.0,319.0,161.04,89.66,88.51,38.46,74.5,34.21,74852839.83,798424984.2,28633.0
peru13_20,concentration2_cluster_9_group_none,300.0,319.0,164.91,89.97,88.92,81.82,73.49,28.95,78242383.56,610323723.86,28521.0
iceland07_8,distributed,300.0,244.0,96.84,86.07,84.52,60.0,84.27,15.15,178579219.04,741656560.57,28483.0
iceland07_8,concentration2_cluster_9_group_none,300.0,244.0,103.81,88.11,85.44,62.5,81.67,24.24,114112044.03,595082455.35,26794.0
germany08_29,distributed,300.0,269.0,128.55,88.85,87.6,50.0,76.1,30.3,65184090.24,1035086069.7,24620.0
germany08_29,concentration2_cluster_9_group_none,300.0,269.0,127.56,88.48,87.53,80.0,78.81,30.3,65896254.42,480910891.26,25025.0
austria32_10,distributed,300.0,327.0,130.52,87.16,84.38,47.62,64.32,39.62,65160142.16,371407160.67,38120.0
austria32_10,concentration2_cluster_9_group_none,300.0,327.0,126.83,85.63,84.16,72.73,67.79,20.75,108165356.11,510603361.33,42468.0
america20_22,distributed,300.0,323.0,122.31,84.21,84.02,50.0,24.02,11.76,120364180.57,1087409439.59,43173.0
america20_22,concentration2_cluster_9_group_none,300.0,323.0,123.39,84.52,84.12,75.0,24.33,15.69,91191305.21,604307488.99,41818.0
iceland06_25,distributed,300.0,209.0,98.79,88.52,87.45,87.5,74.82,28.57,102412673.94,732369129.63,21248.0
iceland06_25,concentration2_cluster_9_group_none,300.0,209.0,100.52,89.0,87.69,100.0,79.55,14.29,200058167.45,1357581881.86,22875.0
ejypt04_10,concentration2_cluster_9_group_none,300.0,250.0,53.74,76.0,74.74,69.23,57.6,21.67,62815530.7,340550993.45,47240.0
ejypt04_10,distributed,300.0,250.0,54.92,76.8,74.97,85.71,59.91,11.67,137920055.86,427206096.63,50222.0
argentina10_21,distributed,300.0,336.0,91.24,79.76,78.45,62.5,36.66,11.27,132211149.59,664101646.96,61014.0
argentina10_21,concentration2_cluster_9_group_none,300.0,336.0,92.61,80.06,78.67,70.0,32.34,14.08,111164505.74,405828408.35,59392.0
bulgaria06_27,distributed,300.0,241.0,61.65,80.5,77.07,73.68,65.4,33.33,64751350.83,296459080.71,42455.0
bulgaria06_27,concentration2_cluster_9_group_none,300.0,241.0,58.24,78.01,76.56,81.25,67.06,28.07,71134685.14,303938238.36,44096.0
america52_8,distributed,300.0,375.0,122.78,83.2,81.35,69.23,54.17,18.31,88892329.99,447393869.27,57313.0
america52_8,concentration2_cluster_9_group_none,300.0,375.0,125.84,83.47,81.78,83.33,54.92,16.9,96175907.54,491820981.8,57731.0
venezuela02_3,distributed,300.0,295.0,227.81,96.27,95.59,71.43,68.37,46.67,84420744.48,1379079556.57,10289.0
venezuela02_3,concentration2_cluster_9_group_none,300.0,295.0,227.82,96.61,95.52,100.0,70.1,40.0,74800796.29,1027611023.34,10668.0
peru19_17,distributed,300.0,331.0,141.23,87.31,85.68,71.43,51.05,14.58,136051895.01,785932513.95,39956.0
peru19_17,concentration2_cluster_9_group_none,300.0,331.0,142.75,87.01,85.96,88.89,47.46,18.75,105009807.12,592304333.3,39207.0
italy16_25,distributed,300.0,214.0,95.32,88.32,86.31,41.67,83.48,38.71,52906211.33,297049265.51,21787.0
italy16_25,concentration2_cluster_9_group_none,300.0,214.0,97.01,89.72,86.35,66.67,83.15,48.39,39929233.17,327785690.37,20446.0
philippines25_28,distributed,300.0,371.0,112.14,81.4,80.19,54.55,67.33,15.49,83059134.62,389749129.99,59247.0
philippines25_28,concentration2_cluster_9_group_none,300.0,371.0,109.93,81.13,79.85,33.33,63.6,21.13,57466258.72,317576751.44,57755.0
slovenia06_18,distributed,300.0,320.0,137.64,86.56,86.01,60.0,53.27,11.9,126306587.06,982814592.39,35443.0
slovenia06_18,concentration2_cluster_9_group_none,300.0,320.0,137.36,86.56,85.97,57.14,48.87,16.67,90830198.47,788065692.09,35648.0
america52_1,distributed,300.0,375.0,137.51,84.8,83.23,85.71,49.63,10.94,189136389.16,653625597.04,54669.0
america52_1,concentration2_cluster_9_group_none,300.0,375.0,136.76,84.27,83.25,85.71,44.82,10.94,155022745.53,714225397.11,54501.0
myanmar03_1,distributed,300.0,240.0,68.79,80.42,79.37,100.0,25.59,3.92,132433569.45,397738391.46,44647.0
myanmar03_1,concentration2_cluster_9_group_none,300.0,240.0,68.79,80.42,79.37,100.0,24.79,7.84,86940942.7,247896496.85,43772.0
austria08_24,concentration2_cluster_9_group_none,300.0,220.0,72.23,83.64,81.3,63.64,43.55,25.0,68967042.29,388861441.86,34173.0
austria08_24,distributed,300.0,220.0,72.34,83.64,81.33,77.78,44.76,20.45,87986134.31,377939902.74,34814.0
serbia04_11,concentration2_cluster_9_group_none,300.0,251.0,87.68,84.46,82.34,91.67,60.69,25.53,66465261.58,252622813.48,36986.0
serbia04_11,distributed,300.0,251.0,85.46,84.46,81.83,54.55,53.86,23.4,60563962.05,403164415.69,37830.0
philippines30_27,distributed,300.0,290.0,89.9,82.07,80.53,88.89,54.28,16.36,95392694.83,279091229.98,45595.0
philippines30_27,concentration2_cluster_9_group_none,300.0,290.0,95.59,83.45,81.42,90.0,57.48,18.18,85018602.17,296939452.55,44205.0
spain07_17,distributed,300.0,364.0,166.96,87.36,87.11,60.0,62.52,11.36,140945011.11,586095693.83,36774.0
spain07_17,concentration2_cluster_9_group_none,300.0,364.0,166.84,87.36,87.1,50.0,61.64,13.64,90604554.48,1000162235.35,36713.0
okayama_25,distributed,300.0,293.0,151.0,89.76,88.9,50.0,55.3,25.81,68889952.65,681953477.97,24452.0
okayama_25,concentration2_cluster_9_group_none,300.0,293.0,154.07,90.78,89.08,90.0,58.27,32.26,46228317.37,373061434.36,22962.0
indonesia43_11,distributed,300.0,344.0,124.83,84.01,83.21,80.0,70.82,18.18,69865767.39,346897379.53,44799.0
indonesia43_11,concentration2_cluster_9_group_none,300.0,344.0,124.83,84.01,83.21,92.31,73.82,23.64,44157422.58,247310756.33,43317.0
china10_9,distributed,300.0,242.0,134.1,91.32,90.01,70.0,81.35,38.46,66395633.03,532794400.71,18436.0
china10_9,concentration2_cluster_9_group_none,300.0,242.0,136.59,92.15,90.2,100.0,75.72,26.92,96850875.04,451698539.23,19396.0
chile47_2,distributed,300.0,375.0,241.87,94.13,92.44,64.71,96.49,54.84,58973855.73,609941279.35,20039.0
chile47_2,concentration2_cluster_9_group_none,300.0,375.0,251.3,94.93,93.03,61.9,91.38,67.74,46790587.26,469053530.42,18457.0
germany08_10,distributed,300.0,269.0,136.96,90.33,88.53,83.33,72.58,35.29,72184946.62,515444097.27,24343.0
germany08_10,concentration2_cluster_9_group_none,300.0,269.0,138.43,90.71,88.66,81.82,73.75,32.35,75358070.24,550725546.51,25748.0
india13_22,distributed,300.0,243.0,113.36,88.07,87.29,83.33,53.24,20.0,112594086.27,458308572.56,24024.0
india13_22,concentration2_cluster_9_group_none,300.0,243.0,113.36,88.07,87.29,83.33,49.76,20.0,107991808.17,513835442.35,23685.0
nara01_13,distributed,300.0,319.0,81.09,78.68,77.4,25.0,33.39,5.63,92128442.47,373656018.69,62503.0
nara01_13,concentration2_cluster_9_group_none,300.0,319.0,80.1,78.37,77.24,0.0,35.22,2.82,135406259.26,319752068.3,63033.0
america04_15,distributed,300.0,290.0,92.26,82.76,80.88,72.73,48.28,20.0,114408062.28,399482410.2,43712.0
america04_15,concentration2_cluster_9_group_none,300.0,290.0,84.42,80.34,79.7,88.89,46.57,16.36,108465673.04,409401848.15,44545.0
philippines30_28,distributed,300.0,290.0,79.92,80.0,78.69,50.0,56.47,15.87,44735953.28,435880550.12,52907.0
philippines30_28,concentration2_cluster_9_group_none,300.0,290.0,81.98,80.69,79.02,100.0,52.77,20.63,32548572.88,224729966.21,50927.0
ecuador01_23,distributed,300.0,325.0,192.79,92.62,91.09,69.23,84.1,41.94,67040616.77,496565532.53,22014.0
ecuador01_23,concentration2_cluster_9_group_none,300.0,325.0,194.98,93.54,91.12,75.0,94.47,51.61,57499538.99,453561410.25,19893.0
bulgaria06_6,distributed,300.0,241.0,64.46,80.08,78.07,75.0,61.18,14.55,117439283.65,391573207.02,45398.0
bulgaria06_6,concentration2_cluster_9_group_none,300.0,241.0,61.73,78.84,77.52,43.75,70.28,29.09,49233027.79,425672728.31,42780.0
italy16_24,distributed,300.0,214.0,79.44,85.98,83.2,53.33,78.49,38.46,50268967.33,298254223.17,28605.0
italy16_24,concentration2_cluster_9_group_none,300.0,214.0,78.4,85.98,82.94,81.25,73.49,41.03,41343412.5,143729855.75,27242.0
myanmar11_15,distributed,300.0,235.0,68.24,80.43,79.62,88.89,52.44,19.57,71271736.86,284426907.57,37261.0
myanmar11_15,concentration2_cluster_9_group_none,300.0,235.0,68.24,80.43,79.62,100.0,58.17,21.74,53306728.4,265380068.21,36993.0
philippines20_6,distributed,300.0,324.0,114.46,84.26,82.61,53.85,54.5,23.64,71504936.98,225500314.52,44250.0
philippines20_6,concentration2_cluster_9_group_none,300.0,324.0,112.02,83.64,82.33,100.0,55.33,12.73,97216862.27,300025582.56,46110.0
venezuela01_14,distributed,300.0,299.0,199.27,94.31,93.05,87.5,94.09,34.78,75685054.29,942062629.41,16638.0
venezuela01_14,concentration2_cluster_9_group_none,300.0,299.0,199.92,94.31,93.12,100.0,85.02,39.13,75483102.46,707048825.11,15983.0
china41_28,distributed,300.0,241.0,92.74,85.06,84.14,80.0,63.37,12.82,203112212.11,935972459.93,32611.0
china41_28,concentration2_cluster_9_group_none,300.0,241.0,95.05,85.48,84.53,66.67,56.83,7.69,320744577.04,1867989426.51,33273.0
bulgaria06_26,distributed,300.0,241.0,68.56,80.08,79.3,84.62,62.77,26.53,86563690.31,248796152.9,37875.0
bulgaria06_26,concentration2_cluster_9_group_none,300.0,241.0,67.68,79.67,79.15,73.91,62.4,46.94,39240729.54,182397930.82,33728.0
peru19_28,distributed,300.0,331.0,134.24,86.1,84.94,75.0,57.61,16.0,111771880.21,679917520.44,41508.0
peru19_28,concentration2_cluster_9_group_none,300.0,331.0,132.75,86.1,84.72,70.0,57.35,20.0,76230430.0,485542179.4,40039.0
india10_7,distributed,300.0,247.0,80.18,82.59,81.32,50.0,33.2,4.76,133209299.29,464285508.81,36952.0
india10_7,concentration2_cluster_9_group_none,300.0,247.0,80.24,82.59,81.34,100.0,33.35,2.38,252783741.39,450499712.64,37400.0
indonesia80,distributed,300.0,344.0,114.5,82.27,81.9,80.0,50.49,8.47,122624079.15,523742831.11,51075.0
indonesia80,concentration2_cluster_9_group_none,300.0,344.0,115.12,82.56,81.94,66.67,47.47,5.08,187307905.23,1051835414.9,51644.0
chile47_13,distributed,300.0,375.0,228.59,92.53,91.65,81.82,88.35,33.33,89502232.59,823873472.05,24121.0
chile47_13,concentration2_cluster_9_group_none,300.0,375.0,233.09,93.6,91.81,86.67,96.98,45.45,65934947.99,593426897.94,23445.0
belgium04_2,distributed,300.0,326.0,77.57,77.3,76.44,66.67,32.44,4.05,221031927.98,648808146.95,65810.0
belgium04_2,concentration2_cluster_9_group_none,300.0,326.0,80.8,78.53,76.94,70.0,32.59,13.51,62065801.27,291106537.27,62605.0
sapporo,distributed,300.0,253.0,81.34,82.21,81.22,0.0,39.15,0.0,0.0,0.0,42960.0
sapporo,concentration2_cluster_9_group_none,300.0,253.0,81.34,82.21,81.22,100.0,38.01,2.08,446986189.7,1137133278.69,42476.0
eritrea02_29,distributed,300.0,195.0,91.58,88.72,87.28,75.0,78.19,32.0,57645303.13,359204328.94,19199.0
eritrea02_29,concentration2_cluster_9_group_none,300.0,195.0,92.62,89.23,87.39,85.71,75.78,28.0,58882056.67,331421150.87,19170.0
india06_2,distributed,300.0,235.0,106.94,88.09,86.79,85.71,70.96,23.33,81499332.42,363229326.53,23147.0
india06_2,concentration2_cluster_9_group_none,300.0,235.0,107.61,88.94,86.72,80.0,70.58,33.33,54202781.53,356363489.25,22412.0
venezuela01_6,distributed,300.0,299.0,218.73,95.99,94.57,88.89,96.46,50.0,76875390.93,629832072.15,11034.0
venezuela01_6,concentration2_cluster_9_group_none,300.0,299.0,218.43,95.65,94.61,77.78,97.77,50.0,72806980.09,762194962.8,11634.0
slovenia06_21,distributed,300.0,320.0,125.05,85.31,84.39,55.56,61.71,18.0,102880077.74,806694729.68,41705.0
slovenia06_21,concentration2_cluster_9_group_none,300.0,320.0,127.65,86.25,84.58,71.43,58.84,14.0,149828227.08,763114470.4,41884.0
venezuela02_18,distributed,300.0,295.0,226.79,96.95,95.36,83.33,71.99,60.0,53058893.27,766928013.14,11510.0
venezuela02_18,concentration2_cluster_9_group_none,300.0,295.0,227.22,96.95,95.4,91.67,71.56,60.0,57076668.99,652630337.06,11444.0
china19_12,distributed,300.0,276.0,143.11,91.3,88.68,61.11,94.72,51.43,54061742.94,671550233.58,23309.0
china19_12,concentration2_cluster_9_group_none,300.0,276.0,150.31,92.03,89.51,63.64,91.98,62.86,43913475.72,544198041.6,20356.0
croatia07_11,distributed,300.0,221.0,56.77,78.28,77.71,50.0,45.96,9.09,96229648.42,296707215.88,37705.0
croatia07_11,concentration2_cluster_9_group_none,300.0,221.0,56.77,78.28,77.71,100.0,46.63,4.55,225636311.84,242566214.56,38652.0
venezuela01_4,distributed,300.0,299.0,243.78,97.32,96.46,90.0,98.19,76.92,45631084.67,716502785.33,6954.0
venezuela01_4,concentration2_cluster_9_group_none,300.0,299.0,242.18,97.32,96.33,100.0,90.45,46.15,63692517.2,948885407.59,8608.0
myanmar14_15,distributed,300.0,241.0,66.8,80.08,78.78,50.0,28.64,3.77,159516548.8,481680284.37,46707.0
myanmar14_15,concentration2_cluster_9_group_none,300.0,241.0,66.8,80.08,78.78,0.0,26.57,1.89,300248318.93,0.0,47068.0
iceland07_6,concentration2_cluster_9_group_none,300.0,244.0,91.62,85.25,83.6,64.29,73.86,34.15,76156140.88,539888247.2,31023.0
iceland07_6,distributed,300.0,244.0,97.18,86.89,84.4,53.33,89.16,36.59,72688882.38,569797790.39,30368.0
ejypt04_15,distributed,300.0,250.0,77.8,82.8,80.43,85.71,49.39,13.73,158081759.33,466189055.37,41954.0
ejypt04_15,concentration2_cluster_9_group_none,300.0,250.0,75.9,82.4,80.03,66.67,53.6,17.65,143092515.42,621458946.76,41394.0
cuba02_3,distributed,300.0,244.0,67.85,79.92,78.89,80.0,38.83,10.42,114612395.25,423766440.88,41200.0
cuba02_3,concentration2_cluster_9_group_none,300.0,244.0,67.85,79.92,78.89,75.0,39.8,8.33,147955382.09,601454886.06,41600.0
iceland07_15,concentration2_cluster_9_group_none,300.0,244.0,93.38,85.25,83.98,75.0,78.58,32.43,80553777.34,495345731.77,27352.0
iceland07_15,distributed,300.0,244.0,95.73,85.66,84.38,76.92,75.95,35.14,80451577.46,468060758.66,27492.0
turkey13_7,distributed,300.0,254.0,132.27,90.16,89.02,66.67,60.4,20.69,91345773.52,658071561.92,22976.0
turkey13_7,concentration2_cluster_9_group_none,300.0,254.0,135.11,90.94,89.27,100.0,70.01,27.59,70825985.74,542567617.72,22422.0
myanmar12_9,distributed,300.0,226.0,61.23,79.65,78.43,66.67,27.51,6.12,57227349.85,507890042.56,42571.0
myanmar12_9,concentration2_cluster_9_group_none,300.0,226.0,61.28,79.65,78.45,100.0,27.68,4.08,97505502.36,462005478.23,42890.0
philippines25_1,distributed,300.0,371.0,147.42,85.98,84.56,57.89,79.64,31.67,68932419.49,353489248.91,45557.0
philippines25_1,concentration2_cluster_9_group_none,300.0,371.0,146.62,85.71,84.52,42.11,76.86,31.67,66625647.99,498615857.44,45791.0
austria22_19,distributed,300.0,315.0,117.91,85.08,83.58,71.43,56.98,14.29,114965064.97,469230245.24,41364.0
austria22_19,concentration2_cluster_9_group_none,300.0,315.0,118.52,85.08,83.68,50.0,58.1,20.41,67255371.23,712641530.28,39642.0
philippines34_27,concentration2_cluster_9_group_none,300.0,346.0,97.73,80.64,79.02,40.0,43.25,20.55,45273174.6,339282690.29,59023.0
philippines34_27,distributed,300.0,346.0,93.09,79.77,78.26,55.56,41.8,12.33,85707946.73,310163623.98,61495.0
turkey18_1,distributed,300.0,253.0,67.82,79.84,78.17,84.62,58.76,24.07,75417656.56,300404254.42,41831.0
turkey18_1,concentration2_cluster_9_group_none,300.0,253.0,66.97,79.45,78.02,83.33,62.65,33.33,49745511.52,240627096.42,39681.0
germany17_27,distributed,300.0,311.0,69.97,76.21,75.6,60.0,37.81,6.94,234029838.07,447518979.69,61876.0
germany17_27,concentration2_cluster_9_group_none,300.0,311.0,70.97,76.53,75.8,62.5,37.08,11.11,128029052.49,513715868.97,60373.0
america03_18,distributed,300.0,334.0,115.42,83.83,82.28,69.23,56.23,21.67,91827952.83,381445325.89,48362.0
america03_18,concentration2_cluster_9_group_none,300.0,334.0,113.77,82.93,82.2,75.0,53.13,13.33,137548369.64,484804745.57,50332.0
okayama_10,distributed,300.0,293.0,83.42,79.86,79.37,50.0,64.19,6.67,209655063.79,1325832068.76,51932.0
okayama_10,concentration2_cluster_9_group_none,300.0,293.0,82.8,79.52,79.31,50.0,60.3,6.67,192514887.75,1068563211.27,51797.0
chile03_12,distributed,300.0,319.0,113.63,83.39,82.99,62.5,44.77,15.09,118365936.8,764829930.84,43899.0
chile03_12,concentration2_cluster_9_group_none,300.0,319.0,115.28,83.7,83.2,100.0,44.05,16.98,112903876.79,518122515.64,42701.0
argeria01_4,distributed,300.0,235.0,161.73,94.47,93.66,66.67,81.05,20.0,113068913.84,750089973.31,12627.0
argeria01_4,concentration2_cluster_9_group_none,300.0,235.0,161.73,94.47,93.66,100.0,71.81,13.33,196090441.0,1064960468.89,12670.0
new-zealand20_27,distributed,300.0,330.0,163.68,89.09,88.29,54.55,75.97,31.43,98926326.99,901912408.46,27309.0
new-zealand20_27,concentration2_cluster_9_group_none,300.0,330.0,163.0,88.79,88.27,71.43,73.9,20.0,121291463.31,1161778362.55,28432.0
philippines20_29,distributed,300.0,324.0,77.4,77.78,76.39,62.5,58.93,10.81,106023064.33,319028777.61,63075.0
philippines20_29,concentration2_cluster_9_group_none,300.0,324.0,78.12,78.09,76.5,76.92,55.62,17.57,47039449.75,191262336.82,61114.0
chile01_15,distributed,300.0,375.0,157.05,86.67,85.45,80.0,64.97,18.87,130995399.8,469156334.7,43558.0
chile01_15,concentration2_cluster_9_group_none,300.0,375.0,160.57,87.47,85.71,66.67,64.94,33.96,63915386.89,362656872.61,40139.0
austria22_6,distributed,300.0,315.0,115.15,85.08,83.11,75.0,59.97,24.0,86382762.1,367410129.78,40355.0
austria22_6,concentration2_cluster_9_group_none,300.0,315.0,118.74,85.08,83.72,64.29,57.94,28.0,60966554.36,377453617.64,37704.0
belize04_19,distributed,300.0,338.0,147.8,86.69,86.31,100.0,64.85,6.52,222153822.87,923488809.09,40060.0
belize04_19,concentration2_cluster_9_group_none,300.0,338.0,149.99,87.28,86.47,75.0,61.79,17.39,71348338.8,567351827.94,37796.0
myanmar13_3,distributed,300.0,228.0,56.61,78.07,77.09,0.0,41.06,4.0,99796414.34,546556120.79,44061.0
myanmar13_3,concentration2_cluster_9_group_none,300.0,228.0,56.27,77.63,77.08,50.0,39.16,4.0,103176111.33,348221406.73,43656.0
austria13_3,distributed,300.0,188.0,70.21,85.64,83.4,88.89,46.13,27.27,54018257.32,271351446.49,25218.0
austria13_3,concentration2_cluster_9_group_none,300.0,188.0,70.39,85.11,83.58,100.0,46.25,21.21,60414763.15,251261920.35,25160.0
austria20_5,distributed,300.0,173.0,59.01,82.66,82.3,71.43,54.68,24.14,37517374.23,256669593.65,22735.0
austria20_5,concentration2_cluster_9_group_none,300.0,173.0,60.5,83.24,82.66,100.0,61.3,17.24,83981714.27,358071477.11,23298.0
greece22_18,distributed,300.0,348.0,123.74,83.62,82.9,42.86,57.31,11.86,160640963.63,953569734.95,49960.0
greece22_18,concentration2_cluster_9_group_none,300.0,348.0,122.67,83.33,82.79,87.5,52.52,13.56,122640266.95,601246073.87,49134.0
singapore20_21,distributed,300.0,208.0,59.58,79.81,79.51,40.0,51.08,12.5,111760627.42,1623922618.29,33212.0
singapore20_21,concentration2_cluster_9_group_none,300.0,208.0,59.58,79.81,79.51,100.0,46.76,10.0,129170522.58,841146191.05,33378.0
myanmar12_1,distributed,300.0,226.0,38.79,72.12,71.29,33.33,29.43,4.84,105184256.75,252130430.17,54281.0
myanmar12_1,concentration2_cluster_9_group_none,300.0,226.0,37.71,71.68,70.85,16.67,29.59,9.68,53372750.18,379927703.27,53294.0
ukraine11_13,distributed,300.0,249.0,97.97,85.94,84.37,66.67,65.16,28.57,108933989.01,453450345.06,32097.0
ukraine11_13,concentration2_cluster_9_group_none,300.0,249.0,90.8,83.94,83.33,66.67,49.86,35.71,90209098.37,412613340.4,30498.0
ukraine01_15,distributed,300.0,284.0,128.98,88.38,86.68,87.5,76.55,20.51,121169854.52,387287723.7,31801.0
ukraine01_15,concentration2_cluster_9_group_none,300.0,284.0,125.44,87.68,86.29,100.0,76.14,23.08,110195114.09,421185453.71,31059.0
argeria07_6,distributed,300.0,182.0,100.34,92.31,89.69,75.0,91.52,40.0,69838614.05,376890537.12,13947.0
argeria07_6,concentration2_cluster_9_group_none,300.0,182.0,101.54,91.21,90.17,100.0,90.41,40.0,69130089.79,258615669.5,13083.0
belize04_7,distributed,300.0,338.0,128.01,85.21,83.78,73.33,53.87,26.79,60618156.57,210537931.72,42926.0
belize04_7,concentration2_cluster_9_group_none,300.0,338.0,134.67,86.69,84.45,92.86,56.32,25.0,55199800.97,222886154.13,43020.0
croatia07_9,distributed,300.0,221.0,85.95,85.52,84.24,33.33,37.1,8.82,76818183.97,1473290009.58,29353.0
croatia07_9,concentration2_cluster_9_group_none,300.0,221.0,85.99,85.52,84.25,50.0,37.23,5.88,141123639.0,1278539356.52,29564.0
slovenia10_2,concentration2_cluster_9_group_none,300.0,201.0,83.55,86.07,85.44,33.33,40.24,10.71,66808279.91,1201509920.91,23272.0
slovenia10_2,distributed,300.0,201.0,83.63,86.07,85.46,66.67,44.71,10.71,94762277.47,857308679.81,23578.0
spain07_25,distributed,300.0,364.0,121.52,82.42,81.93,68.42,60.22,30.16,54602840.21,264380968.04,48011.0
spain07_25,concentration2_cluster_9_group_none,300.0,364.0,121.36,82.42,81.9,66.67,60.82,28.57,55577983.49,323429218.62,47835.0
austria13_8,distributed,300.0,188.0,57.73,81.38,80.51,100.0,66.09,11.11,116585237.32,421584343.92,30212.0
austria13_8,concentration2_cluster_9_group_none,300.0,188.0,57.86,81.38,80.55,50.0,65.09,11.11,113298744.81,696186888.44,30311.0
america04_17,distributed,300.0,290.0,80.55,80.34,78.76,100.0,42.99,12.9,139251909.11,338275824.17,51906.0
america04_17,concentration2_cluster_9_group_none,300.0,290.0,81.74,80.69,78.96,58.33,41.88,19.35,84547579.77,566657411.03,50330.0
tokyo12,distributed,300.0,352.0,107.11,81.25,80.36,0.0,38.87,1.45,422780826.67,0.0,61004.0
tokyo12,concentration2_cluster_9_group_none,300.0,352.0,107.98,81.53,80.45,66.67,38.94,4.35,115207559.62,555490344.12,60498.0
philippines25_20,distributed,300.0,371.0,127.26,84.1,82.07,72.73,73.69,16.18,72846272.3,401816455.71,56892.0
philippines25_20,concentration2_cluster_9_group_none,300.0,371.0,125.24,83.56,81.87,64.29,76.11,20.59,62066280.06,437410268.9,56982.0
iceland07_5,distributed,300.0,244.0,94.73,85.25,84.27,77.78,85.32,24.32,112819171.06,671346138.67,28408.0
iceland07_5,concentration2_cluster_9_group_none,300.0,244.0,99.05,86.89,84.78,77.78,87.08,24.32,113643187.34,588382400.69,28960.0
china41_26,distributed,300.0,241.0,78.21,82.57,81.32,50.0,57.81,22.73,78309528.43,832843822.04,34894.0
china41_26,concentration2_cluster_9_group_none,300.0,241.0,81.7,83.82,81.9,75.0,67.05,27.27,75005416.97,451696173.36,33641.0
argeria01_9,distributed,300.0,235.0,148.91,93.19,92.29,85.71,67.58,35.0,65879874.43,483004205.44,14539.0
argeria01_9,concentration2_cluster_9_group_none,300.0,235.0,143.99,92.77,91.7,100.0,72.85,25.0,80646850.68,638195281.84,15525.0
new-zealand02_17,distributed,300.0,258.0,79.0,81.4,80.45,80.0,28.22,10.42,141548565.39,377420457.06,41035.0
new-zealand02_17,concentration2_cluster_9_group_none,300.0,258.0,78.9,81.4,80.42,66.67,28.68,6.25,236214483.48,514644362.59,41967.0
peru24_10,distributed,300.0,326.0,223.32,94.79,93.51,80.0,87.7,68.18,44042997.16,579088892.84,11710.0
peru24_10,concentration2_cluster_9_group_none,300.0,326.0,223.67,95.09,93.47,76.92,87.37,59.09,44034198.51,495826665.3,13122.0
netherlands04_7,distributed,300.0,342.0,72.68,75.73,74.58,50.0,43.82,11.63,160863434.26,656915351.89,72664.0
netherlands04_7,concentration2_cluster_9_group_none,300.0,342.0,73.95,76.02,74.86,90.0,43.26,11.63,120477901.75,411905162.39,72046.0
ejypt04_29,concentration2_cluster_9_group_none,300.0,250.0,67.89,80.0,78.39,81.82,58.19,20.0,105065817.25,319660466.49,44873.0
ejypt04_29,distributed,300.0,250.0,67.57,80.0,78.3,61.54,61.1,23.64,88036980.42,295285503.61,43692.0
ukraine12_25,distributed,300.0,255.0,61.79,78.04,76.61,50.0,37.2,13.79,96246115.7,537937970.34,48773.0
ukraine12_25,concentration2_cluster_9_group_none,300.0,255.0,61.01,77.65,76.46,100.0,42.04,10.34,144811047.99,417685019.7,48583.0
america03_25,distributed,300.0,334.0,95.31,80.24,79.32,72.73,55.22,16.18,107335487.25,410767183.07,55674.0
america03_25,concentration2_cluster_9_group_none,300.0,334.0,93.44,79.64,79.08,87.5,58.01,11.76,133091513.68,439068354.21,57900.0
iceland06_24,distributed,300.0,209.0,87.08,87.56,85.15,83.33,79.85,50.0,71390972.62,286878146.62,23070.0
iceland06_24,concentration2_cluster_9_group_none,300.0,209.0,88.87,88.04,85.45,86.67,62.52,41.67,84676433.18,343624548.52,24366.0
ishikawa_27,distributed,300.0,310.0,128.19,85.81,85.4,25.0,40.79,9.3,107364809.55,2048326132.68,36588.0
ishikawa_27,concentration2_cluster_9_group_none,300.0,310.0,129.66,86.13,85.55,66.67,42.5,13.95,85056976.15,471872725.66,36016.0
turkey13_16,distributed,300.0,254.0,165.88,93.7,92.78,75.0,74.46,40.0,56090150.89,460325681.66,14370.0
turkey13_16,concentration2_cluster_9_group_none,300.0,254.0,168.37,94.09,92.99,100.0,76.97,40.0,49772049.59,397550927.81,14235.0
new-zealand02_12,distributed,300.0,258.0,76.05,81.78,79.59,50.0,23.44,3.85,484272885.83,655756887.77,45977.0
new-zealand02_12,concentration2_cluster_9_group_none,300.0,258.0,76.05,81.78,79.59,100.0,22.64,3.85,459586010.6,489155078.81,46046.0
belgium04_27,distributed,300.0,326.0,86.98,79.45,78.18,50.0,30.17,13.89,70022259.1,448403561.39,60818.0
belgium04_27,concentration2_cluster_9_group_none,300.0,326.0,87.24,79.45,78.24,50.0,29.97,8.33,114291782.74,834487513.24,61614.0
philippines34_14,distributed,300.0,346.0,110.05,82.08,81.04,44.44,37.73,14.29,72497603.73,568765969.21,53097.0
philippines34_14,concentration2_cluster_9_group_none,300.0,346.0,108.23,81.79,80.78,37.5,40.3,12.7,87694192.32,575499811.32,52945.0
tokyo21_23,distributed,300.0,293.0,109.12,83.96,83.74,100.0,33.59,2.27,206870144.51,1409564590.96,39271.0
tokyo21_23,concentration2_cluster_9_group_none,300.0,293.0,109.12,83.96,83.74,0.0,37.03,0.0,0.0,0.0,39380.0
china10_3,distributed,300.0,242.0,143.07,93.39,90.86,83.33,56.27,52.17,49309560.5,388689487.17,14978.0
china10_3,concentration2_cluster_9_group_none,300.0,242.0,153.89,94.21,92.14,91.67,70.41,52.17,60499373.95,400463320.88,13988.0
china19_27,concentration2_cluster_9_group_none,300.0,276.0,147.55,92.03,89.14,66.67,93.88,56.76,47295623.58,501180895.12,21628.0
china19_27,distributed,300.0,276.0,142.27,90.94,88.65,72.22,95.89,48.65,56729342.05,490697809.59,24370.0
turkey13_26,distributed,300.0,254.0,157.97,92.91,91.97,75.0,71.33,19.05,118014925.89,571860188.04,17189.0
turkey13_26,concentration2_cluster_9_group_none,300.0,254.0,169.45,94.49,93.04,100.0,76.04,42.86,57162772.43,399515931.89,14454.0
ecuador01_26,distributed,300.0,325.0,221.69,95.08,93.36,64.29,90.74,58.33,52232550.17,687524948.78,14476.0
ecuador01_26,concentration2_cluster_9_group_none,300.0,325.0,230.63,95.69,94.02,92.86,95.03,58.33,54143678.48,523337001.29,13819.0
myanmar13_4,distributed,300.0,228.0,58.55,79.82,77.32,80.0,41.1,9.62,46645197.25,199850679.2,44339.0
myanmar13_4,concentration2_cluster_9_group_none,300.0,228.0,60.24,80.26,77.78,83.33,41.29,11.54,45233076.6,140060405.95,44026.0
myanmar12_29,distributed,300.0,226.0,44.64,73.89,73.61,50.0,28.53,3.57,136355967.68,438827588.39,49356.0
myanmar12_29,concentration2_cluster_9_group_none,300.0,226.0,44.64,73.89,73.61,100.0,28.38,1.79,283944049.99,328306509.36,50020.0
indonesia79_26,distributed,300.0,318.0,82.56,79.25,77.68,69.57,83.11,31.51,38414728.54,204123941.18,56789.0
indonesia79_26,concentration2_cluster_9_group_none,300.0,318.0,83.72,79.87,77.8,32.26,81.79,42.47,25032826.75,201086641.53,53643.0
ishikawa_26,distributed,300.0,310.0,139.86,88.06,86.62,100.0,40.75,5.0,223603005.68,472654348.41,34613.0
ishikawa_26,concentration2_cluster_9_group_none,300.0,310.0,139.4,88.06,86.56,100.0,41.94,5.0,160426890.2,492753936.8,34616.0
myanmar13_7,distributed,300.0,228.0,48.32,75.0,74.72,0.0,40.73,1.79,328439579.48,0.0,49771.0
myanmar13_7,concentration2_cluster_9_group_none,300.0,228.0,48.32,75.0,74.72,50.0,42.33,3.57,115789935.76,672075826.11,49029.0
eritrea02_2,distributed,300.0,195.0,108.13,90.26,90.26,83.33,58.23,33.33,49479009.86,265199632.36,12861.0
eritrea02_2,concentration2_cluster_9_group_none,300.0,195.0,108.13,90.26,90.26,100.0,54.67,22.22,72826719.09,312523353.13,13973.0
hungary01_1,concentration2_cluster_9_group_none,300.0,241.0,97.04,86.72,84.66,90.91,52.5,28.21,64548589.03,263038669.29,30103.0
hungary01_1,distributed,300.0,241.0,95.34,86.72,84.3,72.73,62.89,28.21,65846842.13,284158601.08,30310.0
sapporo_14,distributed,300.0,253.0,71.59,81.03,78.96,71.43,33.83,12.5,77541997.55,191897729.25,47425.0
sapporo_14,concentration2_cluster_9_group_none,300.0,253.0,72.47,81.42,79.1,71.43,34.22,12.5,99551412.87,267001523.37,47434.0
belize01_8,distributed,300.0,324.0,84.57,78.7,77.93,100.0,23.6,1.47,307420090.54,506870223.97,60376.0
belize01_8,concentration2_cluster_9_group_none,300.0,324.0,84.57,78.7,77.93,0.0,22.08,0.0,0.0,1576437539.66,60860.0
ukraine11_8,distributed,300.0,249.0,96.07,86.75,83.8,78.57,62.58,31.11,71496051.75,406467894.15,32905.0
ukraine11_8,concentration2_cluster_9_group_none,300.0,249.0,90.99,85.14,83.08,92.86,64.72,31.11,68480332.43,352080724.43,33334.0
germany08_12,distributed,300.0,269.0,105.73,85.87,84.37,53.33,73.31,34.88,59163964.24,389431758.97,31552.0
germany08_12,concentration2_cluster_9_group_none,300.0,269.0,102.15,84.76,83.94,62.5,76.52,37.21,64804807.23,307447107.66,31269.0
germany08_15,distributed,300.0,269.0,90.48,82.9,81.96,75.0,72.8,17.02,103369996.59,574860587.98,38955.0
germany08_15,concentration2_cluster_9_group_none,300.0,269.0,97.72,84.76,83.06,90.0,73.65,21.28,83492859.05,338225172.47,37276.0
yamanashi_12,distributed,300.0,320.0,129.61,85.94,84.96,33.33,37.86,6.25,121722986.09,614862071.6,42390.0
yamanashi_12,concentration2_cluster_9_group_none,300.0,320.0,129.93,85.94,85.0,50.0,39.16,8.33,114497018.46,624459502.37,41516.0
greece06_19,distributed,300.0,342.0,156.55,87.43,87.06,100.0,46.56,6.98,210098371.13,443239821.9,37105.0
greece06_19,concentration2_cluster_9_group_none,300.0,342.0,156.55,87.43,87.06,100.0,43.38,13.95,104923895.3,344874102.31,35338.0
romania06_16,concentration2_cluster_9_group_none,300.0,234.0,141.03,93.59,91.2,90.91,91.76,47.83,64109747.92,598654556.83,15162.0
romania06_16,distributed,300.0,234.0,145.78,94.44,91.68,92.86,94.12,60.87,55423878.64,432372885.38,13101.0
venezuela01_25,distributed,300.0,299.0,224.4,95.99,95.08,63.64,97.65,64.71,57090762.5,884746484.25,10866.0
venezuela01_25,concentration2_cluster_9_group_none,300.0,299.0,232.99,96.66,95.69,100.0,96.7,47.06,70766126.74,710494155.08,10491.0
austria08_15,concentration2_cluster_9_group_none,300.0,220.0,79.88,84.55,83.1,85.71,43.69,17.5,88162036.12,459016730.24,32241.0
austria08_15,distributed,300.0,220.0,81.45,85.0,83.38,87.5,37.63,20.0,77237340.11,374212572.84,31523.0
slovenia10_11,distributed,300.0,201.0,70.57,83.08,82.77,0.0,45.43,3.03,320300731.82,898346598.43,29480.0
slovenia10_11,concentration2_cluster_9_group_none,300.0,201.0,71.44,83.58,82.9,100.0,44.1,6.06,134002768.68,643606676.63,28795.0
nara01_27,distributed,300.0,319.0,104.09,82.13,81.54,0.0,23.33,1.82,290938655.33,0.0,48732.0
nara01_27,concentration2_cluster_9_group_none,300.0,319.0,104.09,82.13,81.54,0.0,25.14,0.0,0.0,0.0,49225.0
america04_6,distributed,300.0,290.0,70.85,78.62,76.62,75.0,44.36,24.62,73932198.15,265726298.69,51049.0
america04_6,concentration2_cluster_9_group_none,300.0,290.0,72.83,79.31,77.0,50.0,44.55,27.69,63632048.9,406609834.2,51209.0
yamanashi_23,distributed,300.0,320.0,81.65,78.75,77.46,71.43,39.84,10.0,86951044.4,382704068.72,60399.0
yamanashi_23,concentration2_cluster_9_group_none,300.0,320.0,81.3,78.75,77.37,85.71,41.77,10.0,73311267.8,246271046.25,59589.0
ecuador01_27,distributed,300.0,325.0,188.99,92.62,90.69,61.11,97.32,52.94,56814241.66,622357563.26,22750.0
ecuador01_27,concentration2_cluster_9_group_none,300.0,325.0,199.79,93.85,91.54,80.0,93.15,58.82,46165240.69,460316687.66,20654.0
austria08_4,distributed,300.0,220.0,72.86,83.18,81.58,70.0,57.52,23.81,73305719.97,447878069.79,33068.0
austria08_4,concentration2_cluster_9_group_none,300.0,220.0,72.65,83.18,81.52,78.57,59.35,33.33,49131911.19,331211872.33,30064.0
chile39_14,distributed,300.0,375.0,239.42,94.93,92.07,69.23,99.46,70.27,47595535.79,414565508.66,19796.0
chile39_14,concentration2_cluster_9_group_none,300.0,375.0,244.94,94.93,92.52,76.92,97.08,70.27,43240395.15,372795625.11,18449.0
singapore20,distributed,300.0,208.0,91.82,86.54,86.54,100.0,47.24,10.71,161009260.9,613749249.14,23359.0
singapore20,concentration2_cluster_9_group_none,300.0,208.0,91.82,86.54,86.54,100.0,43.71,10.71,152779271.08,611367433.15,23323.0
india06_27,distributed,300.0,235.0,83.1,83.83,82.74,72.73,64.41,28.21,62027329.93,296301226.78,29995.0
india06_27,concentration2_cluster_9_group_none,300.0,235.0,84.6,84.68,82.89,100.0,65.67,28.21,60153935.51,161349995.7,30067.0
myanmar12_5,distributed,300.0,226.0,47.24,75.22,74.39,0.0,28.27,0.0,0.0,0.0,51910.0
myanmar12_5,concentration2_cluster_9_group_none,300.0,226.0,47.24,75.22,74.39,0.0,28.08,0.0,0.0,0.0,51910.0
ishikawa_6,distributed,300.0,310.0,119.5,85.16,84.15,75.0,42.35,17.02,66404555.29,265063365.06,38856.0
ishikawa_6,concentration2_cluster_9_group_none,300.0,310.0,120.15,85.48,84.18,75.0,41.81,8.51,154337454.84,476075539.34,40222.0
ukraine12_10,distributed,300.0,255.0,74.57,81.96,79.39,77.78,62.55,16.98,129365095.26,349820046.59,43601.0
ukraine12_10,concentration2_cluster_9_group_none,300.0,255.0,74.08,81.57,79.35,80.0,53.52,28.3,63282712.31,212094036.63,41183.0
italy16_6,distributed,300.0,214.0,116.24,92.06,89.45,83.33,89.04,50.0,56038920.75,326319345.81,15648.0
italy16_6,concentration2_cluster_9_group_none,300.0,214.0,112.78,91.12,89.05,77.78,85.11,37.5,75740804.05,434718492.11,16692.0
philippines25_2,distributed,300.0,371.0,142.09,85.71,83.89,75.0,65.66,25.81,77784342.59,326576968.99,47686.0
philippines25_2,concentration2_cluster_9_group_none,300.0,371.0,137.7,84.64,83.51,78.57,58.6,22.58,85213657.77,319773034.98,49425.0
philippines20_11,distributed,300.0,324.0,84.57,78.7,77.93,60.0,57.6,14.93,69603642.8,481015883.12,56103.0
philippines20_11,concentration2_cluster_9_group_none,300.0,324.0,86.17,79.32,78.15,81.82,53.59,16.42,60638583.59,291016568.14,55256.0
eritrea02_24,distributed,300.0,195.0,117.91,93.33,91.32,85.71,77.88,38.89,50083943.08,442220382.53,12944.0
eritrea02_24,concentration2_cluster_9_group_none,300.0,195.0,113.77,91.79,90.94,100.0,72.15,33.33,68626036.58,331317030.88,12951.0
china10_18,distributed,300.0,242.0,140.84,91.74,90.9,77.78,70.36,39.13,59463133.88,551219208.77,16874.0
china10_18,concentration2_cluster_9_group_none,300.0,242.0,146.19,92.56,91.47,63.64,68.63,47.83,44093775.12,543580469.86,15336.0
ukraine01_4,concentration2_cluster_9_group_none,300.0,284.0,106.07,85.21,83.5,64.71,83.13,37.78,59870619.43,488080214.95,31849.0
ukraine01_4,distributed,300.0,284.0,104.99,84.51,83.46,30.77,83.17,28.89,83907531.52,1090903352.16,34415.0
bulgaria05_13,distributed,300.0,180.0,57.75,82.22,81.18,25.0,35.05,12.5,66595349.74,182559057.43,26683.0
bulgaria05_13,concentration2_cluster_9_group_none,300.0,180.0,57.75,82.22,81.18,50.0,32.48,18.75,48152810.36,104269856.85,25199.0
philippines20,concentration2_cluster_9_group_none,300.0,324.0,102.16,81.79,80.94,70.0,60.88,16.39,64312094.09,250569351.35,50811.0
philippines20,distributed,300.0,324.0,102.0,82.1,80.83,42.86,59.75,11.48,84034821.97,374357929.96,52272.0
chile47_5,distributed,300.0,375.0,240.14,94.67,92.18,76.92,95.44,70.27,46693201.47,419935710.08,19796.0
chile47_5,concentration2_cluster_9_group_none,300.0,375.0,249.67,95.47,92.79,100.0,97.39,67.57,47066568.8,323183852.56,20193.0
turkey13_22,distributed,300.0,254.0,151.44,92.13,91.3,66.67,61.89,27.27,82450316.55,683300646.04,16759.0
turkey13_22,concentration2_cluster_9_group_none,300.0,254.0,155.35,92.91,91.64,71.43,66.66,31.82,83888243.2,630462048.48,16959.0
myanmar15,distributed,300.0,255.0,58.68,77.25,75.78,0.0,29.42,1.64,313774778.25,0.0,54228.0
myanmar15,concentration2_cluster_9_group_none,300.0,255.0,58.68,77.25,75.78,100.0,30.21,3.28,168657521.77,405211892.6,53774.0
romania06_6,distributed,300.0,234.0,121.65,90.17,88.99,100.0,93.21,18.52,192077838.27,804597609.62,21496.0
romania06_6,concentration2_cluster_9_group_none,300.0,234.0,126.65,91.03,89.6,90.91,95.04,40.74,80702450.16,460194099.58,19282.0
america03_27,distributed,300.0,334.0,102.59,82.34,80.28,66.67,50.58,18.75,97685523.07,462509540.85,53227.0
america03_27,concentration2_cluster_9_group_none,300.0,334.0,104.26,82.63,80.53,62.5,50.31,25.0,59745465.55,402294414.21,49284.0
ecuador01_4,distributed,300.0,325.0,199.05,93.54,91.53,85.71,94.08,48.28,54924135.14,510122816.41,19473.0
ecuador01_4,concentration2_cluster_9_group_none,300.0,325.0,199.17,92.92,91.67,80.0,91.11,51.72,48256231.92,449903128.47,18182.0
slovenia06_29,distributed,300.0,320.0,128.45,85.31,84.92,72.73,58.54,22.92,74747525.59,362578476.23,38515.0
slovenia06_29,concentration2_cluster_9_group_none,300.0,320.0,131.04,85.94,85.18,80.0,56.27,20.83,98014056.65,385080958.81,38597.0
china19_6,distributed,300.0,276.0,147.37,91.67,89.19,75.0,96.15,55.56,51737552.72,482470006.86,21133.0
china19_6,concentration2_cluster_9_group_none,300.0,276.0,144.93,90.94,89.02,76.19,99.87,58.33,46836671.48,461355453.56,20856.0
serbia04_24,distributed,300.0,251.0,78.93,82.47,80.72,87.5,49.95,17.02,88911879.71,332592572.68,39282.0
serbia04_24,concentration2_cluster_9_group_none,300.0,251.0,80.76,82.87,81.08,50.0,49.25,8.51,170712598.79,774612461.29,40348.0
myanmar13,distributed,300.0,228.0,52.77,77.19,75.91,75.0,44.52,7.55,79684404.21,274140409.55,45640.0
myanmar13,concentration2_cluster_9_group_none,300.0,228.0,51.79,76.75,75.65,0.0,43.5,7.55,84445547.61,0.0,45274.0
burundi03_15,distributed,300.0,236.0,72.64,80.93,80.67,50.0,27.18,4.65,154240842.39,709987699.68,37814.0
burundi03_15,concentration2_cluster_9_group_none,300.0,236.0,72.64,80.93,80.67,0.0,27.19,2.33,292538809.52,1221648453.51,38091.0
russia08_3,distributed,300.0,264.0,100.24,85.98,83.65,86.67,83.0,30.0,95712608.82,364537320.65,36797.0
russia08_3,concentration2_cluster_9_group_none,300.0,264.0,100.37,85.98,83.68,66.67,72.8,42.0,64566548.03,353052889.12,33599.0
chile21,distributed,300.0,147.0,44.33,81.63,80.08,76.92,80.84,44.83,31625438.72,162913682.9,20740.0
chile21,concentration2_cluster_9_group_none,300.0,147.0,48.38,84.35,81.17,69.23,78.21,44.83,31062815.89,215695877.48,20620.0
india06_6,distributed,300.0,235.0,86.27,85.53,83.08,100.0,67.46,20.0,96256092.24,263947417.18,31745.0
india06_6,concentration2_cluster_9_group_none,300.0,235.0,85.87,84.68,83.19,77.78,68.83,22.5,75515022.44,311020193.19,32158.0
congo10_20,distributed,300.0,335.0,116.53,82.99,82.61,0.0,33.36,1.85,373546721.82,680383258.63,48083.0
congo10_20,concentration2_cluster_9_group_none,300.0,335.0,116.53,82.99,82.61,100.0,34.08,1.85,331555064.41,421572242.73,48059.0
philippines20_20,distributed,300.0,324.0,95.09,80.86,79.73,57.14,59.08,21.54,69686278.61,266593067.12,52272.0
philippines20_20,concentration2_cluster_9_group_none,300.0,324.0,100.03,82.72,80.29,92.86,54.9,21.54,55714676.5,161406517.27,52839.0
bolivia01_6,distributed,300.0,243.0,111.97,87.65,87.14,100.0,54.11,3.13,260083947.83,1031851975.64,28111.0
bolivia01_6,concentration2_cluster_9_group_none,300.0,243.0,111.97,87.65,87.14,100.0,54.58,9.38,64655310.8,417472866.87,27428.0
russia08_15,distributed,300.0,264.0,99.09,85.61,83.51,46.67,76.84,32.61,58996715.75,579721866.78,33454.0
russia08_15,concentration2_cluster_9_group_none,300.0,264.0,84.55,81.82,81.24,73.33,70.29,32.61,71184468.23,425762892.69,33178.0
argentina10_23,distributed,300.0,336.0,115.19,83.33,82.24,60.0,33.57,8.33,204881941.71,1457128587.64,51298.0
argentina10_23,concentration2_cluster_9_group_none,300.0,336.0,116.12,83.33,82.4,71.43,33.52,11.67,98746415.81,725849918.72,50618.0
austria13_24,distributed,300.0,188.0,56.28,81.38,80.0,100.0,47.72,8.33,231830116.1,349223117.55,31056.0
austria13_24,concentration2_cluster_9_group_none,300.0,188.0,55.91,80.85,80.0,66.67,43.34,8.33,220165438.63,1036955905.3,30948.0
venezuela01_18,distributed,300.0,299.0,251.51,97.66,97.01,75.0,89.57,66.67,50928925.74,967045525.59,6631.0
venezuela01_18,concentration2_cluster_9_group_none,300.0,299.0,241.73,96.99,96.36,80.0,77.19,41.67,85205647.56,1488360811.87,8671.0
bulgaria06_12,distributed,300.0,241.0,52.67,76.35,74.98,68.75,61.12,27.12,60723135.38,287820545.35,46384.0
bulgaria06_12,concentration2_cluster_9_group_none,300.0,241.0,51.61,75.93,74.69,85.71,65.14,23.73,77154544.68,271285237.18,46563.0
myanmar14_9,distributed,300.0,241.0,60.99,78.42,77.38,100.0,24.25,3.7,80713847.55,358999708.57,47632.0
myanmar14_9,concentration2_cluster_9_group_none,300.0,241.0,60.99,78.42,77.38,0.0,24.0,0.0,0.0,0.0,48330.0
peru24_15,distributed,300.0,326.0,230.57,95.71,93.95,75.0,88.5,52.17,59605357.02,805862725.62,15701.0
peru24_15,concentration2_cluster_9_group_none,300.0,326.0,239.59,96.63,94.53,75.0,81.82,52.17,59689453.6,764509477.33,15113.0
iceland07_23,distributed,300.0,244.0,76.4,82.79,80.55,63.64,88.69,22.92,109125136.57,636206493.13,38488.0
iceland07_23,concentration2_cluster_9_group_none,300.0,244.0,80.14,83.61,81.31,47.06,78.52,35.42,66903274.43,566724662.76,35065.0
ukraine12_18,distributed,300.0,255.0,65.73,80.39,77.25,66.67,48.55,19.35,95791896.48,346048312.07,51170.0
ukraine12_18,concentration2_cluster_9_group_none,300.0,255.0,62.91,79.22,76.67,63.64,44.67,17.74,99682825.2,413256613.45,50598.0
austria22_27,distributed,300.0,315.0,135.83,86.98,85.97,100.0,62.89,8.89,190728624.82,594638884.4,37940.0
austria22_27,concentration2_cluster_9_group_none,300.0,315.0,139.69,88.25,86.24,100.0,58.06,17.78,90117386.49,370850334.68,36187.0
philippines30_19,distributed,300.0,290.0,80.82,80.69,78.74,50.0,59.2,19.35,69707111.79,433825111.64,52118.0
philippines30_19,concentration2_cluster_9_group_none,300.0,290.0,85.21,82.41,79.37,64.71,56.92,27.42,44351832.61,280068358.58,49575.0
austria32_6,distributed,300.0,327.0,114.25,83.79,82.51,56.25,74.66,28.57,75073819.97,609682256.25,43459.0
austria32_6,concentration2_cluster_9_group_none,300.0,327.0,113.94,83.49,82.52,73.33,76.52,26.79,88781455.44,434907718.73,42941.0
turkey33_21,distributed,300.0,267.0,143.97,91.39,89.45,100.0,80.68,31.03,104938285.14,458154187.85,21533.0
turkey33_21,concentration2_cluster_9_group_none,300.0,267.0,136.46,89.51,88.79,88.89,79.92,31.03,99332868.55,427592199.81,21560.0
philippines30_2,distributed,300.0,290.0,85.55,81.72,79.62,50.0,54.91,20.0,56839892.05,394552203.53,49644.0
philippines30_2,concentration2_cluster_9_group_none,300.0,290.0,89.08,82.76,80.18,76.47,59.7,28.33,44983152.72,197690734.23,45925.0
austria13_14,distributed,300.0,188.0,47.93,78.72,77.45,62.5,51.36,18.18,76519295.78,418913872.62,35730.0
austria13_14,concentration2_cluster_9_group_none,300.0,188.0,46.5,78.72,76.84,71.43,47.26,15.91,92827341.84,519464147.94,36460.0
ukraine12_9,distributed,300.0,255.0,74.81,81.18,79.64,50.0,52.15,27.45,74291840.46,320326204.3,39631.0
ukraine12_9,concentration2_cluster_9_group_none,300.0,255.0,78.18,82.35,80.24,84.62,46.12,25.49,65556598.73,163987427.11,38903.0
venezuela02_7,distributed,300.0,295.0,208.48,94.92,94.1,85.71,71.89,36.84,92753517.49,920435678.77,13440.0
venezuela02_7,concentration2_cluster_9_group_none,300.0,295.0,213.13,95.59,94.4,100.0,70.18,36.84,92390680.76,793125726.14,14121.0
austria37_23,distributed,300.0,334.0,121.85,85.63,82.94,65.22,84.89,37.1,66257647.19,349743622.65,44100.0
austria37_23,concentration2_cluster_9_group_none,300.0,334.0,120.46,85.33,82.78,62.5,84.67,38.71,58951726.83,371276602.91,45689.0
greece22_11,distributed,300.0,348.0,132.97,84.77,84.06,77.78,52.57,16.36,91527174.44,367664529.16,44842.0
greece22_11,concentration2_cluster_9_group_none,300.0,348.0,132.89,84.77,84.05,90.0,53.56,18.18,88902997.07,380749237.1,44250.0
argeria07_12,distributed,300.0,182.0,77.48,87.36,85.62,55.56,90.17,32.14,57238408.13,403637110.91,21685.0
argeria07_12,concentration2_cluster_9_group_none,300.0,182.0,82.85,89.01,86.59,76.92,93.52,46.43,39150321.84,233205386.44,20181.0
burundi03_22,distributed,300.0,236.0,60.34,77.97,77.7,0.0,29.74,0.0,0.0,0.0,44750.0
burundi03_22,concentration2_cluster_9_group_none,300.0,236.0,60.34,77.97,77.7,0.0,29.12,0.0,0.0,0.0,44750.0
greece06_11,distributed,300.0,342.0,145.69,86.26,85.89,88.89,43.34,20.45,71605596.47,390517014.81,35513.0
greece06_11,concentration2_cluster_9_group_none,300.0,342.0,148.07,86.55,86.15,83.33,40.16,13.64,106921380.98,648088799.34,36557.0
peru19_20,distributed,300.0,331.0,135.18,85.8,85.15,75.0,59.32,8.51,174266728.25,712774095.43,40795.0
peru19_20,concentration2_cluster_9_group_none,300.0,331.0,136.77,86.1,85.32,77.78,59.45,19.15,83877540.35,501678792.35,38576.0
venezuela02_13,distributed,300.0,295.0,238.39,97.29,96.29,87.5,79.53,57.14,55824867.14,905316253.34,8679.0
venezuela02_13,concentration2_cluster_9_group_none,300.0,295.0,230.91,96.27,95.86,100.0,74.34,21.43,133549558.44,1802011437.89,10529.0
austria20_27,distributed,300.0,173.0,54.92,81.5,81.14,100.0,56.55,15.15,92843955.57,321666522.06,26974.0
austria20_27,concentration2_cluster_9_group_none,300.0,173.0,54.92,81.5,81.14,75.0,50.39,24.24,58356048.47,337987197.6,25579.0
austria20_17,distributed,300.0,173.0,54.04,82.66,80.54,75.0,59.12,11.76,107796348.43,398065846.69,28827.0
austria20_17,concentration2_cluster_9_group_none,300.0,173.0,53.58,82.66,80.37,80.0,55.5,14.71,70553578.1,379797532.65,27977.0
bulgaria05_5,distributed,300.0,180.0,52.96,80.56,79.86,60.0,39.28,14.71,73019592.67,234212928.96,29012.0
bulgaria05_5,concentration2_cluster_9_group_none,300.0,180.0,52.96,80.56,79.86,100.0,40.08,8.82,114128302.39,246726369.56,29263.0
new-zealand02_2,concentration2_cluster_9_group_none,300.0,258.0,86.89,82.95,81.97,100.0,31.42,6.52,201055628.78,509708327.72,39382.0
new-zealand02_2,distributed,300.0,258.0,86.89,82.95,81.97,80.0,29.85,10.87,120305935.62,324121577.7,38741.0
china19_20,distributed,300.0,276.0,158.85,93.12,90.38,80.0,95.84,62.5,48606959.64,394251702.48,17901.0
china19_20,concentration2_cluster_9_group_none,300.0,276.0,157.36,93.12,90.19,80.0,99.87,62.5,47896830.01,401846120.02,19020.0
india13_10,distributed,300.0,243.0,109.1,87.65,86.62,50.0,54.56,12.5,144988606.0,800275018.29,27040.0
india13_10,concentration2_cluster_9_group_none,300.0,243.0,110.26,88.07,86.74,40.0,53.8,15.63,141838137.37,1362279647.64,26574.0
nara01_25,distributed,300.0,319.0,107.18,82.76,81.97,50.0,30.67,10.53,41860337.61,254162811.49,48963.0
nara01_25,concentration2_cluster_9_group_none,300.0,319.0,107.18,82.76,81.97,75.0,32.75,7.02,49922870.83,234125575.17,49214.0
austria20_1,distributed,300.0,173.0,55.03,82.08,81.04,42.86,61.21,21.21,49994845.96,541404434.19,26990.0
austria20_1,concentration2_cluster_9_group_none,300.0,173.0,53.93,81.5,80.78,77.78,61.89,27.27,43098849.83,285380158.01,25815.0
india13_5,distributed,300.0,243.0,119.35,88.48,88.23,66.67,49.15,21.43,72329166.56,544164718.35,22078.0
india13_5,concentration2_cluster_9_group_none,300.0,243.0,117.83,88.07,88.07,77.78,48.31,32.14,43503124.87,393576328.83,20467.0
turkey18_2,distributed,300.0,253.0,98.45,85.38,84.29,87.5,76.32,20.51,96292174.41,460605393.85,31933.0
turkey18_2,concentration2_cluster_9_group_none,300.0,253.0,98.44,85.77,84.19,61.54,80.12,33.33,56073175.19,434682919.37,29612.0
philippines25_3,distributed,300.0,371.0,102.2,80.86,78.46,35.0,70.64,26.32,44883782.73,397089348.38,61013.0
philippines25_3,concentration2_cluster_9_group_none,300.0,371.0,103.07,80.59,78.7,44.44,70.66,23.68,47874137.56,285191651.31,61858.0
italy54_18,distributed,300.0,336.0,110.89,83.04,81.55,60.0,54.76,23.81,86221459.03,691499516.34,48399.0
italy54_18,concentration2_cluster_9_group_none,300.0,336.0,116.54,84.82,82.12,71.43,57.77,44.44,45647204.21,315324712.03,42416.0
italy54_2,distributed,300.0,336.0,125.98,85.42,83.53,76.92,56.34,22.81,131911912.39,455451723.81,43907.0
italy54_2,concentration2_cluster_9_group_none,300.0,336.0,128.22,85.42,83.89,61.54,58.99,22.81,127952332.81,538102826.97,44078.0
netherlands04_20,distributed,300.0,342.0,95.28,80.41,78.8,57.14,45.06,9.46,172644725.4,630477984.36,63370.0
netherlands04_20,concentration2_cluster_9_group_none,300.0,342.0,95.17,80.41,78.78,72.73,43.88,14.86,107016507.16,308543828.87,61782.0
america52_17,distributed,300.0,375.0,172.74,88.8,86.87,90.0,49.56,20.0,122889073.99,450041533.92,40483.0
america52_17,concentration2_cluster_9_group_none,300.0,375.0,174.38,89.07,87.0,81.82,52.41,22.0,93397958.6,463908302.52,39273.0
bolivia01_25,distributed,300.0,243.0,105.62,87.65,85.97,60.0,45.79,14.71,59771018.02,422730422.72,28175.0
bolivia01_25,concentration2_cluster_9_group_none,300.0,243.0,106.3,87.65,86.1,100.0,48.22,11.76,64762894.62,377357646.43,28839.0
indonesia80_26,distributed,300.0,344.0,105.5,81.4,80.48,83.33,51.83,8.82,95022490.67,310123278.44,58034.0
indonesia80_26,concentration2_cluster_9_group_none,300.0,344.0,105.5,81.4,80.48,100.0,51.64,10.29,73805488.06,247660844.0,57757.0
chile03_18,distributed,300.0,319.0,145.98,88.09,86.9,90.0,53.32,24.39,114881575.17,374868303.66,31204.0
chile03_18,concentration2_cluster_9_group_none,300.0,319.0,145.98,88.09,86.9,61.11,51.15,43.9,51866956.49,352008117.84,29297.0
singapore20_18,distributed,300.0,208.0,90.38,87.02,86.11,100.0,45.48,6.9,219526603.29,655091268.62,25281.0
singapore20_18,concentration2_cluster_9_group_none,300.0,208.0,90.38,87.02,86.11,100.0,42.47,13.79,91993943.08,566162154.6,24409.0
turkey33_3,distributed,300.0,267.0,139.14,90.26,89.01,64.29,84.07,46.67,69055877.84,495776671.37,19870.0
turkey33_3,concentration2_cluster_9_group_none,300.0,267.0,135.77,89.51,88.69,62.5,87.36,26.67,126204845.61,661656125.97,22957.0
slovenia10_12,distributed,300.0,201.0,90.15,87.56,86.62,50.0,36.76,7.41,118019316.02,963336787.9,23182.0
slovenia10_12,concentration2_cluster_9_group_none,300.0,201.0,90.15,87.56,86.62,100.0,37.12,3.7,250782761.7,1323346847.9,23759.0
serbia02_11,distributed,300.0,240.0,61.19,78.33,77.55,0.0,42.07,1.89,413693957.53,984776307.1,47056.0
serbia02_11,concentration2_cluster_9_group_none,300.0,240.0,61.19,78.33,77.55,0.0,43.6,5.66,162226002.85,1414874108.16,46262.0
chile01_24,distributed,300.0,375.0,150.44,85.6,84.84,60.0,73.32,28.85,69552038.99,570332928.01,40390.0
chile01_24,concentration2_cluster_9_group_none,300.0,375.0,149.8,85.33,84.82,92.86,73.1,26.92,67332351.48,437614404.6,39323.0
new-zealand20_17,distributed,300.0,330.0,159.1,89.09,87.72,64.29,86.42,33.33,78163905.66,717471157.35,31234.0
new-zealand20_17,concentration2_cluster_9_group_none,300.0,330.0,165.57,90.3,88.25,84.62,82.47,30.95,83697065.44,571358230.48,31559.0
turkey18_13,distributed,300.0,253.0,114.56,88.54,86.59,50.0,57.33,22.86,98402061.45,863389969.6,27954.0
turkey18_13,concentration2_cluster_9_group_none,300.0,253.0,111.54,87.75,86.23,50.0,53.85,11.43,178671884.35,966569858.53,29833.0
austria37_16,distributed,300.0,334.0,115.45,84.43,82.14,64.71,89.03,27.87,105516780.6,469870969.02,46322.0
austria37_16,concentration2_cluster_9_group_none,300.0,334.0,111.16,83.23,81.67,42.86,86.4,34.43,77384949.69,657018893.76,45934.0
belize04,distributed,300.0,338.0,114.07,82.54,82.11,75.0,60.95,14.55,121918153.27,310605936.88,45248.0
belize04,concentration2_cluster_9_group_none,300.0,338.0,118.86,83.73,82.65,91.67,61.15,21.82,74146048.77,231654949.15,43597.0
ishikawa_13,distributed,300.0,310.0,94.96,80.97,80.56,0.0,35.94,1.75,363755620.24,0.0,50651.0
ishikawa_13,concentration2_cluster_9_group_none,300.0,310.0,94.96,80.97,80.56,100.0,38.57,3.51,173724152.11,650090517.41,50242.0
canada33_17,distributed,300.0,237.0,85.34,84.81,82.87,60.0,60.91,22.73,83246203.75,530437362.3,35038.0
canada33_17,concentration2_cluster_9_group_none,300.0,237.0,87.35,85.23,83.23,88.89,62.32,20.45,103840209.51,423382285.07,35570.0
turkey18_3,distributed,300.0,253.0,127.21,89.72,88.42,55.56,69.12,30.0,88811281.75,493199063.45,22908.0
turkey18_3,concentration2_cluster_9_group_none,300.0,253.0,126.26,89.72,88.27,81.82,68.56,36.67,66986280.62,343774046.85,22888.0
turkey13_8,concentration2_cluster_9_group_none,300.0,254.0,132.08,90.16,88.99,75.0,73.62,29.63,66855633.11,587210447.32,19696.0
turkey13_8,distributed,300.0,254.0,131.01,89.76,88.92,100.0,69.1,18.52,109797299.86,567629265.45,21562.0
ukraine12_28,distributed,300.0,255.0,74.6,81.18,79.59,88.89,59.25,18.75,104521730.76,200822913.82,37926.0
ukraine12_28,concentration2_cluster_9_group_none,300.0,255.0,79.45,82.35,80.56,70.0,55.76,20.83,89133352.15,201548583.04,38171.0
netherlands04_24,distributed,300.0,342.0,88.81,78.65,77.84,71.43,39.45,9.33,137836673.79,546301747.36,63944.0
netherlands04_24,concentration2_cluster_9_group_none,300.0,342.0,88.86,78.65,77.85,87.5,39.63,10.67,100835595.67,534025154.5,63565.0
myanmar14_29,distributed,300.0,241.0,61.8,78.84,77.54,100.0,29.41,3.85,100873497.83,259303684.53,45635.0
myanmar14_29,concentration2_cluster_9_group_none,300.0,241.0,61.8,78.84,77.54,50.0,30.51,3.85,84804458.14,672996142.74,45365.0
belgium04_21,distributed,300.0,326.0,101.98,81.6,80.83,80.0,28.41,8.33,111885697.64,403353198.69,51910.0
belgium04_21,concentration2_cluster_9_group_none,300.0,326.0,103.58,82.21,80.99,100.0,27.97,10.0,93745136.08,316961219.93,51234.0
peru19_5,distributed,300.0,331.0,130.03,85.2,84.52,85.71,52.5,13.46,138153512.28,701071219.42,43086.0
peru19_5,concentration2_cluster_9_group_none,300.0,331.0,136.18,86.71,85.09,84.62,52.26,25.0,63546355.75,361386806.59,41250.0
canada34_19,distributed,300.0,279.0,79.31,80.65,79.15,87.5,61.45,13.56,173245060.54,397571835.5,49491.0
canada34_19,concentration2_cluster_9_group_none,300.0,279.0,78.6,80.65,78.97,66.67,53.29,10.17,240136924.11,740530738.57,49757.0
turkey18_21,distributed,300.0,253.0,76.51,80.63,80.39,55.56,78.56,18.37,90890934.89,927521151.82,39802.0
turkey18_21,concentration2_cluster_9_group_none,300.0,253.0,76.71,81.42,80.24,87.5,68.45,16.33,97032862.45,544717609.43,40535.0
serbia02_19,distributed,300.0,240.0,90.33,84.17,83.9,50.0,36.14,15.79,54618339.83,400826343.68,31835.0
serbia02_19,concentration2_cluster_9_group_none,300.0,240.0,90.33,84.17,83.9,100.0,35.34,5.26,182942967.37,489955747.73,33426.0
indonesia43_24,distributed,300.0,344.0,96.12,79.94,78.98,33.33,66.82,8.7,107280623.28,1024292978.66,60273.0
indonesia43_24,concentration2_cluster_9_group_none,300.0,344.0,96.3,79.94,79.01,78.57,58.51,20.29,35723390.41,316799269.91,56719.0
bolivia01_18,distributed,300.0,243.0,115.6,88.89,87.5,66.67,57.61,18.75,54572487.01,441304139.49,25694.0
bolivia01_18,concentration2_cluster_9_group_none,300.0,243.0,116.31,88.89,87.62,87.5,53.73,25.0,42600890.98,242109061.15,24213.0
america52_9,distributed,300.0,375.0,137.17,84.0,83.37,28.57,50.51,11.67,140131035.59,2817227952.84,51161.0
america52_9,concentration2_cluster_9_group_none,300.0,375.0,135.78,83.73,83.23,33.33,52.03,5.0,361928204.3,5265038056.25,52296.0
america04_11,distributed,300.0,290.0,101.91,83.79,82.62,81.82,42.22,22.45,104262902.78,292577375.84,38909.0
america04_11,concentration2_cluster_9_group_none,300.0,290.0,101.49,83.45,82.62,88.89,40.43,18.37,116665262.34,377079378.05,39511.0
serbia02_22,distributed,300.0,240.0,100.09,86.25,85.47,66.67,30.32,8.33,93753302.11,437087422.49,30705.0
serbia02_22,concentration2_cluster_9_group_none,300.0,240.0,100.09,86.25,85.47,33.33,28.39,8.33,85088018.73,1168164854.05,30738.0
germany08_23,distributed,300.0,269.0,113.84,87.73,85.42,76.92,71.84,30.95,81072858.11,468844956.27,31391.0
germany08_23,concentration2_cluster_9_group_none,300.0,269.0,114.79,88.1,85.5,42.86,70.68,50.0,41861902.6,577174904.79,28002.0
ejypt04_13,concentration2_cluster_9_group_none,300.0,250.0,61.08,78.8,76.58,58.33,50.21,20.69,69105853.18,409168573.33,47401.0
ejypt04_13,distributed,300.0,250.0,56.23,76.4,75.54,75.0,60.25,20.69,81694859.18,260347316.44,46888.0
peru17_5,distributed,300.0,334.0,210.87,94.01,92.04,46.67,87.07,57.69,67259986.69,1041803287.43,15734.0
peru17_5,concentration2_cluster_9_group_none,300.0,334.0,214.28,94.31,92.29,61.54,94.47,50.0,74847309.14,849414626.37,17197.0
china19_10,distributed,300.0,276.0,162.26,93.12,90.8,77.78,95.23,60.0,50362131.94,497803691.04,18822.0
china19_10,concentration2_cluster_9_group_none,300.0,276.0,171.02,93.84,91.7,82.35,97.86,56.67,47271903.49,479656622.27,18472.0
india10_25,distributed,300.0,247.0,69.79,80.16,79.14,100.0,33.92,2.04,352171910.08,777426198.55,43650.0
india10_25,concentration2_cluster_9_group_none,300.0,247.0,69.79,80.16,79.14,100.0,33.03,2.04,343867768.57,705040112.84,43707.0
venezuela02_4,distributed,300.0,295.0,184.74,93.56,91.97,90.91,69.74,37.93,81266916.5,631164782.37,20019.0
venezuela02_4,concentration2_cluster_9_group_none,300.0,295.0,184.05,93.56,91.9,100.0,66.72,34.48,81648832.29,633062583.68,20419.0
serbia04_1,distributed,300.0,251.0,85.81,84.06,82.0,50.0,67.62,25.53,73452685.0,454317521.85,38159.0
serbia04_1,concentration2_cluster_9_group_none,300.0,251.0,87.69,84.86,82.25,91.67,63.66,25.53,71230240.51,266763061.11,37634.0
spain07_22,concentration2_cluster_9_group_none,300.0,364.0,140.28,84.62,84.27,77.78,50.64,16.36,79137294.88,630080737.52,44917.0
spain07_22,distributed,300.0,364.0,142.87,85.44,84.44,50.0,55.11,29.09,39559024.99,500365509.81,42207.0
eritrea02_21,distributed,300.0,195.0,59.24,81.03,80.38,57.14,77.77,18.92,83448555.04,463173477.43,30285.0
eritrea02_21,concentration2_cluster_9_group_none,300.0,195.0,61.81,82.05,80.98,60.0,74.11,13.51,149475062.13,522356640.21,30653.0
ecuador01_1,distributed,300.0,325.0,188.26,92.62,90.61,76.47,95.21,50.0,65385037.42,373064871.13,23627.0
ecuador01_1,concentration2_cluster_9_group_none,300.0,325.0,193.26,92.92,91.07,85.71,81.78,41.18,74243811.67,473218383.61,23396.0
new-zealand20_7,distributed,300.0,330.0,155.95,89.39,87.25,62.5,81.57,36.36,73080510.04,624215782.02,31915.0
new-zealand20_7,concentration2_cluster_9_group_none,300.0,330.0,155.07,89.39,87.14,58.82,80.84,38.64,67115436.17,568075440.4,31320.0
indonesia63_7,distributed,300.0,340.0,88.77,78.53,77.98,50.0,37.14,2.74,116327595.85,598923619.46,64490.0
indonesia63_7,concentration2_cluster_9_group_none,300.0,340.0,88.77,78.53,77.98,50.0,37.38,2.74,91630252.16,738515063.01,64817.0
mongolia05_8,distributed,300.0,250.0,129.52,90.0,88.96,80.0,78.4,55.56,53794901.92,545253991.18,15714.0
mongolia05_8,concentration2_cluster_9_group_none,300.0,250.0,133.44,90.8,89.37,62.5,91.18,59.26,56337685.0,507801991.93,16055.0
peru13_8,distributed,300.0,319.0,125.82,85.58,84.51,72.73,70.4,22.45,99970319.95,620833737.05,37952.0
peru13_8,concentration2_cluster_9_group_none,300.0,319.0,126.0,85.58,84.54,90.0,63.96,20.41,137921500.73,643440709.66,39339.0
bolivia01_15,distributed,300.0,243.0,112.68,88.48,87.08,66.67,61.15,9.09,105054987.81,660221285.17,28632.0
bolivia01_15,concentration2_cluster_9_group_none,300.0,243.0,112.05,88.07,87.06,50.0,63.81,6.06,163057369.93,1627398919.74,29017.0
argentina10_13,distributed,300.0,336.0,118.86,83.93,82.72,100.0,34.94,7.02,231763840.31,412545425.13,48917.0
argentina10_13,concentration2_cluster_9_group_none,300.0,336.0,115.08,83.04,82.29,71.43,34.4,12.28,126282134.64,514878839.22,47930.0
yamanashi_26,distributed,300.0,320.0,88.07,80.0,78.66,33.33,42.71,4.84,213621483.63,811731185.79,53717.0
yamanashi_26,concentration2_cluster_9_group_none,300.0,320.0,87.05,79.69,78.51,80.0,46.17,8.06,121347457.96,415464899.26,52773.0
philippines25_17,distributed,300.0,371.0,157.16,87.06,85.59,47.06,73.99,29.82,56892757.3,425374645.82,43468.0
philippines25_17,concentration2_cluster_9_group_none,300.0,371.0,155.86,87.06,85.43,52.38,70.09,36.84,34370213.36,377574646.25,42363.0
greece22_19,distributed,300.0,348.0,134.75,85.06,84.26,83.33,65.82,11.76,134563475.44,969603955.48,43518.0
greece22_19,concentration2_cluster_9_group_none,300.0,348.0,132.92,84.48,84.12,40.0,68.3,19.61,70126952.57,1025463348.39,41486.0
philippines22_13,distributed,300.0,329.0,87.67,79.64,78.11,100.0,25.51,1.39,475316094.19,556503541.13,64097.0
philippines22_13,concentration2_cluster_9_group_none,300.0,329.0,87.67,79.64,78.11,0.0,26.1,0.0,0.0,0.0,64440.0
italy16_8,distributed,300.0,214.0,111.71,90.19,89.06,88.89,86.22,34.62,75304533.82,411303974.91,18962.0
italy16_8,concentration2_cluster_9_group_none,300.0,214.0,116.35,91.12,89.67,85.71,79.43,26.92,100274736.49,518015292.13,19765.0
india13_15,distributed,300.0,243.0,98.64,85.6,85.08,66.67,50.16,8.11,177879053.46,1112770561.37,31837.0
india13_15,concentration2_cluster_9_group_none,300.0,243.0,98.64,85.6,85.08,100.0,54.17,13.51,73807498.14,571894175.48,30422.0
tokyo12_18,distributed,300.0,352.0,107.08,81.53,80.28,100.0,41.98,2.99,285548483.8,1107377443.59,59225.0
tokyo12_18,concentration2_cluster_9_group_none,300.0,352.0,107.08,81.53,80.28,33.33,42.47,4.48,197443921.83,2569241489.17,59005.0
tokyo03_22,distributed,300.0,237.0,100.57,86.92,85.66,40.0,32.52,14.71,57148762.06,566303996.11,28385.0
tokyo03_22,concentration2_cluster_9_group_none,300.0,237.0,100.24,86.92,85.59,0.0,29.84,11.76,66748436.9,0.0,28305.0
cuba02_24,concentration2_cluster_9_group_none,300.0,244.0,91.97,84.43,83.87,87.5,33.28,21.62,64548832.55,325948231.24,29975.0
cuba02_24,distributed,300.0,244.0,91.92,84.43,83.86,71.43,36.45,18.92,71792387.39,338637735.86,30429.0
indonesia63,distributed,300.0,340.0,103.38,81.18,80.36,40.0,40.91,7.69,70175367.84,615095185.54,56025.0
indonesia63,concentration2_cluster_9_group_none,300.0,340.0,102.82,80.88,80.32,66.67,41.16,4.62,131876950.65,507622153.41,56627.0
argeria01_19,distributed,300.0,235.0,120.23,89.79,88.75,88.89,66.08,32.14,91761186.46,371131221.49,20239.0
argeria01_19,concentration2_cluster_9_group_none,300.0,235.0,116.1,88.94,88.24,66.67,63.05,32.14,88521351.64,564428874.74,20476.0
myanmar03_5,distributed,300.0,240.0,67.92,80.0,79.22,83.33,27.49,12.5,101094335.19,320582901.58,39852.0
myanmar03_5,concentration2_cluster_9_group_none,300.0,240.0,68.22,80.0,79.3,55.56,28.39,18.75,65353203.39,304813017.53,37992.0
new-zealand20_1,distributed,300.0,330.0,141.88,86.97,85.91,66.67,78.81,25.53,138722856.87,669847162.18,36848.0
new-zealand20_1,concentration2_cluster_9_group_none,300.0,330.0,146.16,87.58,86.37,61.54,77.04,27.66,96510231.74,607296731.51,36340.0
austria13_18,distributed,300.0,188.0,61.01,82.98,81.22,85.71,50.07,19.44,108156994.18,308611322.97,28937.0
austria13_18,concentration2_cluster_9_group_none,300.0,188.0,60.78,84.04,80.89,77.78,50.91,25.0,68294516.43,292221943.78,28866.0
austria08_16,distributed,300.0,220.0,60.28,80.91,78.35,81.82,44.99,23.91,66589919.41,338002383.72,36401.0
austria08_16,concentration2_cluster_9_group_none,300.0,220.0,60.31,80.0,78.58,81.82,38.73,23.91,49780078.43,307857056.53,36929.0
china41_24,concentration2_cluster_9_group_none,300.0,241.0,116.74,90.04,87.6,71.43,48.48,22.58,101706504.69,499295636.37,24153.0
china41_24,distributed,300.0,241.0,115.82,90.46,87.35,80.0,62.3,32.26,71640943.3,364621510.21,23688.0
chile23_28,distributed,300.0,334.0,123.16,84.73,83.36,60.0,56.76,18.87,91008004.89,624049818.31,42826.0
chile23_28,concentration2_cluster_9_group_none,300.0,334.0,129.25,85.63,84.11,87.5,56.73,15.09,117405943.36,720249962.51,42699.0
canada33_5,distributed,300.0,237.0,98.26,86.92,85.19,42.86,52.61,18.42,174599974.49,1033228323.7,31714.0
canada33_5,concentration2_cluster_9_group_none,300.0,237.0,98.64,86.92,85.27,83.33,52.73,15.79,191259877.33,670628099.06,31292.0
ukraine11_25,distributed,300.0,249.0,67.71,80.32,78.34,76.92,59.14,24.07,85638673.83,363889441.58,41183.0
ukraine11_25,concentration2_cluster_9_group_none,300.0,249.0,69.9,81.12,78.78,78.57,54.54,25.93,72990647.1,351256154.14,40876.0
america03_22,distributed,300.0,334.0,89.16,79.04,78.29,69.23,57.03,18.57,80964475.4,471076771.23,56820.0
america03_22,concentration2_cluster_9_group_none,300.0,334.0,89.16,79.04,78.29,80.0,58.2,14.29,111270014.85,613756212.4,59559.0
peru19_15,distributed,300.0,331.0,134.44,86.4,84.9,80.0,59.78,19.23,74135613.56,482672484.88,42621.0
peru19_15,concentration2_cluster_9_group_none,300.0,331.0,135.96,86.71,85.06,71.43,57.35,26.92,59811291.32,401994583.88,40925.0
argeria07_11,distributed,300.0,182.0,80.81,89.56,85.97,75.0,92.73,41.38,49322922.17,167631198.15,20741.0
argeria07_11,concentration2_cluster_9_group_none,300.0,182.0,81.64,90.11,86.05,100.0,78.49,37.93,51591219.77,148499106.77,20394.0
indonesia79,concentration2_cluster_9_group_none,300.0,318.0,86.38,79.87,78.43,38.89,82.92,28.13,53034184.3,259783602.51,49564.0
indonesia79,distributed,300.0,318.0,84.89,79.56,78.16,46.67,86.19,23.44,66957604.75,265940707.26,51973.0
myanmar03_15,distributed,300.0,240.0,47.66,74.58,73.54,0.0,26.03,0.0,0.0,657097561.4,56385.0
myanmar03_15,concentration2_cluster_9_group_none,300.0,240.0,47.66,74.58,73.54,100.0,27.65,3.17,393224025.33,512989184.41,55591.0
chile39_21,distributed,300.0,375.0,192.79,91.2,88.54,55.88,96.68,66.67,46522224.03,292614800.1,29261.0
chile39_21,concentration2_cluster_9_group_none,300.0,375.0,199.41,92.0,89.04,72.97,95.12,72.55,34840528.59,169831537.12,26237.0
china10_26,distributed,300.0,242.0,122.32,90.91,88.26,100.0,78.64,38.71,52917209.22,400931260.18,21364.0
china10_26,concentration2_cluster_9_group_none,300.0,242.0,122.82,90.5,88.43,84.62,84.77,41.94,50929842.85,414236721.29,21474.0
chile03_3,distributed,300.0,319.0,111.42,83.39,82.6,57.14,46.21,13.73,170119367.03,663854724.82,42002.0
chile03_3,concentration2_cluster_9_group_none,300.0,319.0,113.46,83.7,82.88,66.67,42.5,17.65,128499713.36,485853870.3,41106.0
canada33_20,distributed,300.0,237.0,80.78,83.54,82.07,75.0,53.69,20.0,155845315.9,460563156.55,31400.0
canada33_20,concentration2_cluster_9_group_none,300.0,237.0,81.68,83.54,82.29,75.0,51.63,10.0,307457039.92,976873026.87,33702.0
nara01_7,distributed,300.0,319.0,89.04,79.31,79.11,0.0,32.65,1.61,235645415.44,0.0,55348.0
nara01_7,concentration2_cluster_9_group_none,300.0,319.0,89.04,79.31,79.11,0.0,32.93,0.0,0.0,0.0,55490.0
greece06_20,distributed,300.0,342.0,126.04,84.21,83.47,83.33,40.51,10.71,131983570.0,413043878.42,47603.0
greece06_20,concentration2_cluster_9_group_none,300.0,342.0,126.04,84.21,83.47,40.0,40.05,8.93,191413452.47,1200544992.67,47985.0
peru19,distributed,300.0,331.0,117.03,83.38,82.84,80.0,52.07,8.77,200981322.64,951530650.11,48994.0
peru19,concentration2_cluster_9_group_none,300.0,331.0,118.05,83.38,83.01,71.43,47.38,12.28,109638139.07,756526314.67,47450.0
iceland07_12,concentration2_cluster_9_group_none,300.0,244.0,82.07,83.2,81.89,54.55,79.81,25.58,100980684.1,767920499.67,33854.0
iceland07_12,distributed,300.0,244.0,83.8,84.02,82.11,63.64,78.17,25.58,104582751.12,676581968.15,33305.0
singapore20_9,distributed,300.0,208.0,74.81,83.65,83.12,75.0,43.12,12.12,161657361.34,371759290.17,27329.0
singapore20_9,concentration2_cluster_9_group_none,300.0,208.0,74.38,83.65,83.0,66.67,42.28,18.18,92875374.04,464301760.28,26904.0
chile21_14,concentration2_cluster_9_group_none,300.0,147.0,39.04,81.63,77.54,69.23,84.64,43.33,46251691.49,151042390.23,19484.0
chile21_14,distributed,300.0,147.0,42.79,82.99,79.05,69.23,88.57,43.33,48893599.34,151092091.19,19061.0
serbia04_5,distributed,300.0,251.0,65.43,79.28,77.75,57.14,60.12,12.73,126437117.69,613184043.73,46353.0
serbia04_5,concentration2_cluster_9_group_none,300.0,251.0,66.06,79.28,77.94,87.5,57.48,14.55,95265338.5,393550139.87,45521.0
india10_10,distributed,300.0,247.0,88.6,83.4,83.12,100.0,33.25,4.88,137180700.01,365189331.4,35526.0
india10_10,concentration2_cluster_9_group_none,300.0,247.0,88.6,83.4,83.12,50.0,35.7,4.88,127198658.66,821649097.09,35613.0
belgium04_9,distributed,300.0,326.0,113.37,84.05,82.35,50.0,31.06,7.02,144959298.65,738461542.97,49073.0
belgium04_9,concentration2_cluster_9_group_none,300.0,326.0,112.56,83.74,82.28,50.0,30.28,7.02,160960372.49,774207315.9,49643.0
venezuela02_28,distributed,300.0,295.0,206.99,95.59,93.82,83.33,68.1,54.55,52735512.43,718786805.53,13096.0
venezuela02_28,concentration2_cluster_9_group_none,300.0,295.0,204.78,94.58,93.81,100.0,63.32,40.91,66419846.76,821051712.82,14680.0
argentina10_6,distributed,300.0,336.0,111.83,82.74,81.79,71.43,39.24,11.86,121524644.92,689865130.9,50200.0
argentina10_6,concentration2_cluster_9_group_none,300.0,336.0,112.6,82.74,81.92,83.33,38.74,10.17,125591556.87,970537993.15,49592.0
austria37,distributed,300.0,334.0,124.81,85.33,83.49,47.06,81.14,29.82,93544348.77,722128145.44,41812.0
austria37,concentration2_cluster_9_group_none,300.0,334.0,127.69,86.23,83.73,87.5,82.64,28.07,94066686.28,415015556.27,44597.0
chile01_22,distributed,300.0,375.0,158.61,86.4,85.71,54.55,78.3,20.75,108334168.08,678591814.78,42936.0
chile01_22,concentration2_cluster_9_group_none,300.0,375.0,161.79,86.93,85.99,100.0,75.78,28.3,72314668.97,265171157.89,39275.0
indonesia43_26,distributed,300.0,344.0,114.42,82.85,81.75,44.44,67.19,15.0,91732751.89,376626249.74,51138.0
indonesia43_26,concentration2_cluster_9_group_none,300.0,344.0,114.31,82.85,81.73,57.14,68.72,11.67,92396794.61,407991546.86,51062.0
belize01_21,distributed,300.0,324.0,115.07,83.64,82.87,100.0,27.81,1.79,426208417.64,505563631.22,49465.0
belize01_21,concentration2_cluster_9_group_none,300.0,324.0,115.07,83.64,82.87,100.0,28.05,1.79,404209621.47,1127221317.81,49483.0
china41_13,distributed,300.0,241.0,133.82,90.87,90.15,66.67,63.12,24.0,122268370.17,843563245.04,19564.0
china41_13,concentration2_cluster_9_group_none,300.0,241.0,133.01,90.87,90.03,83.33,57.26,24.0,116621378.99,737125497.37,19789.0
tokyo21_8,distributed,300.0,293.0,84.57,80.55,79.47,0.0,33.42,5.08,157316688.18,0.0,51629.0
tokyo21_8,concentration2_cluster_9_group_none,300.0,293.0,85.13,80.89,79.52,50.0,31.92,3.39,215070590.89,957152349.42,51750.0
iceland06_19,distributed,300.0,209.0,109.73,90.91,89.02,83.33,83.73,48.0,71345325.12,475808447.66,15922.0
iceland06_19,concentration2_cluster_9_group_none,300.0,209.0,108.35,91.87,88.56,64.29,79.48,56.0,63559100.71,536286495.98,15707.0
singapore20_4,distributed,300.0,208.0,80.28,85.1,84.19,22.22,42.56,27.27,73901289.03,1577816698.1,25407.0
singapore20_4,concentration2_cluster_9_group_none,300.0,208.0,80.28,85.1,84.19,22.22,41.4,27.27,74414478.59,1113652438.8,25104.0
spain07_14,distributed,300.0,364.0,92.27,78.3,77.44,88.89,57.0,11.39,145501660.0,468999682.53,67501.0
spain07_14,concentration2_cluster_9_group_none,300.0,364.0,94.43,79.12,77.7,81.82,53.1,13.92,102851960.65,502073372.49,66683.0
serbia02_14,distributed,300.0,240.0,86.87,84.17,83.12,0.0,33.49,2.44,347659150.63,0.0,36370.0
serbia02_14,concentration2_cluster_9_group_none,300.0,240.0,86.87,84.17,83.12,50.0,32.75,9.76,88607232.69,497932503.95,35653.0
america20_21,concentration2_cluster_9_group_none,300.0,323.0,108.35,83.59,81.74,80.0,24.92,8.06,155247900.02,637999601.33,53628.0
america20_21,distributed,300.0,323.0,108.25,83.59,81.72,50.0,27.23,9.68,131637785.4,877274344.56,53423.0
italy36_17,distributed,300.0,281.0,106.82,85.41,83.81,41.67,86.11,57.14,42029558.15,329814994.95,25812.0
italy36_17,concentration2_cluster_9_group_none,300.0,281.0,109.44,86.83,83.96,64.71,86.35,40.48,58960609.72,322673259.66,29647.0
burundi03_14,distributed,300.0,236.0,75.57,81.78,81.25,0.0,30.8,0.0,0.0,0.0,39380.0
burundi03_14,concentration2_cluster_9_group_none,300.0,236.0,75.57,81.78,81.25,100.0,30.01,2.27,362502472.5,821191977.12,39250.0
congo10_21,distributed,300.0,335.0,123.09,84.78,83.28,33.33,33.64,5.36,193705216.65,772087329.69,48887.0
congo10_21,concentration2_cluster_9_group_none,300.0,335.0,123.09,84.78,83.28,0.0,34.26,3.57,176529560.7,0.0,49236.0
belize01_15,distributed,300.0,324.0,101.58,81.79,80.82,100.0,22.51,3.23,141594771.31,455039371.94,54216.0
belize01_15,concentration2_cluster_9_group_none,300.0,324.0,101.58,81.79,80.82,100.0,22.71,3.23,139437879.96,609896268.07,54219.0
indonesia79_14,distributed,300.0,318.0,117.45,83.96,83.57,91.67,75.29,23.08,56822872.05,263898408.19,40906.0
indonesia79_14,concentration2_cluster_9_group_none,300.0,318.0,118.41,84.28,83.66,81.82,74.99,21.15,48787444.9,397897896.7,42014.0
philippines22_17,distributed,300.0,329.0,103.0,82.37,80.65,0.0,26.84,1.67,532998019.58,0.0,53678.0
philippines22_17,concentration2_cluster_9_group_none,300.0,329.0,103.0,82.37,80.65,100.0,27.57,1.67,459351866.64,476219829.77,53483.0
croatia07_17,distributed,300.0,221.0,73.18,82.81,81.67,0.0,37.08,0.0,0.0,0.0,35800.0
croatia07_17,concentration2_cluster_9_group_none,300.0,221.0,73.18,82.81,81.67,100.0,37.3,5.0,155542299.06,503451442.69,34889.0
new-zealand20_12,distributed,300.0,330.0,165.32,90.0,88.28,76.92,81.92,32.5,77830384.21,596877672.3,30264.0
new-zealand20_12,concentration2_cluster_9_group_none,300.0,330.0,171.97,90.91,88.87,66.67,80.7,37.5,72426055.84,572571714.48,29542.0
italy16_3,distributed,300.0,214.0,84.73,85.98,84.49,72.73,90.91,33.33,58957516.2,395538679.64,25537.0
italy16_3,concentration2_cluster_9_group_none,300.0,214.0,91.07,87.85,85.5,80.0,91.48,45.45,50523156.38,291225475.71,22554.0
chile03_15,distributed,300.0,319.0,137.84,86.83,86.04,91.67,45.63,28.57,75122698.12,353005295.93,31950.0
chile03_15,concentration2_cluster_9_group_none,300.0,319.0,137.84,86.83,86.04,90.0,42.72,23.81,60317917.78,440906075.62,32459.0
indonesia63_2,distributed,300.0,340.0,84.07,77.94,77.04,100.0,42.65,1.32,411558944.48,553533330.36,67815.0
indonesia63_2,concentration2_cluster_9_group_none,300.0,340.0,84.41,77.94,77.12,66.67,41.85,3.95,99876048.53,396713000.22,67066.0
sapporo_13,distributed,300.0,253.0,91.68,84.58,83.05,66.67,36.02,13.64,74738637.07,389217638.37,36140.0
sapporo_13,concentration2_cluster_9_group_none,300.0,253.0,91.34,84.19,83.07,85.71,34.96,15.91,77860232.15,241748268.24,37135.0
chile39_22,distributed,300.0,375.0,223.66,93.6,90.99,87.5,97.33,58.54,53804656.94,382364053.02,24422.0
chile39_22,concentration2_cluster_9_group_none,300.0,375.0,222.69,93.6,90.9,72.0,99.46,60.98,45712921.68,448118160.22,24112.0
turkey33_28,distributed,300.0,267.0,166.5,93.63,91.87,75.0,72.21,36.36,78443002.63,756690522.99,16577.0
turkey33_28,concentration2_cluster_9_group_none,300.0,267.0,180.57,94.76,93.26,90.0,88.7,45.45,73189128.74,574604525.78,14724.0
america03_26,distributed,300.0,334.0,112.6,82.93,82.0,76.92,52.08,21.31,73982834.34,336768587.85,48231.0
america03_26,concentration2_cluster_9_group_none,300.0,334.0,121.12,85.03,82.96,92.31,52.93,21.31,64538934.62,299293701.86,48273.0
singapore20_28,distributed,300.0,208.0,76.84,83.65,83.65,66.67,52.34,9.68,164828582.98,1035689458.5,26215.0
singapore20_28,concentration2_cluster_9_group_none,300.0,208.0,77.59,84.13,83.73,60.0,49.76,16.13,96755644.29,706816069.99,25229.0
iceland07_22,distributed,300.0,244.0,69.09,80.33,79.15,38.89,74.32,36.0,77803376.51,588918558.73,36173.0
iceland07_22,concentration2_cluster_9_group_none,300.0,244.0,68.72,80.33,79.04,64.71,76.63,34.0,86875145.1,342024948.23,36951.0
austria20_23,distributed,300.0,173.0,52.93,82.08,80.26,100.0,48.9,5.88,253637062.53,261403029.6,29618.0
austria20_23,concentration2_cluster_9_group_none,300.0,173.0,53.81,82.66,80.45,100.0,50.46,5.88,259751254.76,268234718.09,29858.0
slovenia06_1,distributed,300.0,320.0,126.37,85.31,84.59,44.44,67.31,18.75,84972391.6,622886317.06,39861.0
slovenia06_1,concentration2_cluster_9_group_none,300.0,320.0,125.91,85.63,84.45,66.67,67.69,18.75,84144978.41,642679488.48,39618.0
turkey18_23,distributed,300.0,253.0,93.0,86.96,82.78,92.31,76.5,28.26,56752851.26,259560179.01,35397.0
turkey18_23,concentration2_cluster_9_group_none,300.0,253.0,85.32,83.79,81.8,23.08,71.17,28.26,44023765.26,722094822.64,36897.0
indonesia63_26,distributed,300.0,340.0,109.65,82.06,81.32,100.0,36.85,3.33,91258483.78,427680429.82,53014.0
indonesia63_26,concentration2_cluster_9_group_none,300.0,340.0,109.65,82.06,81.32,0.0,35.06,1.67,174424933.9,0.0,53021.0
peru17_18,distributed,300.0,334.0,253.24,96.71,95.13,68.75,95.69,76.19,48181700.74,743582996.83,10991.0
peru17_18,concentration2_cluster_9_group_none,300.0,334.0,249.17,96.11,94.93,100.0,86.86,38.1,94200770.67,922107527.57,14140.0
slovenia10_22,distributed,300.0,201.0,65.33,82.09,81.47,50.0,38.41,16.22,65464767.29,434111590.03,30697.0
slovenia10_22,concentration2_cluster_9_group_none,300.0,201.0,64.32,81.59,81.28,25.0,39.38,10.81,92101177.86,1646354373.87,31377.0
bulgaria05_15,distributed,300.0,180.0,43.73,77.78,76.73,57.14,30.84,16.67,48030457.47,247117823.2,34220.0
bulgaria05_15,concentration2_cluster_9_group_none,300.0,180.0,43.73,77.78,76.73,66.67,32.3,14.29,47667188.53,156016458.78,34767.0
italy54_29,concentration2_cluster_9_group_none,300.0,336.0,85.78,78.87,77.44,39.29,56.38,37.33,49211269.01,564370277.06,54176.0
italy54_29,distributed,300.0,336.0,82.64,78.27,76.85,52.38,57.42,28.0,71890112.91,568712111.28,58980.0
indonesia43_12,distributed,300.0,344.0,90.46,79.07,77.98,80.0,69.68,13.51,73938001.7,434836339.69,62722.0
indonesia43_12,concentration2_cluster_9_group_none,300.0,344.0,90.52,79.07,77.99,84.21,71.05,25.68,34788542.51,217581944.83,57268.0
belgium04_28,distributed,300.0,326.0,95.38,80.37,79.79,80.0,29.48,7.81,132179455.49,358800140.9,54971.0
belgium04_28,concentration2_cluster_9_group_none,300.0,326.0,96.48,80.67,79.94,62.5,29.52,12.5,69801165.87,350179732.12,53666.0
turkey13_4,distributed,300.0,254.0,141.95,91.34,90.18,100.0,69.04,34.62,47996246.79,333261493.96,18626.0
turkey13_4,concentration2_cluster_9_group_none,300.0,254.0,145.13,91.34,90.62,100.0,80.66,34.62,40249557.9,354321940.92,17852.0
india10_19,distributed,300.0,247.0,75.29,81.38,80.36,75.0,34.6,8.16,83415901.43,384331557.32,42459.0
india10_19,concentration2_cluster_9_group_none,300.0,247.0,75.29,81.38,80.36,80.0,35.47,10.2,57698380.27,278113640.86,42158.0
hungary01_3,distributed,300.0,241.0,84.0,83.82,82.45,50.0,58.11,9.52,132652366.76,1042496185.82,35642.0
hungary01_3,concentration2_cluster_9_group_none,300.0,241.0,84.56,83.82,82.58,75.0,43.69,9.52,157127207.95,658526574.79,35618.0
indonesia63_19,distributed,300.0,340.0,98.31,80.59,79.5,57.14,43.24,9.86,70971212.96,201518918.93,60190.0
indonesia63_19,concentration2_cluster_9_group_none,300.0,340.0,98.15,80.59,79.47,33.33,42.48,8.45,97773128.51,567689584.09,61328.0
russia08_22,distributed,300.0,264.0,101.65,85.98,83.93,100.0,89.02,31.91,87554616.73,365890924.99,33941.0
russia08_22,concentration2_cluster_9_group_none,300.0,264.0,105.54,86.74,84.51,73.68,81.06,40.43,67190715.37,415789737.42,32500.0
okayama_19,distributed,300.0,293.0,137.78,88.74,87.3,75.0,58.62,20.0,77568043.34,381856435.17,31610.0
okayama_19,concentration2_cluster_9_group_none,300.0,293.0,134.59,88.05,86.99,100.0,51.04,20.0,73329840.99,311780293.8,31613.0
canada33_1,distributed,300.0,237.0,91.6,86.08,83.99,100.0,54.91,10.26,216028130.49,695201800.12,33161.0
canada33_1,concentration2_cluster_9_group_none,300.0,237.0,92.71,86.5,84.13,66.67,50.6,7.69,308895307.64,1363608787.97,33324.0
tokyo21_6,distributed,300.0,293.0,103.44,83.96,82.67,0.0,36.3,0.0,0.0,0.0,46540.0
tokyo21_6,concentration2_cluster_9_group_none,300.0,293.0,103.44,83.96,82.67,0.0,35.0,0.0,0.0,0.0,46540.0
myanmar15_15,distributed,300.0,255.0,88.96,83.53,82.54,50.0,33.34,9.52,54597343.59,432176591.61,36479.0
myanmar15_15,concentration2_cluster_9_group_none,300.0,255.0,88.96,83.53,82.54,100.0,32.4,2.38,242549532.79,934151360.95,37343.0
myanmar11_20,distributed,300.0,235.0,66.46,80.85,78.99,76.92,49.51,25.49,61022190.49,228542509.61,39956.0
myanmar11_20,concentration2_cluster_9_group_none,300.0,235.0,67.79,81.28,79.28,50.0,52.28,31.37,47463996.11,272729474.71,38354.0
peru24_2,distributed,300.0,326.0,250.89,96.63,95.45,90.0,97.42,55.56,56515134.71,899692012.64,10997.0
peru24_2,concentration2_cluster_9_group_none,300.0,326.0,257.48,96.93,95.9,80.0,92.91,55.56,49376023.11,1118019173.66,10376.0
turkey33_5,concentration2_cluster_9_group_none,300.0,267.0,148.8,92.13,89.95,83.33,84.87,20.69,113766504.26,606841374.18,22760.0
turkey33_5,distributed,300.0,267.0,146.24,91.76,89.68,80.0,86.27,34.48,75876412.24,507705957.55,21835.0
philippines34,distributed,300.0,346.0,94.43,79.19,78.69,80.0,50.36,7.04,133210945.14,581522144.96,61305.0
philippines34,concentration2_cluster_9_group_none,300.0,346.0,96.97,80.06,79.01,87.5,44.8,11.27,63490256.57,398801340.92,58665.0
peru19_18,distributed,300.0,331.0,140.3,86.4,85.76,75.0,51.29,16.67,114091546.59,463124861.64,39091.0
peru19_18,concentration2_cluster_9_group_none,300.0,331.0,142.51,86.71,86.0,80.0,51.34,20.83,78574282.77,477023953.0,38318.0
croatia07_3,distributed,300.0,221.0,99.43,88.24,86.53,66.67,39.97,19.35,45181672.38,220115313.77,25756.0
croatia07_3,concentration2_cluster_9_group_none,300.0,221.0,99.43,88.24,86.53,75.0,39.87,12.9,72109003.14,309487257.22,26253.0
india13_26,distributed,300.0,243.0,109.23,86.83,86.83,83.33,50.99,19.35,107319372.34,475148612.1,24643.0
india13_26,concentration2_cluster_9_group_none,300.0,243.0,109.23,86.83,86.83,100.0,53.71,19.35,107676792.77,314204998.96,24664.0
myanmar15_8,distributed,300.0,255.0,57.96,76.86,75.63,75.0,29.57,6.45,125809062.71,351548657.12,53728.0
myanmar15_8,concentration2_cluster_9_group_none,300.0,255.0,57.96,76.86,75.63,100.0,31.37,6.45,137886313.29,244123464.84,53560.0
singapore20_7,distributed,300.0,208.0,69.18,82.69,81.78,33.33,38.92,15.38,157274414.89,910660646.07,32922.0
singapore20_7,concentration2_cluster_9_group_none,300.0,208.0,69.18,82.69,81.78,33.33,40.02,7.69,299386625.69,1854015172.1,34047.0
myanmar13_19,distributed,300.0,228.0,39.77,72.37,71.54,100.0,38.7,3.23,111851267.57,294664656.7,54921.0
myanmar13_19,concentration2_cluster_9_group_none,300.0,228.0,41.33,73.68,71.95,100.0,38.54,6.45,62835818.58,194746521.49,53719.0
sapporo_7,distributed,300.0,253.0,92.11,83.79,83.33,75.0,36.02,10.53,83550655.85,567868006.44,32140.0
sapporo_7,concentration2_cluster_9_group_none,300.0,253.0,93.35,84.19,83.5,50.0,33.42,21.05,44094121.96,433497224.45,31047.0
canada33_18,distributed,300.0,237.0,79.15,83.12,81.76,85.71,48.92,16.67,181355798.19,429181819.17,33716.0
canada33_18,concentration2_cluster_9_group_none,300.0,237.0,77.94,82.7,81.56,83.33,49.77,14.29,212197948.49,396908264.35,34035.0
myanmar14_19,distributed,300.0,241.0,57.89,77.18,76.66,0.0,29.93,0.0,0.0,782230990.8,48330.0
myanmar14_19,concentration2_cluster_9_group_none,300.0,241.0,57.89,77.18,76.66,0.0,28.14,1.85,187924456.24,0.0,48134.0
hukuoka01_1,concentration2_cluster_9_group_none,300.0,367.0,212.87,91.83,90.81,88.89,82.42,25.71,100134631.35,690472493.67,27926.0
hukuoka01_1,distributed,300.0,367.0,214.28,92.1,90.88,81.82,82.34,31.43,72206957.28,593330742.15,26271.0
bulgaria05_24,distributed,300.0,180.0,40.07,76.11,75.41,100.0,38.48,6.82,161199529.71,245050311.56,37712.0
bulgaria05_24,concentration2_cluster_9_group_none,300.0,180.0,43.13,78.33,76.31,83.33,38.78,13.64,65479701.55,178487303.16,35936.0
chile47_11,distributed,300.0,375.0,234.45,93.6,91.93,85.0,85.54,62.5,38463164.38,415475279.54,18543.0
chile47_11,concentration2_cluster_9_group_none,300.0,375.0,239.95,93.87,92.34,95.0,97.79,62.5,42380591.24,375024167.03,19236.0
philippines22_10,distributed,300.0,329.0,78.54,77.51,76.45,33.33,28.62,3.9,113402854.47,793783092.86,68099.0
philippines22_10,concentration2_cluster_9_group_none,300.0,329.0,78.21,77.2,76.44,50.0,29.06,2.6,185746781.04,1290161440.08,68199.0
italy36_21,distributed,300.0,281.0,142.83,90.75,88.41,68.75,99.41,44.44,58967522.92,479019726.51,24482.0
italy36_21,concentration2_cluster_9_group_none,300.0,281.0,139.56,90.04,88.1,50.0,94.87,44.44,51618874.7,666136384.15,25649.0
italy54_21,distributed,300.0,336.0,116.44,83.33,82.45,54.55,65.37,18.03,150333050.29,737265635.8,49454.0
italy54_21,concentration2_cluster_9_group_none,300.0,336.0,115.89,83.63,82.29,41.18,68.3,27.87,93833711.18,629824156.68,46712.0
myanmar15_10,distributed,300.0,255.0,70.57,80.39,78.67,62.5,36.58,15.09,47889018.63,234317027.83,44097.0
myanmar15_10,concentration2_cluster_9_group_none,300.0,255.0,70.57,80.39,78.67,100.0,38.65,15.09,60727891.69,148939178.04,43137.0
bolivia01_10,distributed,300.0,243.0,97.42,85.19,84.93,100.0,54.7,8.82,117966842.34,392759401.25,28714.0
bolivia01_10,concentration2_cluster_9_group_none,300.0,243.0,98.04,85.6,84.96,100.0,53.53,8.82,127749399.73,362999178.07,28777.0
belize04_3,distributed,300.0,338.0,112.94,83.14,81.77,33.33,60.72,25.42,58827052.38,567395080.26,47300.0
belize04_3,concentration2_cluster_9_group_none,300.0,338.0,116.63,84.02,82.2,66.67,65.62,30.51,41374577.68,241665462.87,45854.0
ishikawa_3,distributed,300.0,310.0,102.1,82.58,81.62,60.0,43.86,8.77,104791255.03,494562309.1,48877.0
ishikawa_3,concentration2_cluster_9_group_none,300.0,310.0,104.4,83.23,81.9,100.0,44.41,12.28,75931579.87,304753236.61,47822.0
ishikawa_24,distributed,300.0,310.0,103.93,82.58,81.97,33.33,39.37,5.66,111357406.42,887489442.29,46268.0
ishikawa_24,concentration2_cluster_9_group_none,300.0,310.0,104.83,82.9,82.07,50.0,39.49,7.55,76764182.42,1201731545.44,45910.0
china10_12,distributed,300.0,242.0,144.59,92.15,91.34,88.89,72.31,37.5,58693925.5,552045400.55,17310.0
china10_12,concentration2_cluster_9_group_none,300.0,242.0,151.08,93.39,91.94,100.0,75.98,33.33,72300038.99,535496369.93,16426.0
myanmar15_3,distributed,300.0,255.0,69.71,79.61,78.62,100.0,33.11,1.89,490826856.82,860050449.62,47092.0
myanmar15_3,concentration2_cluster_9_group_none,300.0,255.0,69.71,79.61,78.62,0.0,33.4,1.89,371473459.16,0.0,47176.0
indonesia43_13,distributed,300.0,344.0,102.76,81.1,80.02,38.46,50.59,19.12,62384908.24,538741840.8,56212.0
indonesia43_13,concentration2_cluster_9_group_none,300.0,344.0,99.95,80.23,79.68,6.25,55.16,23.53,49718447.5,1904717258.14,54538.0
myanmar15_6,distributed,300.0,255.0,67.74,79.22,78.15,100.0,29.9,1.89,266314724.07,370481952.22,47203.0
myanmar15_6,concentration2_cluster_9_group_none,300.0,255.0,67.2,78.82,78.09,100.0,32.37,1.89,204965023.87,250255043.54,47059.0
chile21_15,distributed,300.0,147.0,106.14,95.92,94.32,80.0,78.48,45.45,43559590.45,455709282.33,6942.0
chile21_15,concentration2_cluster_9_group_none,300.0,147.0,102.41,95.92,93.6,80.0,86.46,45.45,51071662.34,445654538.06,7095.0
myanmar03_28,distributed,300.0,240.0,53.67,76.67,75.36,0.0,27.85,1.69,331802367.04,0.0,52498.0
myanmar03_28,concentration2_cluster_9_group_none,300.0,240.0,54.0,77.08,75.37,100.0,29.37,5.08,127308206.53,485977325.45,51413.0
venezuela01,distributed,300.0,299.0,252.7,97.66,97.11,100.0,98.63,44.44,85398716.2,1374439886.0,6389.0
venezuela01,concentration2_cluster_9_group_none,300.0,299.0,255.15,97.99,97.23,100.0,92.25,55.56,65942463.75,1329084794.08,5572.0
italy16_16,distributed,300.0,214.0,86.42,86.92,84.67,83.33,79.49,33.33,62020498.17,309765269.72,25968.0
italy16_16,concentration2_cluster_9_group_none,300.0,214.0,86.77,86.45,84.86,81.82,82.57,30.56,68069329.78,375054959.25,26818.0
canada33_11,distributed,300.0,237.0,87.78,84.39,83.53,50.0,48.76,10.26,316880323.49,969120841.66,33500.0
canada33_11,concentration2_cluster_9_group_none,300.0,237.0,91.18,85.23,84.09,80.0,47.36,12.82,214791421.5,576590087.92,32710.0
eritrea02_16,distributed,300.0,195.0,93.77,88.72,87.75,100.0,76.95,25.0,91385717.62,278252677.54,18630.0
eritrea02_16,concentration2_cluster_9_group_none,300.0,195.0,93.77,88.72,87.75,90.0,81.81,41.67,52442302.74,219816446.86,16334.0
india10_24,distributed,300.0,247.0,80.16,82.59,81.32,100.0,32.51,4.44,129587481.51,924943106.62,39085.0
india10_24,concentration2_cluster_9_group_none,300.0,247.0,80.16,82.59,81.32,100.0,31.89,8.89,59917191.37,403925810.98,38087.0
austria20_2,distributed,300.0,173.0,52.01,80.92,80.2,100.0,49.91,3.23,383144511.5,791368090.16,27042.0
austria20_2,concentration2_cluster_9_group_none,300.0,173.0,52.01,80.92,80.2,100.0,48.72,3.23,279621561.3,1886181717.15,27021.0
spain07_12,distributed,300.0,364.0,112.33,81.87,80.49,63.64,60.37,15.94,92675343.21,477287015.29,57340.0
spain07_12,concentration2_cluster_9_group_none,300.0,364.0,112.33,81.87,80.49,69.23,58.87,18.84,87420880.19,329974818.11,56525.0
new-zealand02_1,distributed,300.0,258.0,99.21,84.5,84.25,25.0,33.99,12.12,94008475.22,989210408.25,28007.0
new-zealand02_1,concentration2_cluster_9_group_none,300.0,258.0,99.21,84.5,84.25,0.0,34.88,6.06,204435243.74,1174417660.17,28585.0
burundi03_11,concentration2_cluster_9_group_none,300.0,236.0,74.59,81.36,81.09,100.0,30.06,4.88,129833754.47,469007767.06,36072.0
burundi03_11,distributed,300.0,236.0,74.59,81.36,81.09,100.0,28.54,2.44,198831330.02,578737178.45,36253.0
myanmar14_10,distributed,300.0,241.0,72.18,81.33,80.02,100.0,29.23,2.08,240134350.91,524640623.76,42518.0
myanmar14_10,concentration2_cluster_9_group_none,300.0,241.0,72.18,81.33,80.02,100.0,30.14,2.08,299071022.87,980734229.93,42254.0
america35_19,distributed,300.0,342.0,102.57,81.29,80.06,42.86,34.75,10.29,142874957.86,630116067.79,57652.0
america35_19,concentration2_cluster_9_group_none,300.0,342.0,104.54,81.87,80.3,75.0,34.5,11.76,122766920.89,401221022.98,56904.0
serbia04,distributed,300.0,251.0,99.03,86.06,84.4,45.45,57.07,26.83,56555508.07,419410366.75,33375.0
serbia04,concentration2_cluster_9_group_none,300.0,251.0,104.15,87.25,85.14,100.0,54.93,21.95,67685900.16,275851075.18,32414.0
hungary01_2,distributed,300.0,241.0,56.97,77.59,76.23,71.43,52.81,12.96,115185191.26,514779387.65,45203.0
hungary01_2,concentration2_cluster_9_group_none,300.0,241.0,55.45,76.76,75.9,16.67,46.85,11.11,129605431.44,2962246472.16,45819.0
netherlands04_9,distributed,300.0,342.0,88.02,78.65,77.66,62.5,47.97,11.27,156369922.7,386042017.96,59772.0
netherlands04_9,concentration2_cluster_9_group_none,300.0,342.0,91.62,79.82,78.16,56.25,44.79,22.54,69947558.1,256524012.47,56092.0
belgium04_15,distributed,300.0,326.0,74.98,76.69,75.91,100.0,28.6,2.67,318715776.18,714664931.12,66229.0
belgium04_15,concentration2_cluster_9_group_none,300.0,326.0,75.4,76.99,75.95,100.0,28.95,6.67,158352768.04,384475273.93,64948.0
serbia02_26,distributed,300.0,240.0,85.76,83.75,82.96,100.0,35.6,12.2,82589699.47,397197291.52,34011.0
serbia02_26,concentration2_cluster_9_group_none,300.0,240.0,85.76,83.75,82.96,85.71,37.17,17.07,56131809.68,303968529.06,32587.0
myanmar15_27,distributed,300.0,255.0,62.4,77.65,76.91,100.0,32.21,1.79,429034396.81,528399687.49,49537.0
myanmar15_27,concentration2_cluster_9_group_none,300.0,255.0,62.4,77.65,76.91,100.0,30.85,1.79,337625748.55,574976063.52,49561.0
turkey13_10,distributed,300.0,254.0,153.44,91.73,91.65,33.33,72.85,14.29,154400463.15,2812947722.29,17259.0
turkey13_10,concentration2_cluster_9_group_none,300.0,254.0,156.76,92.13,91.99,80.0,76.97,23.81,84027538.52,767045693.3,16270.0
austria22_3,distributed,300.0,315.0,79.63,79.68,77.04,83.33,55.03,16.67,68943659.25,331114906.12,60345.0
austria22_3,concentration2_cluster_9_group_none,300.0,315.0,80.46,79.37,77.33,72.73,54.3,15.28,77770149.13,409373578.54,60454.0
germany08_14,distributed,300.0,269.0,125.77,88.85,87.16,71.43,60.54,19.44,146691365.81,746269143.7,28757.0
germany08_14,concentration2_cluster_9_group_none,300.0,269.0,119.25,88.1,86.26,100.0,62.05,11.11,238889433.04,738889657.18,30269.0
austria08_9,distributed,300.0,220.0,56.54,80.0,77.29,57.14,50.66,14.0,131310415.11,415573524.8,42007.0
austria08_9,concentration2_cluster_9_group_none,300.0,220.0,58.95,80.91,77.9,60.0,47.49,20.0,95981742.28,342307967.58,40675.0
slovenia10_19,distributed,300.0,201.0,78.01,85.57,84.19,0.0,40.9,3.33,220721178.41,1122071298.95,26450.0
slovenia10_19,concentration2_cluster_9_group_none,300.0,201.0,77.35,85.07,84.13,0.0,39.27,6.67,124736859.72,566722569.35,26122.0
greece22_26,distributed,300.0,348.0,112.15,82.18,81.28,66.67,57.28,9.68,130163519.03,897370628.98,52685.0
greece22_26,concentration2_cluster_9_group_none,300.0,348.0,112.15,82.18,81.28,83.33,55.1,9.68,100457740.64,715704031.34,52796.0
venezuela02_16,concentration2_cluster_9_group_none,300.0,295.0,204.42,94.92,93.71,81.82,78.0,50.0,62807268.53,867451021.98,13892.0
venezuela02_16,distributed,300.0,295.0,205.78,95.59,93.7,83.33,71.4,54.55,59331884.41,703620338.3,13870.0
italy16_9,distributed,300.0,214.0,99.51,88.79,87.07,66.67,81.62,22.22,107746712.98,413220729.83,21303.0
italy16_9,concentration2_cluster_9_group_none,300.0,214.0,100.87,89.72,87.13,80.0,87.24,37.04,60710109.01,278029367.24,19700.0
yamanashi_7,concentration2_cluster_9_group_none,300.0,320.0,118.84,84.38,83.59,100.0,37.31,7.55,106322008.7,424420599.26,45295.0
yamanashi_7,distributed,300.0,320.0,118.84,84.38,83.59,100.0,37.16,7.55,116041257.55,357282008.77,45544.0
greece06_16,distributed,300.0,342.0,123.82,83.63,83.26,50.0,37.84,3.7,378182515.58,549423157.68,47311.0
greece06_16,concentration2_cluster_9_group_none,300.0,342.0,123.82,83.63,83.26,100.0,37.79,5.56,326650815.61,460238918.46,47238.0
bulgaria05_26,distributed,300.0,180.0,34.9,73.89,73.24,75.0,39.09,8.89,84983830.04,282059674.42,38510.0
bulgaria05_26,concentration2_cluster_9_group_none,300.0,180.0,34.81,73.89,73.19,60.0,40.04,11.11,80916742.86,243827014.29,38605.0
turkey13_11,distributed,300.0,254.0,151.49,92.52,91.22,88.89,76.99,36.0,59328839.3,451774326.15,18850.0
turkey13_11,concentration2_cluster_9_group_none,300.0,254.0,150.89,92.52,91.14,85.71,79.13,28.0,76081017.68,595695870.02,19284.0
belize04_22,distributed,300.0,338.0,127.12,85.5,83.57,100.0,62.51,14.04,88659673.76,401601175.18,47311.0
belize04_22,concentration2_cluster_9_group_none,300.0,338.0,132.01,87.28,83.92,87.5,61.29,28.07,37511870.07,250960053.68,44411.0
indonesia63_27,distributed,300.0,340.0,114.76,82.65,82.09,33.33,37.34,5.0,185540163.64,724050065.01,52518.0
indonesia63_27,concentration2_cluster_9_group_none,300.0,340.0,114.76,82.65,82.09,100.0,36.68,5.0,185993189.54,282195683.08,52545.0
tokyo03_9,distributed,300.0,237.0,91.63,84.39,84.39,0.0,45.64,0.0,0.0,0.0,30430.0
tokyo03_9,concentration2_cluster_9_group_none,300.0,237.0,91.63,84.39,84.39,100.0,44.86,5.88,88324056.7,641955553.04,29678.0
peru19_22,distributed,300.0,331.0,177.84,90.33,89.61,77.78,56.61,27.27,60583883.83,508797477.9,25446.0
peru19_22,concentration2_cluster_9_group_none,300.0,331.0,180.01,90.63,89.78,100.0,57.69,24.24,81483355.91,497559310.58,25576.0
new-zealand20_16,concentration2_cluster_9_group_none,300.0,330.0,135.79,87.88,84.82,100.0,75.33,27.27,94725855.29,343403273.48,41626.0
new-zealand20_16,distributed,300.0,330.0,126.65,85.76,83.92,60.0,74.66,18.18,155288680.37,765060182.78,45708.0
okayama_1,concentration2_cluster_9_group_none,300.0,293.0,147.96,89.08,88.65,100.0,54.62,15.63,73553733.95,517047475.32,27030.0
okayama_1,distributed,300.0,293.0,148.12,89.08,88.67,100.0,54.07,12.5,112272812.87,542866046.83,26716.0
chile03_19,distributed,300.0,319.0,84.91,79.62,78.09,78.95,44.15,26.39,67026722.18,257126313.02,55358.0
chile03_19,concentration2_cluster_9_group_none,300.0,319.0,84.28,79.31,78.01,88.24,42.83,23.61,68666629.71,265151230.45,56497.0
america04_23,distributed,300.0,290.0,83.25,80.69,79.33,87.5,47.97,13.56,127517866.47,267804197.88,49509.0
america04_23,concentration2_cluster_9_group_none,300.0,290.0,84.04,80.34,79.61,88.89,44.5,15.25,99716715.29,256582080.59,49316.0
new-zealand20_8,distributed,300.0,330.0,162.41,89.39,88.06,75.0,75.99,20.51,153599056.63,931788640.42,31123.0
new-zealand20_8,concentration2_cluster_9_group_none,300.0,330.0,169.63,90.3,88.73,91.67,83.44,30.77,104921534.92,487913018.62,28641.0
hukuoka01_18,distributed,300.0,367.0,192.82,91.01,89.01,85.71,82.44,33.33,78392371.77,534470797.1,31150.0
hukuoka01_18,concentration2_cluster_9_group_none,300.0,367.0,195.09,90.74,89.31,81.25,83.96,38.1,67400506.82,560449530.36,29921.0
sapporo_28,distributed,300.0,253.0,82.33,82.61,81.37,100.0,26.08,6.82,202555290.02,410214179.59,38021.0
sapporo_28,concentration2_cluster_9_group_none,300.0,253.0,82.33,82.61,81.37,40.0,25.76,11.36,108520742.87,988797186.21,37092.0
ukraine12_1,distributed,300.0,255.0,89.12,83.14,82.67,87.5,63.44,19.05,94125454.45,571820818.4,34045.0
ukraine12_1,concentration2_cluster_9_group_none,300.0,255.0,87.63,82.75,82.43,66.67,54.33,28.57,58582699.29,400031483.06,31833.0
chile21_17,distributed,300.0,147.0,54.59,84.35,83.59,100.0,73.94,24.0,76380691.89,278238326.23,19684.0
chile21_17,concentration2_cluster_9_group_none,300.0,147.0,53.75,84.35,83.28,71.43,64.11,28.0,64975483.61,267687177.1,19908.0
chile39,distributed,300.0,375.0,207.45,92.27,89.77,73.08,97.57,56.52,49480608.35,426059198.27,27545.0
chile39,concentration2_cluster_9_group_none,300.0,375.0,222.02,93.6,90.84,89.29,100.0,60.87,43690863.43,339174332.68,25134.0
nara01_15,distributed,300.0,319.0,91.68,80.25,79.46,100.0,30.2,1.64,333163294.7,702447698.96,54084.0
nara01_15,concentration2_cluster_9_group_none,300.0,319.0,91.68,80.25,79.46,0.0,31.98,0.0,0.0,1255830966.42,54595.0
austria22_25,distributed,300.0,315.0,96.84,81.59,80.48,100.0,51.47,12.07,160878984.3,379656267.7,48930.0
austria22_25,concentration2_cluster_9_group_none,300.0,315.0,96.26,81.27,80.44,85.71,46.98,12.07,146725950.28,446759738.75,48504.0
italy16_13,distributed,300.0,214.0,89.31,86.92,85.33,62.5,91.6,47.06,47137562.24,375471426.33,23445.0
italy16_13,concentration2_cluster_9_group_none,300.0,214.0,94.81,88.79,86.1,84.62,88.12,38.24,51917346.11,249974541.18,24450.0
serbia04_12,concentration2_cluster_9_group_none,300.0,251.0,120.94,88.84,87.76,60.0,63.45,16.67,92152500.33,765514349.1,25276.0
serbia04_12,distributed,300.0,251.0,122.47,88.84,88.01,80.0,68.96,16.67,126108903.83,564116021.48,24733.0
chile01_18,distributed,300.0,375.0,157.12,87.2,85.34,66.67,68.68,26.79,72114938.69,447778731.31,44777.0
chile01_18,concentration2_cluster_9_group_none,300.0,375.0,153.37,86.4,85.04,81.25,68.44,28.57,72230655.73,376847446.74,43627.0
germany17_19,distributed,300.0,311.0,83.89,79.42,78.4,57.14,37.19,10.61,122254284.79,355378340.0,55877.0
germany17_19,concentration2_cluster_9_group_none,300.0,311.0,83.91,79.42,78.41,40.0,34.64,7.58,185002295.55,485640832.13,57295.0
burundi03_19,distributed,300.0,236.0,65.33,79.66,78.86,100.0,31.06,1.96,504540822.34,686640343.72,44960.0
burundi03_19,concentration2_cluster_9_group_none,300.0,236.0,65.33,79.66,78.86,50.0,31.91,3.92,235117885.94,661511664.46,44746.0
spain07_1,distributed,300.0,364.0,123.41,82.97,82.1,27.27,61.08,17.19,87824543.75,642873474.2,53264.0
spain07_1,concentration2_cluster_9_group_none,300.0,364.0,124.08,83.24,82.14,72.73,62.2,17.19,95152913.77,402638299.42,52610.0
ejypt04_12,distributed,300.0,250.0,62.81,78.8,77.14,50.0,52.45,18.52,71638006.95,338993705.6,42887.0
ejypt04_12,concentration2_cluster_9_group_none,300.0,250.0,61.74,78.0,77.0,27.27,61.47,20.37,73016300.57,531338275.78,42352.0
austria22,distributed,300.0,315.0,129.27,86.98,84.98,55.56,63.22,19.15,77970533.31,468224699.79,37790.0
austria22,concentration2_cluster_9_group_none,300.0,315.0,124.54,85.4,84.6,58.33,54.78,25.53,54654008.6,502746843.59,37604.0
peru24_21,distributed,300.0,326.0,232.76,95.71,94.14,71.43,96.11,60.87,49328223.62,704815145.85,13800.0
peru24_21,concentration2_cluster_9_group_none,300.0,326.0,228.17,95.09,93.87,92.86,83.6,60.87,50011948.69,579216403.21,13455.0
chile23_22,distributed,300.0,334.0,124.07,84.43,83.58,25.0,59.24,14.81,117824513.02,862306797.4,45907.0
chile23_22,concentration2_cluster_9_group_none,300.0,334.0,126.2,85.33,83.71,61.54,57.36,24.07,55788402.96,394172268.34,42863.0
italy36_27,distributed,300.0,281.0,126.25,88.61,86.42,57.14,87.93,35.9,68449928.22,599773722.5,27892.0
italy36_27,concentration2_cluster_9_group_none,300.0,281.0,122.56,87.54,86.07,30.77,91.38,33.33,70892274.2,792061463.24,29822.0
congo10_16,distributed,300.0,335.0,105.18,82.09,80.78,50.0,29.38,3.17,207293752.08,1305111920.51,55750.0
congo10_16,concentration2_cluster_9_group_none,300.0,335.0,105.18,82.09,80.78,0.0,29.45,1.59,339965389.51,0.0,56255.0
germany08_9,distributed,300.0,269.0,128.09,88.85,87.52,81.82,72.7,31.43,82937331.33,407487590.62,25743.0
germany08_9,concentration2_cluster_9_group_none,300.0,269.0,131.79,89.96,87.85,70.0,72.81,28.57,87296230.66,525573442.54,26680.0
indonesia79_17,distributed,300.0,318.0,89.13,80.82,78.82,56.25,78.62,23.88,52685601.61,336761209.52,54234.0
indonesia79_17,concentration2_cluster_9_group_none,300.0,318.0,86.69,79.56,78.58,57.89,78.85,28.36,41346454.99,262341409.18,52563.0
myanmar14_2,distributed,300.0,241.0,65.92,80.5,78.41,0.0,25.41,0.0,0.0,0.0,46540.0
myanmar14_2,concentration2_cluster_9_group_none,300.0,241.0,65.92,80.5,78.41,0.0,24.98,1.92,349379578.88,0.0,46218.0
nara01_3,concentration2_cluster_9_group_none,300.0,319.0,84.35,79.31,78.03,100.0,30.73,1.54,395269202.17,541046020.7,57535.0
nara01_3,distributed,300.0,319.0,84.84,79.31,78.15,50.0,31.13,3.08,231692525.55,579410439.6,57498.0
mongolia05_25,distributed,300.0,250.0,143.71,92.8,90.42,66.67,80.8,48.0,65297716.04,742333167.79,17260.0
mongolia05_25,concentration2_cluster_9_group_none,300.0,250.0,155.84,94.0,91.79,62.5,85.37,64.0,46465569.09,625249773.19,14658.0
greece06_6,distributed,300.0,342.0,106.64,81.87,80.69,37.5,45.71,12.5,87821125.52,955498671.66,54821.0
greece06_6,concentration2_cluster_9_group_none,300.0,342.0,106.08,81.58,80.66,50.0,44.33,9.38,119156830.24,804610160.64,55087.0
bulgaria06_4,distributed,300.0,241.0,59.35,78.01,76.94,75.0,65.31,23.08,102899256.99,329573418.03,40855.0
bulgaria06_4,concentration2_cluster_9_group_none,300.0,241.0,60.18,78.42,77.11,73.33,69.79,28.85,79831562.89,293495741.5,39634.0
turkey33_10,distributed,300.0,267.0,119.35,88.39,86.36,60.0,83.05,26.32,114570092.52,684915912.86,29626.0
turkey33_10,concentration2_cluster_9_group_none,300.0,267.0,124.92,89.51,87.02,91.67,90.95,31.58,77927699.35,417268724.44,28244.0
ibaragi_4,distributed,300.0,258.0,90.18,83.72,82.53,100.0,51.95,4.26,204878096.76,321700693.02,41295.0
ibaragi_4,concentration2_cluster_9_group_none,300.0,258.0,90.05,83.72,82.5,40.0,50.87,10.64,105711487.74,401012071.12,40062.0
chile21_21,concentration2_cluster_9_group_none,300.0,147.0,46.71,83.67,80.63,76.47,87.0,48.57,38259671.19,198052612.38,22557.0
chile21_21,distributed,300.0,147.0,47.15,85.03,80.5,77.78,88.59,51.43,38009167.0,195243926.09,21890.0
chile23_25,distributed,300.0,334.0,123.01,85.03,83.27,69.23,53.63,22.81,73804289.65,491093113.03,44705.0
chile23_25,concentration2_cluster_9_group_none,300.0,334.0,123.0,85.03,83.26,100.0,55.73,17.54,105334087.97,457218566.3,45521.0
myanmar11_17,distributed,300.0,235.0,58.65,78.3,77.13,70.0,54.13,18.87,80129036.46,303628464.47,43270.0
myanmar11_17,concentration2_cluster_9_group_none,300.0,235.0,58.83,78.3,77.2,84.62,53.38,24.53,60141188.79,211417134.47,42064.0
indonesia43_6,distributed,300.0,344.0,128.62,85.76,83.4,60.0,69.0,25.0,50775155.07,252822811.5,47097.0
indonesia43_6,concentration2_cluster_9_group_none,300.0,344.0,129.49,86.05,83.46,70.83,69.22,40.0,33205971.88,149397466.57,42498.0
spain07_5,distributed,300.0,364.0,126.84,83.24,82.58,60.0,56.9,16.13,108035564.0,518324439.94,51163.0
spain07_5,concentration2_cluster_9_group_none,300.0,364.0,127.36,83.24,82.67,72.73,52.86,17.74,84266386.3,490172056.52,50412.0
philippines20_23,distributed,300.0,324.0,86.09,79.32,78.13,55.56,55.73,12.68,72055526.05,346663846.07,60221.0
philippines20_23,concentration2_cluster_9_group_none,300.0,324.0,87.21,79.94,78.23,26.67,52.16,21.13,36486151.93,325013677.88,56879.0
russia08_24,distributed,300.0,264.0,99.02,87.12,83.14,85.0,84.94,39.22,58203235.09,270300597.23,37330.0
russia08_24,concentration2_cluster_9_group_none,300.0,264.0,92.42,85.23,82.2,68.75,84.46,31.37,74755039.49,380902234.28,38933.0
eritrea02_26,distributed,300.0,195.0,116.86,91.79,91.47,100.0,59.18,11.76,123023217.51,797573339.04,14160.0
eritrea02_26,concentration2_cluster_9_group_none,300.0,195.0,116.86,91.79,91.47,50.0,60.32,11.76,133273149.63,1598231620.81,14526.0
germany08_5,distributed,300.0,269.0,99.37,85.13,83.3,77.78,67.42,18.75,131759683.78,502828960.42,38256.0
germany08_5,concentration2_cluster_9_group_none,300.0,269.0,98.03,84.76,83.12,100.0,58.47,12.5,195868645.51,501524014.84,39960.0
india13_20,distributed,300.0,243.0,106.49,86.42,86.42,50.0,49.44,12.9,111837725.71,1253514793.44,26007.0
india13_20,concentration2_cluster_9_group_none,300.0,243.0,106.49,86.42,86.42,100.0,47.66,9.68,140073788.06,864878906.91,26419.0
greece22_16,concentration2_cluster_9_group_none,300.0,348.0,118.36,82.76,82.22,62.5,55.24,13.11,124265230.17,834604787.52,50879.0
greece22_16,distributed,300.0,348.0,118.36,82.76,82.22,60.0,54.73,8.2,169833479.06,1135351781.74,52523.0
china41_18,distributed,300.0,241.0,88.95,85.48,83.2,72.73,66.48,28.21,75786165.01,444250829.19,29998.0
china41_18,concentration2_cluster_9_group_none,300.0,241.0,84.2,83.82,82.5,66.67,65.37,23.08,90106885.64,559469757.1,31695.0
turkey33_25,distributed,300.0,267.0,115.48,86.89,86.05,56.25,85.2,44.44,63414698.5,491774956.75,25646.0
turkey33_25,concentration2_cluster_9_group_none,300.0,267.0,116.25,87.27,86.09,73.68,86.17,52.78,55604988.08,350023388.95,23492.0
belize04_8,concentration2_cluster_9_group_none,300.0,338.0,123.03,84.32,83.2,76.92,60.9,22.81,71804786.23,442400709.57,45815.0
belize04_8,distributed,300.0,338.0,125.08,84.91,83.39,66.67,59.88,15.79,108050847.24,550835249.82,46902.0
austria08_21,distributed,300.0,220.0,70.96,82.73,81.16,54.55,54.41,26.19,58093420.41,493637318.77,32983.0
austria08_21,concentration2_cluster_9_group_none,300.0,220.0,74.39,84.55,81.67,60.0,57.55,23.81,60351276.63,343851749.88,32894.0
myanmar14_14,concentration2_cluster_9_group_none,300.0,241.0,58.66,78.01,76.7,100.0,26.07,1.82,331437818.56,535420858.21,48600.0
myanmar14_14,distributed,300.0,241.0,59.24,78.42,76.8,50.0,27.0,3.64,142500644.42,265228360.08,48140.0
austria08_19,concentration2_cluster_9_group_none,300.0,220.0,63.71,80.91,79.45,100.0,48.9,17.39,130184308.05,295040857.84,36827.0
austria08_19,distributed,300.0,220.0,68.05,82.73,80.32,88.89,45.57,19.57,110749382.39,357533714.69,36889.0
america03_15,distributed,300.0,334.0,87.5,78.74,77.99,76.92,54.56,19.12,102838065.35,346630544.66,54505.0
america03_15,concentration2_cluster_9_group_none,300.0,334.0,88.8,79.04,78.21,91.67,54.11,17.65,94215545.77,333767638.36,54965.0
yamanashi_1,distributed,300.0,320.0,94.77,81.25,79.82,50.0,35.73,3.08,315444535.32,1567429862.67,57138.0
yamanashi_1,concentration2_cluster_9_group_none,300.0,320.0,95.21,81.25,79.91,50.0,34.61,6.15,126434726.93,614385706.79,56125.0
serbia04_4,distributed,300.0,251.0,81.67,82.87,81.3,63.64,53.14,23.4,69484703.02,304367100.09,38250.0
serbia04_4,concentration2_cluster_9_group_none,300.0,251.0,84.11,84.06,81.61,61.54,51.12,27.66,60434714.7,286744555.45,37201.0
ukraine01_28,distributed,300.0,284.0,120.54,88.03,85.41,93.33,68.84,33.33,66263734.17,386368795.2,33129.0
ukraine01_28,concentration2_cluster_9_group_none,300.0,284.0,119.44,87.68,85.31,71.43,72.52,31.11,76833081.78,504004022.84,33940.0
italy36_25,distributed,300.0,281.0,139.61,89.68,88.19,60.0,79.43,42.86,71511234.08,496304166.8,23396.0
italy36_25,concentration2_cluster_9_group_none,300.0,281.0,134.52,88.26,87.77,52.63,78.98,54.29,50780052.74,428684156.27,23044.0
austria20_3,distributed,300.0,173.0,62.61,84.39,83.06,25.0,54.96,14.81,94408618.65,864955096.1,22799.0
austria20_3,concentration2_cluster_9_group_none,300.0,173.0,61.16,83.24,82.87,60.0,55.36,18.52,92277244.23,554328703.29,22075.0
indonesia80_3,distributed,300.0,344.0,109.44,81.4,81.21,33.33,51.15,9.38,86423428.82,557628348.61,55738.0
indonesia80_3,concentration2_cluster_9_group_none,300.0,344.0,110.98,81.98,81.35,83.33,51.86,9.38,64443421.35,382696737.49,55459.0
tokyo21_17,concentration2_cluster_9_group_none,300.0,293.0,107.92,84.3,83.44,100.0,29.53,2.17,259063833.91,1265337020.12,40587.0
tokyo21_17,distributed,300.0,293.0,109.18,84.64,83.59,100.0,31.4,6.52,87830719.52,423749329.14,39856.0
slovenia06_4,distributed,300.0,320.0,119.96,85.0,83.63,72.73,62.46,21.15,91011929.78,548591070.47,41240.0
slovenia06_4,concentration2_cluster_9_group_none,300.0,320.0,122.25,85.31,83.93,71.43,60.1,26.92,76188837.84,487097380.57,39644.0
iceland06_20,distributed,300.0,209.0,95.49,89.0,86.67,87.5,80.15,27.59,108077261.6,622896716.62,21888.0
iceland06_20,concentration2_cluster_9_group_none,300.0,209.0,94.0,89.0,86.35,81.82,64.39,37.93,77324896.68,585327860.56,20760.0
ukraine01_1,distributed,300.0,284.0,106.76,84.86,83.72,87.5,69.28,16.67,141072129.22,564533263.4,39097.0
ukraine01_1,concentration2_cluster_9_group_none,300.0,284.0,105.42,84.51,83.55,80.0,64.44,10.42,194658570.49,1027725317.38,40468.0
okayama_3,distributed,300.0,293.0,167.51,91.47,90.6,100.0,62.21,13.79,101272202.74,398029095.76,24196.0
okayama_3,concentration2_cluster_9_group_none,300.0,293.0,174.05,92.83,91.07,88.89,63.1,31.03,57255560.34,273192269.09,21698.0
peru13_18,distributed,300.0,319.0,159.13,90.28,88.14,69.23,75.68,31.71,68489862.75,567735757.0,31330.0
peru13_18,concentration2_cluster_9_group_none,300.0,319.0,163.97,90.91,88.6,90.91,71.55,26.83,83443252.03,607003917.53,31545.0
myanmar14_11,distributed,300.0,241.0,55.67,77.18,75.87,0.0,35.14,1.79,130698721.5,0.0,49645.0
myanmar14_11,concentration2_cluster_9_group_none,300.0,241.0,55.67,77.18,75.87,0.0,35.6,0.0,0.0,801869995.84,50120.0
austria20_10,distributed,300.0,173.0,69.31,85.55,84.83,80.0,63.95,19.23,70924453.45,428335883.65,20991.0
austria20_10,concentration2_cluster_9_group_none,300.0,173.0,70.14,86.13,84.93,85.71,57.41,26.92,68308489.05,397513208.47,19795.0
hungary01_14,distributed,300.0,241.0,63.0,78.84,77.92,22.22,51.67,17.65,72136294.93,440271164.01,41133.0
hungary01_14,concentration2_cluster_9_group_none,300.0,241.0,63.72,79.67,77.94,57.14,54.78,13.73,111080128.99,253393001.78,42404.0
myanmar12_23,distributed,300.0,226.0,46.58,75.22,74.11,0.0,30.79,8.93,37984321.1,0.0,48222.0
myanmar12_23,concentration2_cluster_9_group_none,300.0,226.0,46.58,75.22,74.11,0.0,32.35,7.14,61414006.34,0.0,48730.0
peru19_21,distributed,300.0,331.0,138.68,86.1,85.59,54.55,55.09,23.4,75265555.65,719337243.6,38061.0
peru19_21,concentration2_cluster_9_group_none,300.0,331.0,139.2,86.4,85.6,100.0,54.48,17.02,95699865.17,488007517.06,38787.0
bolivia01_29,distributed,300.0,243.0,84.67,83.13,82.61,0.0,46.75,0.0,0.0,0.0,37590.0
bolivia01_29,concentration2_cluster_9_group_none,300.0,243.0,84.67,83.13,82.61,100.0,49.52,2.38,297778720.16,1418024731.54,37169.0
new-zealand20_6,distributed,300.0,330.0,151.49,89.09,86.74,70.59,80.83,39.53,61790403.51,400770040.49,30101.0
new-zealand20_6,concentration2_cluster_9_group_none,300.0,330.0,146.61,88.18,86.29,66.67,80.91,34.88,71908965.19,436428208.3,31465.0
argeria07_29,distributed,300.0,182.0,56.63,81.87,80.65,90.91,74.48,29.73,65946132.14,240147326.02,28736.0
argeria07_29,concentration2_cluster_9_group_none,300.0,182.0,58.74,82.97,81.12,100.0,78.31,32.43,58954289.47,175074940.22,27718.0
ishikawa_9,distributed,300.0,310.0,103.1,82.58,81.81,50.0,47.78,10.34,76649615.29,541410024.86,49618.0
ishikawa_9,concentration2_cluster_9_group_none,300.0,310.0,103.89,82.9,81.89,100.0,46.8,5.17,228560476.15,468022362.41,51070.0
peru24_25,concentration2_cluster_9_group_none,300.0,326.0,203.64,93.25,91.99,70.0,80.92,38.46,69709940.33,1193642920.9,19687.0
peru24_25,distributed,300.0,326.0,213.63,94.17,92.75,66.67,85.77,46.15,64207365.24,982591701.54,17669.0
chile21_8,distributed,300.0,147.0,50.64,83.67,82.25,85.71,81.88,26.92,85555556.31,300587019.43,20161.0
chile21_8,concentration2_cluster_9_group_none,300.0,147.0,53.95,86.39,82.88,90.0,79.79,38.46,53239617.9,199336552.91,19129.0
argentina10_7,distributed,300.0,336.0,113.54,82.74,82.09,80.0,35.94,9.09,232967729.72,314508637.37,46511.0
argentina10_7,concentration2_cluster_9_group_none,300.0,336.0,115.63,83.04,82.38,100.0,35.34,9.09,229294024.55,367096240.19,46046.0
sapporo_5,distributed,300.0,253.0,76.88,81.03,80.39,75.0,39.87,8.16,127468455.37,458092081.05,42156.0
sapporo_5,concentration2_cluster_9_group_none,300.0,253.0,76.87,81.42,80.28,42.86,37.37,14.29,75130703.46,567151273.03,41442.0
peru17_24,distributed,300.0,334.0,258.39,96.71,95.54,81.82,84.53,57.89,64933069.2,980549300.35,11090.0
peru17_24,concentration2_cluster_9_group_none,300.0,334.0,254.75,96.41,95.31,87.5,86.91,42.11,97102411.08,1221855039.23,12971.0
chile21_20,distributed,300.0,147.0,62.56,86.39,85.84,100.0,79.73,21.74,81395205.42,341205653.4,18099.0
chile21_20,concentration2_cluster_9_group_none,300.0,147.0,65.11,88.44,86.17,87.5,88.65,34.78,49751149.62,299808859.46,17352.0
america04_4,distributed,300.0,290.0,103.73,84.48,82.81,100.0,41.7,5.88,352891530.85,631807805.34,44169.0
america04_4,concentration2_cluster_9_group_none,300.0,290.0,105.39,84.83,83.05,71.43,38.51,13.73,156828053.68,710160700.04,42524.0
cuba02_10,distributed,300.0,244.0,89.85,84.02,83.5,60.0,42.92,25.0,65366633.88,408576024.92,31671.0
cuba02_10,concentration2_cluster_9_group_none,300.0,244.0,89.85,84.02,83.5,75.0,41.58,20.0,82700439.14,320393542.38,31628.0
chile01_10,distributed,300.0,375.0,166.31,87.73,86.36,55.0,78.96,37.04,62898764.75,550701701.52,40498.0
chile01_10,concentration2_cluster_9_group_none,300.0,375.0,169.69,88.53,86.58,64.0,70.28,46.3,44713680.23,382252206.51,36902.0
austria08_22,distributed,300.0,220.0,45.3,75.45,74.02,66.67,37.04,10.53,183261897.2,539070170.92,48111.0
austria08_22,concentration2_cluster_9_group_none,300.0,220.0,46.18,75.91,74.29,60.0,39.58,8.77,206615099.35,616388492.86,49204.0
tokyo21_20,distributed,300.0,293.0,86.38,80.89,79.81,0.0,36.37,3.57,153417721.47,424426976.3,49431.0
tokyo21_20,concentration2_cluster_9_group_none,300.0,293.0,86.38,80.89,79.81,100.0,36.42,1.79,462736388.82,467672892.89,49834.0
okayama_16,distributed,300.0,293.0,127.71,87.03,86.17,66.67,48.32,7.89,169557866.97,1000267789.26,32729.0
okayama_16,concentration2_cluster_9_group_none,300.0,293.0,128.21,87.03,86.25,57.14,52.73,18.42,79035879.25,703027743.38,31333.0
philippines25_8,concentration2_cluster_9_group_none,300.0,371.0,109.99,81.67,79.73,55.56,71.4,23.38,45446898.87,348022383.74,62282.0
philippines25_8,distributed,300.0,371.0,109.74,81.67,79.69,72.22,73.98,23.38,62134063.53,289892254.95,60953.0
chile03_11,distributed,300.0,319.0,108.23,82.76,82.17,70.0,41.44,17.86,110481150.31,470629267.0,46123.0
chile03_11,concentration2_cluster_9_group_none,300.0,319.0,108.34,82.76,82.19,78.57,41.15,25.0,73070414.83,406068566.72,43962.0
chile01_7,distributed,300.0,375.0,142.01,84.8,83.88,90.0,78.93,16.67,111054801.95,607015461.08,49253.0
chile01_7,concentration2_cluster_9_group_none,300.0,375.0,143.17,85.07,83.98,63.16,72.26,31.67,54758396.73,463114087.16,45086.0
italy36_12,distributed,300.0,281.0,137.29,90.04,87.77,87.5,96.89,40.0,49263258.86,399754911.75,29157.0
italy36_12,concentration2_cluster_9_group_none,300.0,281.0,131.7,89.68,87.02,68.42,85.14,47.5,45145627.29,406169636.85,27831.0
philippines22_5,distributed,300.0,329.0,80.19,78.12,76.71,33.33,26.52,3.9,147960381.44,554349385.72,67403.0
philippines22_5,concentration2_cluster_9_group_none,300.0,329.0,80.32,78.12,76.74,100.0,25.63,2.6,214923698.87,647978480.31,67662.0
new-zealand20_9,distributed,300.0,330.0,169.98,90.0,88.84,77.78,82.34,23.68,128941874.77,750557951.88,30338.0
new-zealand20_9,concentration2_cluster_9_group_none,300.0,330.0,175.15,90.91,89.24,50.0,76.49,47.37,57406537.3,634843561.73,26405.0
ecuador01_17,distributed,300.0,325.0,209.73,94.15,92.45,58.82,82.28,62.96,46370253.97,544373686.37,16417.0
ecuador01_17,concentration2_cluster_9_group_none,300.0,325.0,219.47,95.38,93.09,93.75,85.59,59.26,47794193.36,389196068.87,16367.0
philippines30_15,distributed,300.0,290.0,79.73,79.66,78.72,15.38,60.56,20.97,68536718.79,1015057976.65,49204.0
philippines30_15,concentration2_cluster_9_group_none,300.0,290.0,80.25,80.34,78.68,58.33,60.46,19.35,71482531.67,377464997.02,50741.0
hungary01_29,distributed,300.0,241.0,88.71,84.65,83.34,64.29,61.79,34.15,45838944.02,204611612.66,30093.0
hungary01_29,concentration2_cluster_9_group_none,300.0,241.0,90.28,85.06,83.6,90.91,60.8,26.83,65231397.1,254117817.17,31848.0
america20_18,distributed,300.0,323.0,93.11,80.5,79.46,33.33,23.95,9.52,124033548.61,1249259142.14,53961.0
america20_18,concentration2_cluster_9_group_none,300.0,323.0,95.3,80.8,79.85,50.0,23.21,6.35,231562348.75,1291547478.13,54005.0
russia08_6,distributed,300.0,264.0,129.37,90.15,87.81,78.57,76.84,40.0,73983046.83,500549468.52,24405.0
russia08_6,concentration2_cluster_9_group_none,300.0,264.0,120.5,87.5,86.98,66.67,77.7,42.86,65160654.19,465342801.59,25292.0
argeria01_3,distributed,300.0,235.0,160.13,94.47,93.47,100.0,72.55,31.25,72579083.68,780689966.84,11441.0
argeria01_3,concentration2_cluster_9_group_none,300.0,235.0,153.74,93.19,92.92,100.0,60.02,25.0,87609744.66,875216850.03,12018.0
ukraine12_11,distributed,300.0,255.0,67.83,80.39,77.88,83.33,51.65,21.82,90208290.11,168200308.11,43681.0
ukraine12_11,concentration2_cluster_9_group_none,300.0,255.0,62.27,77.65,76.86,66.67,52.4,16.36,117909945.06,241723581.86,45418.0
netherlands04_23,distributed,300.0,342.0,80.95,77.78,76.21,75.0,48.74,10.0,131435831.48,309959011.86,68337.0
netherlands04_23,concentration2_cluster_9_group_none,300.0,342.0,79.2,77.49,75.85,36.36,48.09,13.75,87621448.3,500758722.2,66630.0
myanmar11_5,distributed,300.0,235.0,45.66,74.04,73.24,43.75,46.58,25.81,53214069.34,340877948.27,49069.0
myanmar11_5,concentration2_cluster_9_group_none,300.0,235.0,46.47,74.47,73.48,73.33,45.35,24.19,49202556.27,238284262.2,48512.0
philippines20_27,distributed,300.0,324.0,100.38,81.79,80.58,20.0,47.12,8.47,118680690.77,658283592.19,51393.0
philippines20_27,concentration2_cluster_9_group_none,300.0,324.0,100.48,81.79,80.61,57.14,51.8,11.86,83928524.38,482144422.03,49717.0
tokyo21_7,distributed,300.0,293.0,121.21,86.01,85.36,50.0,36.74,4.76,103174357.23,1685163965.79,36421.0
tokyo21_7,concentration2_cluster_9_group_none,300.0,293.0,121.21,86.01,85.36,100.0,35.34,2.38,181617536.8,1971577890.8,37394.0
serbia04_8,distributed,300.0,251.0,78.98,82.47,80.73,80.0,49.82,10.64,112368439.9,500446075.29,40050.0
serbia04_8,concentration2_cluster_9_group_none,300.0,251.0,81.0,83.27,81.04,87.5,50.72,17.02,79406472.55,369898649.95,38811.0
chile23_12,distributed,300.0,334.0,117.01,83.53,82.62,77.78,59.73,16.07,120719155.57,403457006.72,46334.0
chile23_12,concentration2_cluster_9_group_none,300.0,334.0,117.93,83.83,82.71,61.54,54.76,23.21,75703818.96,409118831.01,44263.0
hukuoka01_10,distributed,300.0,367.0,176.07,89.37,87.56,70.0,84.67,40.0,61601823.77,463713917.0,34818.0
hukuoka01_10,concentration2_cluster_9_group_none,300.0,367.0,178.1,90.19,87.6,78.95,80.49,38.0,57494115.81,440196161.97,36442.0
china41_8,distributed,300.0,241.0,90.19,85.06,83.58,66.67,71.26,21.43,80406928.67,448090007.12,33168.0
china41_8,concentration2_cluster_9_group_none,300.0,241.0,91.94,86.31,83.67,73.33,62.26,35.71,46692037.45,314721514.02,30660.0
peru19_9,distributed,300.0,331.0,117.36,83.38,82.9,100.0,52.76,9.43,172958253.12,727139476.38,45765.0
peru19_9,concentration2_cluster_9_group_none,300.0,331.0,122.14,84.29,83.48,66.67,55.3,16.98,94667255.09,558937813.74,43454.0
austria20_8,distributed,300.0,173.0,54.71,83.24,80.65,66.67,62.39,34.29,40585774.86,217633848.61,26297.0
austria20_8,concentration2_cluster_9_group_none,300.0,173.0,52.94,81.5,80.41,41.67,62.94,34.29,46568719.39,264149718.78,25670.0
india13_29,distributed,300.0,243.0,92.52,85.19,83.89,75.0,51.92,10.53,171756642.22,497427870.15,31993.0
india13_29,concentration2_cluster_9_group_none,300.0,243.0,93.17,85.6,83.94,71.43,54.17,18.42,96269795.05,391440248.76,30748.0
greece06_21,concentration2_cluster_9_group_none,300.0,342.0,137.76,85.67,84.91,75.0,40.81,15.38,69783747.95,504954225.23,42572.0
greece06_21,distributed,300.0,342.0,134.58,85.09,84.58,80.0,41.05,9.62,132905346.11,939151362.28,44756.0
venezuela01_13,distributed,300.0,299.0,263.34,99.33,97.59,100.0,98.55,80.0,33145279.47,778578938.91,4595.0
venezuela01_13,concentration2_cluster_9_group_none,300.0,299.0,255.68,98.33,97.21,100.0,92.57,90.0,28853609.56,663369645.37,3985.0
myanmar13_14,distributed,300.0,228.0,57.04,78.95,77.02,0.0,36.17,1.89,324157193.44,267630598.97,47233.0
myanmar13_14,concentration2_cluster_9_group_none,300.0,228.0,57.7,79.39,77.13,100.0,36.36,3.77,160246753.43,196469931.01,46692.0
myanmar03,distributed,300.0,240.0,85.72,84.17,82.86,0.0,32.61,2.38,323349794.56,1137699414.38,37052.0
myanmar03,concentration2_cluster_9_group_none,300.0,240.0,85.72,84.17,82.86,0.0,32.71,2.38,324268925.24,1605670628.94,36869.0
myanmar12_3,distributed,300.0,226.0,44.67,74.78,73.39,0.0,36.05,1.69,319774634.17,0.0,52747.0
myanmar12_3,concentration2_cluster_9_group_none,300.0,226.0,44.67,74.78,73.39,0.0,34.41,0.0,0.0,653706721.79,52805.0
argeria07_22,concentration2_cluster_9_group_none,300.0,182.0,64.38,84.62,82.56,54.55,76.38,34.38,63967776.47,232531465.29,24102.0
argeria07_22,distributed,300.0,182.0,65.26,85.71,82.57,72.73,80.45,34.38,66522789.22,225197113.83,24024.0
america52,distributed,300.0,375.0,125.12,83.73,81.6,75.0,46.97,22.86,78206990.8,379994905.81,54477.0
america52,concentration2_cluster_9_group_none,300.0,375.0,130.1,84.8,82.12,66.67,46.66,25.71,72925674.26,482238851.21,54676.0
myanmar14_18,distributed,300.0,241.0,56.4,76.76,76.24,100.0,24.26,3.64,55811005.57,162831086.41,48791.0
myanmar14_18,concentration2_cluster_9_group_none,300.0,241.0,56.4,76.76,76.24,0.0,24.73,7.27,45152108.01,872482771.48,48468.0
america03_17,distributed,300.0,334.0,104.44,81.44,80.86,84.62,47.49,21.31,82487052.79,275584146.12,48609.0
america03_17,concentration2_cluster_9_group_none,300.0,334.0,103.57,81.14,80.76,66.67,51.33,19.67,75924397.36,345099637.94,49552.0
eritrea02_25,concentration2_cluster_9_group_none,300.0,195.0,82.72,86.15,85.83,100.0,66.37,25.0,84648884.35,381781519.21,20940.0
eritrea02_25,distributed,300.0,195.0,87.78,87.69,86.66,100.0,70.58,28.57,76954471.12,367312051.54,21047.0
venezuela01_11,concentration2_cluster_9_group_none,300.0,299.0,219.44,95.65,94.7,62.5,89.43,50.0,59149245.13,1145262968.31,10394.0
venezuela01_11,distributed,300.0,299.0,212.35,94.98,94.19,66.67,98.04,37.5,79801242.32,1105315875.21,11407.0
austria13_15,distributed,300.0,188.0,67.85,84.57,82.97,71.43,38.91,20.0,74639848.71,291359445.62,27538.0
austria13_15,concentration2_cluster_9_group_none,300.0,188.0,72.38,86.17,83.89,100.0,32.06,22.86,57055507.48,174429726.95,26868.0
austria22_21,distributed,300.0,315.0,94.04,80.95,80.05,55.56,53.45,14.29,98294350.45,461117449.63,52002.0
austria22_21,concentration2_cluster_9_group_none,300.0,315.0,97.4,81.9,80.52,100.0,50.31,17.46,87749040.28,308345526.69,50224.0
india13_11,distributed,300.0,243.0,87.95,83.95,83.17,100.0,52.91,22.5,59413666.58,435295943.63,31573.0
india13_11,concentration2_cluster_9_group_none,300.0,243.0,87.95,83.95,83.17,85.71,52.85,17.5,72757419.58,567154805.94,32292.0
italy54_14,distributed,300.0,336.0,97.07,81.25,79.32,70.0,61.19,14.29,170246214.61,719448915.12,58800.0
italy54_14,concentration2_cluster_9_group_none,300.0,336.0,105.92,82.74,80.7,100.0,60.05,20.0,116433049.86,386220879.15,54713.0
austria32_22,concentration2_cluster_9_group_none,300.0,327.0,177.74,92.05,89.46,78.95,86.19,46.34,56925825.1,331784546.68,27289.0
austria32_22,distributed,300.0,327.0,172.38,91.13,89.05,81.25,80.1,39.02,65922736.62,419095324.97,29680.0
netherlands04_1,distributed,300.0,342.0,74.77,76.02,75.07,42.86,40.69,8.54,171891666.61,577893112.39,70038.0
netherlands04_1,concentration2_cluster_9_group_none,300.0,342.0,75.19,76.32,75.11,100.0,38.73,10.98,120898873.47,271545150.66,69034.0
ejypt04_8,distributed,300.0,250.0,56.17,76.8,75.42,66.67,71.34,14.29,130055615.36,640812237.3,52989.0
ejypt04_8,concentration2_cluster_9_group_none,300.0,250.0,53.86,76.0,74.79,86.67,66.02,23.81,75905500.41,342838842.19,50655.0
peru24_22,distributed,300.0,326.0,261.39,96.93,96.21,87.5,93.93,61.54,69992216.89,917043770.59,7541.0
peru24_22,concentration2_cluster_9_group_none,300.0,326.0,263.68,97.24,96.32,85.71,89.93,53.85,81449786.71,866991067.31,8349.0
ibaragi_20,distributed,300.0,258.0,73.94,80.23,79.41,80.0,42.98,9.43,101702838.21,311315904.17,45261.0
ibaragi_20,concentration2_cluster_9_group_none,300.0,258.0,78.15,81.4,80.23,90.0,47.77,18.87,43190491.96,187308521.43,42616.0
china19_4,distributed,300.0,276.0,168.24,92.75,91.6,50.0,95.79,54.55,67690992.57,838998305.94,14119.0
china19_4,concentration2_cluster_9_group_none,300.0,276.0,175.21,94.57,92.03,72.73,97.74,50.0,75062500.42,578771025.45,14492.0
myanmar03_20,distributed,300.0,240.0,55.81,76.67,76.14,33.33,26.79,5.36,176694993.85,942421078.14,48914.0
myanmar03_20,concentration2_cluster_9_group_none,300.0,240.0,55.81,76.67,76.14,100.0,25.89,5.36,198286942.63,424627106.05,48911.0
greece22_15,distributed,300.0,348.0,129.39,84.2,83.65,54.55,63.68,20.0,90597049.5,695079095.96,44411.0
greece22_15,concentration2_cluster_9_group_none,300.0,348.0,129.39,84.2,83.65,42.86,65.23,25.45,69350193.44,645848630.46,42212.0
bulgaria05_11,distributed,300.0,180.0,47.71,79.44,78.05,33.33,35.61,8.33,124279339.3,421852200.47,30891.0
bulgaria05_11,concentration2_cluster_9_group_none,300.0,180.0,47.71,79.44,78.05,66.67,34.1,8.33,132335988.21,267262066.7,30828.0
belize04_6,distributed,300.0,338.0,116.79,84.02,82.23,70.0,61.65,15.63,84169248.91,426247536.82,53682.0
belize04_6,concentration2_cluster_9_group_none,300.0,338.0,117.39,84.32,82.26,61.11,60.14,28.13,37008924.63,369383309.67,50356.0
ukraine01_3,distributed,300.0,284.0,113.5,86.97,84.45,70.59,62.12,37.78,60741364.06,293961758.77,32107.0
ukraine01_3,concentration2_cluster_9_group_none,300.0,284.0,122.38,88.38,85.63,80.0,71.75,33.33,71233781.15,309693061.9,33462.0
india10_26,concentration2_cluster_9_group_none,300.0,247.0,75.3,80.97,80.46,0.0,34.16,6.25,85507668.08,0.0,41793.0
india10_26,distributed,300.0,247.0,75.3,80.97,80.46,50.0,36.14,4.17,123439959.64,949586636.11,42082.0
bulgaria05_17,distributed,300.0,180.0,58.26,82.78,81.22,100.0,41.22,9.09,116037494.24,528829803.77,27741.0
bulgaria05_17,concentration2_cluster_9_group_none,300.0,180.0,59.21,82.78,81.54,100.0,37.25,12.12,74751949.34,355696312.87,27233.0
turkey18_5,distributed,300.0,253.0,75.25,81.42,79.86,69.23,64.14,25.49,77032247.32,419083680.06,40160.0
turkey18_5,concentration2_cluster_9_group_none,300.0,253.0,80.29,83.4,80.68,100.0,69.17,27.45,80236736.69,280696198.92,38068.0
italy16_7,distributed,300.0,214.0,68.41,82.24,81.1,62.5,89.23,21.05,100639490.68,538015723.64,30897.0
italy16_7,concentration2_cluster_9_group_none,300.0,214.0,71.92,83.64,81.76,100.0,84.99,26.32,56795950.24,287137585.77,29920.0
russia08_26,distributed,300.0,264.0,86.26,84.09,81.09,86.67,74.98,27.27,91032048.6,398307230.64,42058.0
russia08_26,concentration2_cluster_9_group_none,300.0,264.0,87.53,84.47,81.3,66.67,60.44,38.18,59044544.53,330232138.1,39895.0
ukraine12,distributed,300.0,255.0,70.08,80.39,78.53,100.0,55.26,15.69,110702758.45,314362208.18,41530.0
ukraine12,concentration2_cluster_9_group_none,300.0,255.0,69.88,80.0,78.57,100.0,48.9,15.69,101970522.81,312452696.39,42478.0
belize01_7,distributed,300.0,324.0,101.56,82.1,80.74,66.67,24.44,4.62,118016852.18,410966687.44,56744.0
belize01_7,concentration2_cluster_9_group_none,300.0,324.0,103.01,82.41,80.95,100.0,24.17,9.23,65140807.67,199647339.46,55469.0
netherlands04_14,distributed,300.0,342.0,97.56,80.7,79.2,53.33,48.11,21.13,,,
netherlands04_14,concentration2_cluster_9_group_none,300.0,342.0,97.55,80.7,79.2,73.68,49.71,26.76,,,
argentina10_11,concentration2_cluster_9_group_none,300.0,336.0,111.91,83.33,81.66,66.67,32.04,14.52,,,
argentina10_11,distributed,300.0,336.0,110.19,83.04,81.42,77.78,32.74,14.52,,,
ecuador01_12,distributed,300.0,325.0,207.8,94.77,92.13,75.0,92.7,64.52,,,
ecuador01_12,concentration2_cluster_9_group_none,300.0,325.0,204.68,93.85,92.02,88.89,91.39,58.06,,,
chile23_8,concentration2_cluster_9_group_none,300.0,334.0,120.2,84.13,83.02,70.0,59.61,17.24,,,
chile23_8,distributed,300.0,334.0,120.17,84.13,83.01,63.64,60.66,18.97,,,
chile21_2,distributed,300.0,147.0,71.6,89.8,87.77,100.0,85.96,26.32,,,
chile21_2,concentration2_cluster_9_group_none,300.0,147.0,71.77,89.12,87.97,83.33,83.95,31.58,,,
belize04_2,distributed,300.0,338.0,139.83,86.39,85.27,71.43,60.34,13.73,,,
belize04_2,concentration2_cluster_9_group_none,300.0,338.0,138.43,86.09,85.14,72.73,57.57,21.57,,,
venezuela02_19,distributed,300.0,295.0,204.55,94.92,93.72,83.33,68.06,52.17,,,
venezuela02_19,concentration2_cluster_9_group_none,300.0,295.0,207.29,94.92,93.99,100.0,73.61,43.48,,,
italy54_20,distributed,300.0,336.0,133.45,86.01,84.55,66.67,69.32,22.64,,,
italy54_20,concentration2_cluster_9_group_none,300.0,336.0,134.33,86.01,84.68,53.85,70.44,24.53,,,
bulgaria05_22,distributed,300.0,180.0,40.98,76.67,75.72,100.0,42.58,8.89,,,
bulgaria05_22,concentration2_cluster_9_group_none,300.0,180.0,41.49,77.22,75.82,100.0,40.28,6.67,,,
indonesia79_28,concentration2_cluster_9_group_none,300.0,318.0,99.29,81.13,80.9,72.73,78.45,19.3,,,
indonesia79_28,distributed,300.0,318.0,101.13,82.39,80.96,60.0,82.37,26.32,,,
romania06_1,concentration2_cluster_9_group_none,300.0,234.0,111.11,90.6,87.08,81.25,98.76,50.0,,,
romania06_1,distributed,300.0,234.0,108.56,89.74,86.8,75.0,94.48,37.5,,,
chile03_27,concentration2_cluster_9_group_none,300.0,319.0,115.22,84.33,83.04,63.64,46.32,20.75,,,
chile03_27,distributed,300.0,319.0,117.07,84.64,83.29,100.0,47.7,11.32,,,
canada34_8,concentration2_cluster_9_group_none,300.0,279.0,98.79,84.59,82.58,71.43,62.92,27.45,,,
canada34_8,distributed,300.0,279.0,94.31,83.51,81.91,50.0,72.47,23.53,,,
romania06_25,distributed,300.0,234.0,120.4,91.03,88.59,75.0,94.36,50.0,,,
romania06_25,concentration2_cluster_9_group_none,300.0,234.0,122.0,91.03,88.85,81.82,95.75,34.38,,,
chile21_4,distributed,300.0,147.0,53.66,85.03,83.09,81.82,59.86,44.0,,,
chile21_4,concentration2_cluster_9_group_none,300.0,147.0,60.83,89.12,84.66,81.82,67.33,44.0,,,
canada34_15,distributed,300.0,279.0,87.93,81.72,80.94,66.67,66.67,17.65,,,
canada34_15,concentration2_cluster_9_group_none,300.0,279.0,89.33,82.08,81.17,71.43,60.11,13.73,,,
ukraine01_12,concentration2_cluster_9_group_none,300.0,284.0,89.25,82.75,80.64,53.33,69.99,27.78,,,
ukraine01_12,distributed,300.0,284.0,85.0,80.63,80.18,20.0,72.92,18.52,,,
tokyo21_10,distributed,300.0,293.0,139.43,88.05,87.69,100.0,40.73,2.78,,,
tokyo21_10,concentration2_cluster_9_group_none,300.0,293.0,139.56,88.05,87.71,100.0,41.05,5.56,,,
tokyo12_7,distributed,300.0,352.0,82.01,76.7,76.17,0.0,42.93,3.7,,,
tokyo12_7,concentration2_cluster_9_group_none,300.0,352.0,82.01,76.7,76.17,100.0,41.93,1.23,,,
china19_15,concentration2_cluster_9_group_none,300.0,276.0,169.0,93.48,91.54,100.0,100.0,40.0,,,
china19_15,distributed,300.0,276.0,166.44,92.75,91.39,46.67,98.91,60.0,,,
philippines25_26,distributed,300.0,371.0,119.86,82.75,81.19,41.67,71.4,17.91,,,
philippines25_26,concentration2_cluster_9_group_none,300.0,371.0,119.58,82.21,81.27,31.25,67.75,23.88,,,
bulgaria05_27,concentration2_cluster_9_group_none,300.0,180.0,49.55,80.56,78.52,100.0,42.23,15.79,,,
bulgaria05_27,distributed,300.0,180.0,48.72,80.0,78.33,100.0,40.0,13.16,,,
ishikawa_12,distributed,300.0,310.0,126.4,86.13,85.04,25.0,44.99,9.09,,,
ishikawa_12,concentration2_cluster_9_group_none,300.0,310.0,125.61,85.81,84.99,100.0,41.66,2.27,,,
turkey33_20,distributed,300.0,267.0,146.55,91.01,89.89,75.0,84.48,28.57,,,
turkey33_20,concentration2_cluster_9_group_none,300.0,267.0,149.52,92.13,90.04,100.0,79.4,25.0,,,
america52_14,concentration2_cluster_9_group_none,300.0,375.0,112.04,81.33,79.97,54.55,52.71,14.67,,,
america52_14,distributed,300.0,375.0,113.81,81.6,80.22,71.43,50.97,9.33,,,
congo10_5,distributed,300.0,335.0,96.75,80.6,79.47,25.0,31.77,6.15,,,
congo10_5,concentration2_cluster_9_group_none,300.0,335.0,96.75,80.6,79.47,33.33,32.17,4.62,,,
argeria01_21,distributed,300.0,235.0,139.79,92.77,91.11,55.56,74.0,42.86,,,
argeria01_21,concentration2_cluster_9_group_none,300.0,235.0,140.17,92.77,91.17,90.0,73.86,47.62,,,
myanmar03_3,concentration2_cluster_9_group_none,300.0,240.0,66.17,79.17,78.91,75.0,27.09,8.16,,,
myanmar03_3,distributed,300.0,240.0,66.17,79.17,78.91,40.0,27.69,10.2,,,
america35_3,distributed,300.0,342.0,96.76,80.7,79.04,38.46,39.18,18.57,,,
america35_3,concentration2_cluster_9_group_none,300.0,342.0,97.88,80.7,79.27,60.0,36.87,14.29,,,
iceland06_6,distributed,300.0,209.0,114.51,92.34,89.56,75.0,72.48,48.0,,,
iceland06_6,concentration2_cluster_9_group_none,300.0,209.0,107.44,90.91,88.6,60.0,74.42,40.0,,,
canada33_27,distributed,300.0,237.0,60.75,78.9,77.51,44.44,45.46,18.37,,,
canada33_27,concentration2_cluster_9_group_none,300.0,237.0,60.3,78.48,77.47,62.5,43.87,16.33,,,
bulgaria06_16,concentration2_cluster_9_group_none,300.0,241.0,84.08,83.82,82.47,62.5,52.38,20.0,,,
bulgaria06_16,distributed,300.0,241.0,80.45,82.99,81.79,55.56,55.93,22.5,,,
belize04_21,distributed,300.0,338.0,103.58,81.07,80.54,71.43,58.36,11.86,,,
belize04_21,concentration2_cluster_9_group_none,300.0,338.0,106.85,81.95,80.95,71.43,56.65,11.86,,,
turkey13_3,distributed,300.0,254.0,139.92,92.13,89.72,66.67,62.84,42.86,,,
turkey13_3,concentration2_cluster_9_group_none,300.0,254.0,139.97,91.34,89.89,84.62,84.32,46.43,,,
argentina10_4,concentration2_cluster_9_group_none,300.0,336.0,107.58,83.63,80.8,100.0,29.88,17.39,,,
argentina10_4,distributed,300.0,336.0,103.94,82.74,80.32,80.0,32.44,14.49,,,
turkey13_1,concentration2_cluster_9_group_none,300.0,254.0,156.54,93.7,91.62,100.0,62.08,26.09,,,
turkey13_1,distributed,300.0,254.0,150.92,92.13,91.23,100.0,65.49,13.04,,,
turkey13_15,distributed,300.0,254.0,180.73,95.28,94.16,100.0,60.77,12.5,,,
turkey13_15,concentration2_cluster_9_group_none,300.0,254.0,183.62,95.28,94.48,66.67,62.19,18.75,,,
argeria01_20,distributed,300.0,235.0,123.88,89.79,89.35,83.33,70.11,23.08,,,
argeria01_20,concentration2_cluster_9_group_none,300.0,235.0,123.54,89.79,89.29,80.0,61.04,19.23,,,
belize04_15,distributed,300.0,338.0,123.26,84.62,83.17,57.89,61.2,32.76,,,
belize04_15,concentration2_cluster_9_group_none,300.0,338.0,123.06,84.32,83.2,83.33,58.77,20.69,,,
tokyo21_16,concentration2_cluster_9_group_none,300.0,293.0,106.82,83.96,83.32,33.33,34.68,6.25,,,
tokyo21_16,distributed,300.0,293.0,106.82,83.96,83.32,25.0,34.95,8.33,,,
myanmar13_1,concentration2_cluster_9_group_none,300.0,228.0,60.27,78.95,78.12,100.0,38.42,2.0,,,
myanmar13_1,distributed,300.0,228.0,60.27,78.95,78.12,100.0,39.65,4.0,,,
austria37_13,distributed,300.0,334.0,129.29,86.23,83.98,42.86,81.43,36.84,,,
austria37_13,concentration2_cluster_9_group_none,300.0,334.0,137.15,87.13,84.96,54.55,84.31,38.6,,,
china41_11,concentration2_cluster_9_group_none,300.0,241.0,92.58,85.48,84.0,70.0,61.61,25.0,,,
china41_11,distributed,300.0,241.0,90.9,85.06,83.73,83.33,56.49,15.0,,,
chile23_24,distributed,300.0,334.0,126.21,84.43,83.92,66.67,65.55,11.11,,,
chile23_24,concentration2_cluster_9_group_none,300.0,334.0,125.86,84.43,83.87,85.71,61.75,12.96,,,
austria20_16,distributed,300.0,173.0,80.47,88.44,87.15,100.0,52.61,4.35,,,
austria20_16,concentration2_cluster_9_group_none,300.0,173.0,79.9,87.86,87.14,100.0,51.12,4.35,,,
china41_10,concentration2_cluster_9_group_none,300.0,241.0,97.92,85.89,85.03,57.14,57.77,18.42,,,
china41_10,distributed,300.0,241.0,107.15,88.8,86.16,80.0,71.04,39.47,,,
myanmar11_14,distributed,300.0,235.0,72.66,82.13,80.46,63.64,58.73,25.58,,,
myanmar11_14,concentration2_cluster_9_group_none,300.0,235.0,73.21,82.55,80.51,100.0,55.3,16.28,,,
bulgaria06_9,distributed,300.0,241.0,96.87,87.55,84.43,85.71,62.3,33.33,,,
bulgaria06_9,concentration2_cluster_9_group_none,300.0,241.0,101.1,88.38,85.1,93.33,65.44,35.71,,,
germany08_1,distributed,300.0,269.0,111.04,86.62,85.18,70.0,71.05,25.0,,,
germany08_1,concentration2_cluster_9_group_none,300.0,269.0,112.2,87.36,85.21,83.33,75.7,30.0,,,
greece22_23,distributed,300.0,348.0,126.84,84.48,83.19,80.0,58.24,8.47,,,
greece22_23,concentration2_cluster_9_group_none,300.0,348.0,130.22,85.34,83.51,58.33,57.51,20.34,,,
tokyo03_1,distributed,300.0,237.0,107.62,87.76,86.82,50.0,34.55,6.25,,,
tokyo03_1,concentration2_cluster_9_group_none,300.0,237.0,105.64,87.34,86.55,100.0,32.38,3.13,,,
canada34_26,distributed,300.0,279.0,106.11,85.3,83.84,60.0,64.11,20.83,,,
canada34_26,concentration2_cluster_9_group_none,300.0,279.0,102.64,84.95,83.26,100.0,62.54,16.67,,,
china41_2,concentration2_cluster_9_group_none,300.0,241.0,74.01,81.74,80.42,72.73,62.29,22.92,,,
china41_2,distributed,300.0,241.0,72.42,81.74,79.99,62.5,61.91,16.67,,,
america35_11,distributed,300.0,342.0,75.34,76.32,75.15,63.64,38.91,13.1,,,
america35_11,concentration2_cluster_9_group_none,300.0,342.0,76.75,76.9,75.37,40.0,37.69,17.86,,,
congo10_25,distributed,300.0,335.0,140.09,86.27,85.52,0.0,33.66,2.08,,,
congo10_25,concentration2_cluster_9_group_none,300.0,335.0,140.09,86.27,85.52,0.0,34.08,0.0,,,
italy36_18,distributed,300.0,281.0,108.33,85.41,84.09,52.38,83.57,46.67,,,
italy36_18,concentration2_cluster_9_group_none,300.0,281.0,117.44,86.83,85.37,50.0,92.16,40.0,,,
congo10_22,distributed,300.0,335.0,110.21,82.39,81.64,33.33,29.86,5.17,,,
congo10_22,concentration2_cluster_9_group_none,300.0,335.0,110.21,82.39,81.64,0.0,30.02,1.72,,,
iceland06_28,concentration2_cluster_9_group_none,300.0,209.0,99.21,88.52,87.54,66.67,72.33,31.03,,,
iceland06_28,distributed,300.0,209.0,103.8,90.43,88.01,75.0,74.55,41.38,,,
myanmar12_26,distributed,300.0,226.0,67.8,80.97,80.14,100.0,30.35,2.27,,,
myanmar12_26,concentration2_cluster_9_group_none,300.0,226.0,67.8,80.97,80.14,0.0,31.27,0.0,,,
mongolia05_21,distributed,300.0,250.0,156.38,94.4,91.77,58.33,94.38,50.0,,,
mongolia05_21,concentration2_cluster_9_group_none,300.0,250.0,149.18,93.2,91.08,88.89,97.56,37.5,,,
myanmar03_26,distributed,300.0,240.0,67.02,80.0,78.95,80.0,25.5,10.2,,,
myanmar03_26,concentration2_cluster_9_group_none,300.0,240.0,67.02,80.0,78.95,80.0,25.75,10.2,,,
chile01_25,concentration2_cluster_9_group_none,300.0,375.0,127.08,83.73,81.91,77.78,80.5,25.71,,,
chile01_25,distributed,300.0,375.0,125.17,82.93,81.8,66.67,83.81,30.0,,,
chile47_19,distributed,300.0,375.0,236.02,93.87,92.01,73.68,94.21,57.58,,,
chile47_19,concentration2_cluster_9_group_none,300.0,375.0,247.78,95.2,92.7,94.74,89.6,57.58,,,
argeria01_27,distributed,300.0,235.0,145.44,92.34,92.0,33.33,68.79,15.79,,,
argeria01_27,concentration2_cluster_9_group_none,300.0,235.0,145.32,92.34,91.98,100.0,65.53,15.79,,,
belgium04_1,distributed,300.0,326.0,96.73,81.6,79.77,87.5,31.7,11.94,,,
belgium04_1,concentration2_cluster_9_group_none,300.0,326.0,95.57,81.29,79.6,85.71,32.12,10.45,,,
myanmar15_7,distributed,300.0,255.0,79.75,81.57,80.83,100.0,30.13,13.04,,,
myanmar15_7,concentration2_cluster_9_group_none,300.0,255.0,79.75,81.57,80.83,100.0,32.83,8.7,,,
myanmar03_24,concentration2_cluster_9_group_none,300.0,240.0,60.9,78.75,77.35,100.0,20.8,3.85,,,
myanmar03_24,distributed,300.0,240.0,60.37,78.33,77.28,50.0,22.37,3.85,,,
america03_14,distributed,300.0,334.0,110.24,83.23,81.5,83.33,48.97,19.35,,,
america03_14,concentration2_cluster_9_group_none,300.0,334.0,110.09,82.63,81.62,87.5,53.34,12.9,,,
chile01_16,concentration2_cluster_9_group_none,300.0,375.0,148.01,86.13,84.39,62.5,72.12,28.07,,,
chile01_16,distributed,300.0,375.0,149.71,86.4,84.56,78.57,74.88,24.56,,,
iceland07_21,distributed,300.0,244.0,62.52,79.92,77.25,81.25,71.13,28.07,,,
iceland07_21,concentration2_cluster_9_group_none,300.0,244.0,64.9,81.56,77.59,78.26,83.74,40.35,,,
chile21_19,distributed,300.0,147.0,54.09,86.39,82.93,72.73,66.02,37.93,,,
chile21_19,concentration2_cluster_9_group_none,300.0,147.0,55.67,87.07,83.35,85.71,68.02,48.28,,,
turkey33_29,distributed,300.0,267.0,127.81,89.14,87.56,66.67,88.89,35.29,,,
turkey33_29,concentration2_cluster_9_group_none,300.0,267.0,131.92,89.89,88.03,91.67,78.02,35.29,,,
canada33_2,distributed,300.0,237.0,70.33,81.01,79.91,75.0,60.07,17.78,,,
canada33_2,concentration2_cluster_9_group_none,300.0,237.0,69.91,80.59,79.9,57.14,59.03,15.56,,,
russia08_18,concentration2_cluster_9_group_none,300.0,264.0,91.34,84.47,82.15,60.0,72.14,30.0,,,
russia08_18,distributed,300.0,264.0,88.76,84.09,81.67,71.43,79.81,28.0,,,
congo10_29,distributed,300.0,335.0,117.61,83.28,82.72,0.0,31.34,3.85,,,
congo10_29,concentration2_cluster_9_group_none,300.0,335.0,117.61,83.28,82.72,100.0,32.17,1.92,,,
belgium04_7,distributed,300.0,326.0,76.67,77.3,76.2,60.0,27.84,6.94,,,
belgium04_7,concentration2_cluster_9_group_none,300.0,326.0,76.16,76.99,76.15,40.0,28.75,6.94,,,
iceland07_14,distributed,300.0,244.0,72.17,81.15,79.82,50.0,69.93,16.0,,,
iceland07_14,concentration2_cluster_9_group_none,300.0,244.0,71.41,80.74,79.71,62.5,78.3,16.0,,,
tokyo12_8,distributed,300.0,352.0,127.77,84.09,83.2,33.33,37.18,5.0,,,
tokyo12_8,concentration2_cluster_9_group_none,300.0,352.0,127.77,84.09,83.2,33.33,38.91,5.0,,,
austria32_28,distributed,300.0,327.0,138.27,86.85,85.6,61.9,84.67,41.18,,,
austria32_28,concentration2_cluster_9_group_none,300.0,327.0,143.83,88.07,86.11,88.24,84.4,33.33,,,
peru17_4,distributed,300.0,334.0,212.43,94.31,92.12,82.35,94.24,56.67,,,
peru17_4,concentration2_cluster_9_group_none,300.0,334.0,204.73,93.11,91.64,92.31,92.23,43.33,,,
canada33_19,distributed,300.0,237.0,77.77,82.7,81.51,66.67,56.67,14.29,,,
canada33_19,concentration2_cluster_9_group_none,300.0,237.0,78.25,82.7,81.64,100.0,52.93,11.9,,,
austria32_29,distributed,300.0,327.0,151.79,88.99,86.98,80.0,70.05,33.33,,,
austria32_29,concentration2_cluster_9_group_none,300.0,327.0,150.91,88.69,86.94,81.25,74.19,35.56,,,
myanmar15_18,distributed,300.0,255.0,70.31,80.39,78.6,25.0,36.84,14.81,,,
myanmar15_18,concentration2_cluster_9_group_none,300.0,255.0,70.61,80.39,78.68,0.0,34.24,12.96,,,
russia08_13,distributed,300.0,264.0,79.98,80.68,80.41,42.86,70.83,27.45,,,
russia08_13,concentration2_cluster_9_group_none,300.0,264.0,89.94,83.71,82.02,100.0,76.12,21.57,,,
tokyo03_29,distributed,300.0,237.0,123.46,89.45,89.19,0.0,41.62,0.0,,,
tokyo03_29,concentration2_cluster_9_group_none,300.0,237.0,123.46,89.45,89.19,0.0,40.21,4.35,,,
myanmar12_24,distributed,300.0,226.0,55.85,78.32,76.93,0.0,28.09,3.77,,,
myanmar12_24,concentration2_cluster_9_group_none,300.0,226.0,55.85,78.32,76.93,0.0,27.33,3.77,,,
singapore20_23,distributed,300.0,208.0,66.16,81.73,81.13,33.33,46.38,16.22,,,
singapore20_23,concentration2_cluster_9_group_none,300.0,208.0,68.18,82.69,81.49,66.67,49.67,16.22,,,
burundi03_12,distributed,300.0,236.0,69.8,80.93,79.87,20.0,34.85,11.36,,,
burundi03_12,concentration2_cluster_9_group_none,300.0,236.0,69.8,80.93,79.87,50.0,33.79,4.55,,,
myanmar14_26,concentration2_cluster_9_group_none,300.0,241.0,57.9,77.18,76.66,100.0,29.17,3.57,,,
myanmar14_26,distributed,300.0,241.0,57.9,77.18,76.66,100.0,29.09,1.79,,,
venezuela02_12,distributed,300.0,295.0,238.47,96.95,96.36,100.0,78.33,38.46,,,
venezuela02_12,concentration2_cluster_9_group_none,300.0,295.0,245.39,97.63,96.8,87.5,76.27,61.54,,,
bulgaria06_14,concentration2_cluster_9_group_none,300.0,241.0,89.74,84.65,83.58,73.33,59.06,40.54,,,
bulgaria06_14,distributed,300.0,241.0,89.28,84.65,83.47,84.62,64.94,35.14,,,
indonesia79_2,distributed,300.0,318.0,112.88,83.65,82.86,47.83,80.5,45.1,,,
indonesia79_2,concentration2_cluster_9_group_none,300.0,318.0,118.77,84.91,83.57,41.38,83.07,56.86,,,
china10_28,distributed,300.0,242.0,157.91,94.21,92.65,100.0,74.0,40.91,,,
china10_28,concentration2_cluster_9_group_none,300.0,242.0,158.65,94.63,92.66,100.0,70.2,40.91,,,
hukuoka01_3,concentration2_cluster_9_group_none,300.0,367.0,233.39,93.46,92.3,92.31,83.96,40.63,,,
hukuoka01_3,distributed,300.0,367.0,226.35,92.64,91.86,66.67,72.57,37.5,,,
china19_2,distributed,300.0,276.0,187.61,95.65,93.17,91.67,95.41,54.55,,,
china19_2,concentration2_cluster_9_group_none,300.0,276.0,185.65,94.93,93.11,84.62,90.49,59.09,,,
yamanashi_8,distributed,300.0,320.0,94.14,80.94,79.76,33.33,33.59,9.84,,,
yamanashi_8,concentration2_cluster_9_group_none,300.0,320.0,94.83,81.25,79.83,66.67,33.03,9.84,,,
india06_13,distributed,300.0,235.0,107.6,88.94,86.72,72.73,76.63,33.33,,,
india06_13,concentration2_cluster_9_group_none,300.0,235.0,110.27,89.79,87.02,90.91,76.28,33.33,,,
bulgaria05_2,concentration2_cluster_9_group_none,300.0,180.0,42.98,77.22,76.53,75.0,39.04,9.52,,,
bulgaria05_2,distributed,300.0,180.0,42.98,77.22,76.53,100.0,40.07,7.14,,,
okayama_27,distributed,300.0,293.0,109.42,84.64,83.63,76.92,53.54,27.08,,,
okayama_27,concentration2_cluster_9_group_none,300.0,293.0,108.52,84.3,83.55,63.64,56.38,22.92,,,
mongolia05,concentration2_cluster_9_group_none,300.0,250.0,151.05,93.2,91.33,66.67,72.45,37.5,,,
mongolia05,distributed,300.0,250.0,146.43,92.0,90.97,54.55,89.08,45.83,,,
chile03_8,distributed,300.0,319.0,93.38,80.88,79.67,60.0,49.17,24.19,,,
chile03_8,concentration2_cluster_9_group_none,300.0,319.0,96.52,82.13,80.03,81.82,45.95,17.74,,,
venezuela01_8,concentration2_cluster_9_group_none,300.0,299.0,186.7,92.64,92.11,85.71,80.69,26.92,,,
venezuela01_8,distributed,300.0,299.0,194.9,93.98,92.68,88.89,94.33,34.62,,,
peru17_13,concentration2_cluster_9_group_none,300.0,334.0,213.13,93.11,92.44,75.0,77.29,28.57,,,
peru17_13,distributed,300.0,334.0,221.99,94.61,92.94,84.62,87.26,46.43,,,
italy16_12,concentration2_cluster_9_group_none,300.0,214.0,94.17,87.38,86.28,90.0,82.68,33.33,,,
italy16_12,distributed,300.0,214.0,93.21,86.92,86.18,75.0,84.26,40.0,,,
tokyo21_12,distributed,300.0,293.0,115.02,84.98,84.55,0.0,35.44,0.0,,,
tokyo21_12,concentration2_cluster_9_group_none,300.0,293.0,115.02,84.98,84.55,0.0,36.58,0.0,,,
belize04_12,concentration2_cluster_9_group_none,300.0,338.0,128.49,85.8,83.72,88.89,56.6,16.07,,,
belize04_12,distributed,300.0,338.0,124.21,84.32,83.39,100.0,58.19,7.14,,,
croatia07_16,concentration2_cluster_9_group_none,300.0,221.0,84.26,84.16,84.16,100.0,37.2,6.25,,,
croatia07_16,distributed,300.0,221.0,84.26,84.16,84.16,100.0,36.1,3.13,,,
america35_23,concentration2_cluster_9_group_none,300.0,342.0,88.03,78.65,77.66,100.0,38.46,6.85,,,
america35_23,distributed,300.0,342.0,86.69,78.36,77.43,80.0,39.14,6.85,,,
sapporo_22,concentration2_cluster_9_group_none,300.0,253.0,105.21,86.56,85.34,100.0,36.25,5.26,,,
sapporo_22,distributed,300.0,253.0,103.38,86.17,85.08,100.0,37.62,7.89,,,
tokyo21_2,distributed,300.0,293.0,102.37,83.62,82.55,33.33,32.87,5.77,,,
tokyo21_2,concentration2_cluster_9_group_none,300.0,293.0,102.37,83.62,82.55,0.0,32.51,0.0,,,
okayama_7,concentration2_cluster_9_group_none,300.0,293.0,110.05,84.98,83.67,55.56,63.43,19.15,,,
okayama_7,distributed,300.0,293.0,105.68,83.96,83.1,50.0,61.13,21.28,,,
slovenia10_16,distributed,300.0,201.0,79.82,85.07,84.76,100.0,45.02,3.45,,,
slovenia10_16,concentration2_cluster_9_group_none,300.0,201.0,79.82,85.07,84.76,100.0,41.92,6.9,,,
austria20_29,distributed,300.0,173.0,53.74,83.24,80.29,87.5,59.17,22.22,,,
austria20_29,concentration2_cluster_9_group_none,300.0,173.0,53.06,82.66,80.17,75.0,57.54,22.22,,,
philippines25_11,distributed,300.0,371.0,153.76,86.79,85.22,72.22,67.19,33.33,,,
philippines25_11,concentration2_cluster_9_group_none,300.0,371.0,153.17,86.52,85.2,81.82,63.91,20.37,,,
ibaragi_27,distributed,300.0,258.0,69.91,79.46,78.48,33.33,43.08,5.36,,,
ibaragi_27,concentration2_cluster_9_group_none,300.0,258.0,69.91,79.46,78.48,100.0,41.23,7.14,,,
croatia07_26,concentration2_cluster_9_group_none,300.0,221.0,72.37,82.81,81.45,80.0,38.99,13.16,,,
croatia07_26,distributed,300.0,221.0,71.14,82.35,81.21,33.33,36.45,7.89,,,
india06_23,distributed,300.0,235.0,121.27,89.36,89.02,40.0,66.43,19.23,,,
india06_23,concentration2_cluster_9_group_none,300.0,235.0,125.06,90.64,89.35,100.0,67.06,26.92,,,
singapore20_11,distributed,300.0,208.0,64.01,81.73,80.47,80.0,44.96,12.2,,,
singapore20_11,concentration2_cluster_9_group_none,300.0,208.0,60.9,80.77,79.7,50.0,42.47,14.63,,,
china41_9,distributed,300.0,241.0,87.89,85.48,82.96,63.64,69.95,26.19,,,
china41_9,concentration2_cluster_9_group_none,300.0,241.0,90.52,85.48,83.55,80.0,62.03,23.81,,,
india13_3,distributed,300.0,243.0,96.12,85.6,84.56,75.0,51.77,20.51,,,
india13_3,concentration2_cluster_9_group_none,300.0,243.0,96.12,85.6,84.56,66.67,51.45,15.38,,,
yamanashi_11,concentration2_cluster_9_group_none,300.0,320.0,82.1,78.44,77.65,66.67,45.12,4.23,,,
yamanashi_11,distributed,300.0,320.0,82.1,78.44,77.65,50.0,42.48,5.63,,,
netherlands04_13,concentration2_cluster_9_group_none,300.0,342.0,106.43,82.16,80.58,90.91,41.03,15.94,,,
netherlands04_13,distributed,300.0,342.0,106.67,81.87,80.7,81.82,41.05,15.94,,,
argeria01_24,distributed,300.0,235.0,160.22,94.04,93.57,83.33,67.42,40.0,,,
argeria01_24,concentration2_cluster_9_group_none,300.0,235.0,158.86,94.04,93.4,83.33,66.55,40.0,,,
tokyo21_14,distributed,300.0,293.0,111.46,84.3,84.09,100.0,36.2,4.55,,,
tokyo21_14,concentration2_cluster_9_group_none,300.0,293.0,112.68,84.64,84.22,100.0,36.38,2.27,,,
ukraine12_21,distributed,300.0,255.0,61.2,78.04,76.42,53.85,48.24,21.67,,,
ukraine12_21,concentration2_cluster_9_group_none,300.0,255.0,61.58,78.04,76.54,54.55,46.4,18.33,,,
italy36_4,distributed,300.0,281.0,124.46,88.61,86.13,63.16,93.76,48.72,,,
italy36_4,concentration2_cluster_9_group_none,300.0,281.0,124.06,87.54,86.31,72.22,83.04,46.15,,,
new-zealand20_29,distributed,300.0,330.0,174.36,90.61,89.21,73.33,87.98,40.54,,,
new-zealand20_29,concentration2_cluster_9_group_none,300.0,330.0,173.84,90.0,89.29,47.06,83.77,45.95,,,
argeria07_14,distributed,300.0,182.0,66.79,85.71,83.03,90.91,81.57,34.38,,,
argeria07_14,concentration2_cluster_9_group_none,300.0,182.0,67.49,86.26,83.11,90.0,79.31,31.25,,,
ukraine12_15,concentration2_cluster_9_group_none,300.0,255.0,83.75,82.35,81.62,100.0,43.33,8.89,,,
ukraine12_15,distributed,300.0,255.0,83.86,81.96,81.74,57.14,50.02,15.56,,,
ecuador01_14,distributed,300.0,325.0,150.13,88.92,86.9,38.89,92.58,42.86,,,
ecuador01_14,concentration2_cluster_9_group_none,300.0,325.0,154.48,89.85,87.27,75.0,80.26,57.14,,,
okayama_12,distributed,300.0,293.0,112.81,85.32,84.08,66.67,55.48,19.57,,,
okayama_12,concentration2_cluster_9_group_none,300.0,293.0,113.28,84.98,84.25,100.0,60.48,21.74,,,
indonesia43_19,distributed,300.0,344.0,104.11,81.98,80.07,56.25,71.2,23.19,,,
indonesia43_19,concentration2_cluster_9_group_none,300.0,344.0,102.33,81.4,79.87,83.33,73.66,17.39,,,
turkey13_19,concentration2_cluster_9_group_none,300.0,254.0,138.37,90.55,89.84,100.0,79.18,19.23,,,
turkey13_19,distributed,300.0,254.0,136.87,90.55,89.62,60.0,65.77,19.23,,,
turkey13_28,distributed,300.0,254.0,165.52,93.31,92.82,100.0,62.6,26.32,,,
turkey13_28,concentration2_cluster_9_group_none,300.0,254.0,166.19,93.7,92.82,100.0,83.05,36.84,,,
philippines30_3,concentration2_cluster_9_group_none,300.0,290.0,93.75,84.14,80.87,81.25,51.63,26.23,,,
philippines30_3,distributed,300.0,290.0,88.62,82.41,80.16,64.29,48.56,22.95,,,
chile23_16,concentration2_cluster_9_group_none,300.0,334.0,128.04,85.63,83.93,76.92,68.33,23.64,,,
chile23_16,distributed,300.0,334.0,131.09,86.53,84.19,54.55,68.29,20.0,,,
new-zealand02_21,concentration2_cluster_9_group_none,300.0,258.0,72.51,79.84,79.12,83.33,29.87,11.11,,,
new-zealand02_21,distributed,300.0,258.0,72.51,79.84,79.12,83.33,28.88,11.11,,,
austria32_23,distributed,300.0,327.0,126.37,86.24,83.95,83.33,77.97,32.73,,,
austria32_23,concentration2_cluster_9_group_none,300.0,327.0,120.65,85.32,83.23,76.19,76.01,38.18,,,
america03_12,distributed,300.0,334.0,105.46,82.63,80.76,66.67,41.24,13.43,,,
america03_12,concentration2_cluster_9_group_none,300.0,334.0,107.99,83.23,81.09,77.78,48.0,13.43,,,
italy54_16,distributed,300.0,336.0,123.0,83.93,83.41,55.56,67.92,33.33,,,
italy54_16,concentration2_cluster_9_group_none,300.0,336.0,122.49,83.93,83.32,68.75,66.04,29.63,,,
tokyo12_21,distributed,300.0,352.0,150.47,86.65,85.87,50.0,40.93,8.51,,,
tokyo12_21,concentration2_cluster_9_group_none,300.0,352.0,152.97,87.22,86.07,75.0,42.95,8.51,,,
chile03_4,distributed,300.0,319.0,127.19,85.58,84.72,57.14,41.52,14.29,,,
chile03_4,concentration2_cluster_9_group_none,300.0,319.0,127.8,85.58,84.82,100.0,38.02,10.2,,,
spain07_13,concentration2_cluster_9_group_none,300.0,364.0,155.24,86.81,85.78,81.82,57.89,20.37,,,
spain07_13,distributed,300.0,364.0,154.2,86.81,85.65,100.0,64.82,7.41,,,
ishikawa_21,distributed,300.0,310.0,125.63,85.81,85.0,50.0,46.43,4.55,,,
ishikawa_21,concentration2_cluster_9_group_none,300.0,310.0,125.63,85.81,85.0,100.0,46.21,2.27,,,
italy16_4,concentration2_cluster_9_group_none,300.0,214.0,102.01,90.65,87.15,83.33,89.81,40.0,,,
italy16_4,distributed,300.0,214.0,98.04,88.79,86.77,76.92,83.06,43.33,,,
ukraine12_29,distributed,300.0,255.0,99.12,86.27,84.05,60.0,63.03,23.26,,,
ukraine12_29,concentration2_cluster_9_group_none,300.0,255.0,97.73,85.88,83.86,66.67,48.85,13.95,,,
america04_21,concentration2_cluster_9_group_none,300.0,290.0,73.47,78.97,77.26,80.0,41.98,14.71,,,
america04_21,distributed,300.0,290.0,71.96,78.28,77.02,72.73,41.72,16.18,,,
china10_14,distributed,300.0,242.0,102.67,87.6,85.5,77.78,84.99,46.15,,,
china10_14,concentration2_cluster_9_group_none,300.0,242.0,101.74,87.19,85.41,78.95,84.84,48.72,,,
myanmar15_12,concentration2_cluster_9_group_none,300.0,255.0,77.82,81.57,80.34,66.67,34.22,6.0,,,
myanmar15_12,distributed,300.0,255.0,77.82,81.57,80.34,75.0,33.81,8.0,,,
america20_8,distributed,300.0,323.0,103.29,82.35,81.08,100.0,24.88,3.33,,,
america20_8,concentration2_cluster_9_group_none,300.0,323.0,103.74,82.35,81.17,75.0,24.6,6.67,,,
china19_28,concentration2_cluster_9_group_none,300.0,276.0,140.64,90.58,88.49,73.33,99.21,41.67,,,
china19_28,distributed,300.0,276.0,147.13,91.67,89.16,85.71,94.55,38.89,,,
italy36_2,distributed,300.0,281.0,120.31,88.97,85.37,61.9,92.91,45.65,,,
italy36_2,concentration2_cluster_9_group_none,300.0,281.0,118.88,88.61,85.21,73.33,91.68,32.61,,,
canada34_6,distributed,300.0,279.0,101.22,85.3,82.9,66.67,64.57,27.78,,,
canada34_6,concentration2_cluster_9_group_none,300.0,279.0,103.97,86.38,83.19,87.5,63.09,29.63,,,
america35_26,distributed,300.0,342.0,64.58,73.98,72.69,20.0,36.49,11.36,,,
america35_26,concentration2_cluster_9_group_none,300.0,342.0,65.69,74.56,72.87,50.0,37.55,9.09,,,
myanmar03_7,distributed,300.0,240.0,70.61,80.83,79.79,100.0,25.14,6.25,,,
myanmar03_7,concentration2_cluster_9_group_none,300.0,240.0,70.61,80.83,79.79,57.14,24.36,14.58,,,
chile01_11,distributed,300.0,375.0,146.27,85.07,84.41,85.71,70.07,12.07,,,
chile01_11,concentration2_cluster_9_group_none,300.0,375.0,152.18,86.13,84.95,88.89,72.4,15.52,,,
austria32_7,concentration2_cluster_9_group_none,300.0,327.0,131.1,86.85,84.54,73.91,80.24,42.59,,,
austria32_7,distributed,300.0,327.0,135.04,87.16,85.06,76.92,74.56,24.07,,,
indonesia80_15,distributed,300.0,344.0,101.77,80.81,79.9,37.5,49.53,11.94,,,
indonesia80_15,concentration2_cluster_9_group_none,300.0,344.0,101.77,80.81,79.9,85.71,48.47,10.45,,,
tokyo03_28,concentration2_cluster_9_group_none,300.0,237.0,91.55,85.23,84.17,33.33,43.51,8.11,,,
tokyo03_28,distributed,300.0,237.0,92.04,85.65,84.18,0.0,44.26,5.41,,,
hukuoka01_2,distributed,300.0,367.0,160.99,87.47,86.2,64.71,86.16,32.69,,,
hukuoka01_2,concentration2_cluster_9_group_none,300.0,367.0,160.74,87.74,86.11,68.42,84.78,36.54,,,
cuba02_12,distributed,300.0,244.0,99.9,86.48,85.05,80.0,37.18,13.16,,,
cuba02_12,concentration2_cluster_9_group_none,300.0,244.0,99.92,86.48,85.05,83.33,36.77,15.79,,,
new-zealand02_25,concentration2_cluster_9_group_none,300.0,258.0,114.44,87.21,86.48,75.0,30.25,12.12,,,
new-zealand02_25,distributed,300.0,258.0,114.44,87.21,86.48,100.0,32.08,9.09,,,
austria13_7,concentration2_cluster_9_group_none,300.0,188.0,72.9,85.64,84.15,75.0,57.47,38.71,,,
austria13_7,distributed,300.0,188.0,73.4,86.17,84.17,80.0,58.13,32.26,,,
slovenia10_20,concentration2_cluster_9_group_none,300.0,201.0,86.1,87.06,85.82,50.0,37.95,7.41,,,
slovenia10_20,distributed,300.0,201.0,86.1,87.06,85.82,50.0,36.97,7.41,,,
italy54_13,distributed,300.0,336.0,116.37,83.33,82.44,46.15,48.21,23.64,,,
italy54_13,concentration2_cluster_9_group_none,300.0,336.0,114.03,83.04,82.1,28.57,56.3,25.45,,,
chile03_10,distributed,300.0,319.0,81.5,78.06,77.66,71.43,39.47,10.61,,,
chile03_10,concentration2_cluster_9_group_none,300.0,319.0,81.5,78.06,77.66,73.33,38.55,22.73,,,
philippines34_25,concentration2_cluster_9_group_none,300.0,346.0,118.96,83.24,82.32,71.43,46.4,11.86,,,
philippines34_25,distributed,300.0,346.0,118.31,83.24,82.21,55.56,47.07,15.25,,,
serbia02_25,concentration2_cluster_9_group_none,300.0,240.0,69.06,80.0,79.55,33.33,36.14,6.52,,,
serbia02_25,distributed,300.0,240.0,68.8,80.0,79.48,50.0,35.16,4.35,,,
indonesia79_6,distributed,300.0,318.0,99.59,82.7,80.58,86.67,74.5,24.59,,,
indonesia79_6,concentration2_cluster_9_group_none,300.0,318.0,97.73,82.08,80.35,92.31,72.93,21.31,,,
india10_28,distributed,300.0,247.0,68.04,80.16,78.64,50.0,33.63,3.85,,,
india10_28,concentration2_cluster_9_group_none,300.0,247.0,68.04,80.16,78.64,100.0,32.96,5.77,,,
ecuador01,concentration2_cluster_9_group_none,300.0,325.0,184.67,92.0,90.36,92.31,91.44,37.14,,,
ecuador01,distributed,300.0,325.0,182.12,92.62,89.95,76.19,96.21,60.0,,,
greece06_28,distributed,300.0,342.0,133.02,85.38,84.28,50.0,38.27,12.24,,,
greece06_28,concentration2_cluster_9_group_none,300.0,342.0,131.86,85.09,84.17,75.0,37.91,8.16,,,
serbia02_1,concentration2_cluster_9_group_none,300.0,240.0,68.8,80.42,79.37,100.0,32.72,3.92,,,
serbia02_1,distributed,300.0,240.0,69.71,80.83,79.53,60.0,34.4,9.8,,,
ecuador01_13,distributed,300.0,325.0,195.62,92.92,91.32,58.82,93.15,53.13,,,
ecuador01_13,concentration2_cluster_9_group_none,300.0,325.0,197.84,92.92,91.54,75.0,94.87,50.0,,,
austria20_26,concentration2_cluster_9_group_none,300.0,173.0,59.65,83.24,82.37,100.0,49.54,15.38,,,
austria20_26,distributed,300.0,173.0,59.0,82.66,82.29,66.67,57.94,11.54,,,
belize01_3,concentration2_cluster_9_group_none,300.0,324.0,91.39,79.63,79.24,100.0,28.22,1.59,,,
belize01_3,distributed,300.0,324.0,91.39,79.63,79.24,100.0,27.95,1.59,,,
ukraine01_24,distributed,300.0,284.0,103.22,84.51,83.12,69.23,60.06,26.53,,,
ukraine01_24,concentration2_cluster_9_group_none,300.0,284.0,107.61,85.56,83.71,72.73,54.08,22.45,,,
germany17_18,distributed,300.0,311.0,89.29,81.03,79.25,71.43,35.88,11.29,,,
germany17_18,concentration2_cluster_9_group_none,300.0,311.0,88.86,80.71,79.23,75.0,33.27,6.45,,,
peru13_2,distributed,300.0,319.0,132.42,86.83,85.24,46.15,63.43,27.08,,,
peru13_2,concentration2_cluster_9_group_none,300.0,319.0,133.34,87.15,85.31,64.29,60.38,29.17,,,
chile47_6,distributed,300.0,375.0,196.39,91.2,88.91,76.19,89.92,46.67,,,
chile47_6,concentration2_cluster_9_group_none,300.0,375.0,215.09,92.53,90.43,80.77,97.77,57.78,,,
america20_27,distributed,300.0,323.0,118.87,84.83,83.3,57.14,25.18,13.21,,,
america20_27,concentration2_cluster_9_group_none,300.0,323.0,119.89,85.14,83.4,100.0,25.27,9.43,,,
canada34_16,distributed,300.0,279.0,107.91,85.3,84.18,85.71,70.37,15.56,,,
canada34_16,concentration2_cluster_9_group_none,300.0,279.0,111.0,85.66,84.66,72.73,63.66,24.44,,,
argeria01_6,distributed,300.0,235.0,154.85,94.04,92.89,80.0,75.03,55.56,,,
argeria01_6,concentration2_cluster_9_group_none,300.0,235.0,157.92,94.47,93.19,100.0,77.37,38.89,,,
ukraine11_20,distributed,300.0,249.0,85.99,84.74,82.05,76.92,59.74,27.08,,,
ukraine11_20,concentration2_cluster_9_group_none,300.0,249.0,77.65,81.93,80.68,77.78,53.78,37.5,,,
argeria01_22,distributed,300.0,235.0,148.66,93.62,92.16,66.67,73.15,30.0,,,
argeria01_22,concentration2_cluster_9_group_none,300.0,235.0,149.61,94.04,92.2,100.0,71.17,25.0,,,
chile47_24,distributed,300.0,375.0,200.93,90.67,89.48,83.33,85.09,42.86,,,
chile47_24,concentration2_cluster_9_group_none,300.0,375.0,208.48,91.73,89.98,89.47,87.25,45.24,,,
sapporo_6,distributed,300.0,253.0,80.35,81.82,81.07,75.0,40.72,8.33,,,
sapporo_6,concentration2_cluster_9_group_none,300.0,253.0,80.35,81.82,81.07,50.0,39.43,8.33,,,
argeria07_2,distributed,300.0,182.0,73.91,86.81,84.81,80.0,57.02,31.25,,,
argeria07_2,concentration2_cluster_9_group_none,300.0,182.0,68.79,85.16,83.75,45.45,66.21,34.38,,,
myanmar13_15,distributed,300.0,228.0,57.83,78.51,77.4,0.0,40.35,3.92,,,
myanmar13_15,concentration2_cluster_9_group_none,300.0,228.0,57.83,78.51,77.4,0.0,39.95,1.96,,,
hungary01_9,distributed,300.0,241.0,73.43,81.33,80.37,66.67,59.54,12.77,,,
hungary01_9,concentration2_cluster_9_group_none,300.0,241.0,72.45,81.33,80.1,55.56,51.29,19.15,,,
venezuela01_9,distributed,300.0,299.0,236.8,96.66,96.02,83.33,96.59,50.0,,,
venezuela01_9,concentration2_cluster_9_group_none,300.0,299.0,240.38,96.66,96.32,100.0,91.24,33.33,,,
okayama_17,distributed,300.0,293.0,117.51,85.67,84.82,62.5,55.81,17.39,,,
okayama_17,concentration2_cluster_9_group_none,300.0,293.0,119.31,86.35,84.97,87.5,55.84,17.39,,,
austria08_2,distributed,300.0,220.0,67.11,81.82,80.27,62.5,41.89,17.78,,,
austria08_2,concentration2_cluster_9_group_none,300.0,220.0,66.47,81.36,80.19,100.0,43.61,22.22,,,
philippines34_5,distributed,300.0,346.0,136.18,84.97,84.61,80.0,51.79,9.62,,,
philippines34_5,concentration2_cluster_9_group_none,300.0,346.0,139.42,85.84,84.88,75.0,51.52,15.38,,,
indonesia43_1,distributed,300.0,344.0,120.87,83.14,82.77,33.33,58.46,5.45,,,
indonesia43_1,concentration2_cluster_9_group_none,300.0,344.0,121.82,83.43,82.86,80.0,58.64,9.09,,,
india06_19,distributed,300.0,235.0,114.21,88.94,87.91,66.67,59.93,23.08,,,
india06_19,concentration2_cluster_9_group_none,300.0,235.0,118.99,90.21,88.45,87.5,64.69,30.77,,,
serbia02_3,concentration2_cluster_9_group_none,300.0,240.0,78.33,82.5,81.45,50.0,39.53,9.09,,,
serbia02_3,distributed,300.0,240.0,79.18,82.92,81.57,100.0,39.1,2.27,,,
serbia02_12,concentration2_cluster_9_group_none,300.0,240.0,81.76,82.92,82.21,50.0,40.55,4.88,,,
serbia02_12,distributed,300.0,240.0,81.72,82.92,82.2,100.0,37.22,2.44,,,
austria32_15,distributed,300.0,327.0,116.61,85.02,82.62,61.11,73.99,30.0,,,
austria32_15,concentration2_cluster_9_group_none,300.0,327.0,113.97,84.71,82.24,71.43,76.74,35.0,,,
indonesia63_24,distributed,300.0,340.0,94.38,79.71,78.9,40.0,41.64,7.25,,,
indonesia63_24,concentration2_cluster_9_group_none,300.0,340.0,95.68,80.0,79.1,66.67,41.42,8.7,,,
tokyo12_3,distributed,300.0,352.0,96.29,79.26,78.72,33.33,47.64,4.17,,,
tokyo12_3,concentration2_cluster_9_group_none,300.0,352.0,96.29,79.26,78.72,50.0,46.87,5.56,,,
croatia07_8,distributed,300.0,221.0,96.83,86.88,86.31,0.0,33.77,0.0,,,
croatia07_8,concentration2_cluster_9_group_none,300.0,221.0,96.83,86.88,86.31,0.0,32.72,3.23,,,
burundi03_4,distributed,300.0,236.0,60.33,78.81,77.48,100.0,34.41,1.89,,,
burundi03_4,concentration2_cluster_9_group_none,300.0,236.0,60.33,78.81,77.48,50.0,33.89,7.55,,,
peru19_25,distributed,300.0,331.0,108.56,82.78,81.48,50.0,51.9,16.13,,,
peru19_25,concentration2_cluster_9_group_none,300.0,331.0,109.75,83.08,81.63,77.78,51.07,14.52,,,
greece22_25,distributed,300.0,348.0,146.45,86.49,85.59,55.56,56.67,17.65,,,
greece22_25,concentration2_cluster_9_group_none,300.0,348.0,146.59,86.49,85.61,80.0,55.89,9.8,,,
myanmar14_6,distributed,300.0,241.0,72.18,81.74,79.92,100.0,18.74,2.08,,,
myanmar14_6,concentration2_cluster_9_group_none,300.0,241.0,72.18,81.74,79.92,100.0,19.04,2.08,,,
ibaragi_24,distributed,300.0,258.0,78.44,81.01,80.4,100.0,37.45,2.0,,,
ibaragi_24,concentration2_cluster_9_group_none,300.0,258.0,80.93,81.78,80.83,100.0,39.53,10.0,,,
austria13_25,distributed,300.0,188.0,74.3,86.17,84.41,100.0,49.88,13.33,,,
austria13_25,concentration2_cluster_9_group_none,300.0,188.0,75.74,86.7,84.67,85.71,47.78,23.33,,,
ejypt04_24,distributed,300.0,250.0,68.94,81.2,78.4,81.25,68.18,27.59,,,
ejypt04_24,concentration2_cluster_9_group_none,300.0,250.0,67.44,80.8,78.06,94.44,60.98,31.03,,,
russia08_23,distributed,300.0,264.0,101.41,87.5,83.54,90.48,75.52,43.75,,,
russia08_23,concentration2_cluster_9_group_none,300.0,264.0,91.89,84.09,82.36,82.35,73.49,35.42,,,
burundi03_18,distributed,300.0,236.0,81.76,83.47,82.41,100.0,23.89,2.56,,,
burundi03_18,concentration2_cluster_9_group_none,300.0,236.0,81.76,83.47,82.41,0.0,22.26,2.56,,,
austria13_23,distributed,300.0,188.0,50.11,80.85,77.81,77.78,53.22,20.45,,,
austria13_23,concentration2_cluster_9_group_none,300.0,188.0,50.65,80.85,78.02,70.0,47.05,22.73,,,
india06_17,distributed,300.0,235.0,85.01,84.68,82.99,100.0,73.95,17.07,,,
india06_17,concentration2_cluster_9_group_none,300.0,235.0,86.32,85.11,83.19,100.0,70.08,17.07,,,
philippines20_3,distributed,300.0,324.0,96.79,81.17,80.01,75.0,46.79,6.15,,,
philippines20_3,concentration2_cluster_9_group_none,300.0,324.0,97.18,81.48,80.01,85.71,48.48,10.77,,,
ishikawa_5,distributed,300.0,310.0,125.26,85.48,85.01,66.67,40.65,6.52,,,
ishikawa_5,concentration2_cluster_9_group_none,300.0,310.0,125.8,85.48,85.1,66.67,44.11,13.04,,,
chile01_14,distributed,300.0,375.0,146.91,86.13,84.24,76.47,70.94,27.42,,,
chile01_14,concentration2_cluster_9_group_none,300.0,375.0,146.84,85.6,84.36,90.91,68.12,17.74,,,
belize01_20,concentration2_cluster_9_group_none,300.0,324.0,101.57,81.79,80.82,0.0,25.18,0.0,,,
belize01_20,distributed,300.0,324.0,101.57,81.79,80.82,50.0,24.53,3.13,,,
slovenia06_15,distributed,300.0,320.0,110.71,83.75,82.32,90.0,53.58,16.95,,,
slovenia06_15,concentration2_cluster_9_group_none,300.0,320.0,108.57,83.13,82.08,58.33,54.08,20.34,,,
indonesia79_1,distributed,300.0,318.0,92.92,80.5,79.73,61.54,76.28,20.63,,,
indonesia79_1,concentration2_cluster_9_group_none,300.0,318.0,95.72,81.76,80.01,81.82,73.15,17.46,,,
america03_3,distributed,300.0,334.0,120.92,85.33,82.85,68.42,51.05,31.15,,,
america03_3,concentration2_cluster_9_group_none,300.0,334.0,118.96,84.73,82.67,80.0,50.03,24.59,,,
america03_20,distributed,300.0,334.0,96.98,80.84,79.52,73.68,64.28,27.94,,,
america03_20,concentration2_cluster_9_group_none,300.0,334.0,98.3,81.44,79.64,92.86,59.91,20.59,,,
nara01_12,distributed,300.0,319.0,131.44,85.58,85.38,0.0,31.82,2.27,,,
nara01_12,concentration2_cluster_9_group_none,300.0,319.0,131.44,85.58,85.38,0.0,30.55,0.0,,,
america03_11,distributed,300.0,334.0,91.28,80.54,78.38,77.78,57.85,24.66,,,
america03_11,concentration2_cluster_9_group_none,300.0,334.0,85.88,78.14,77.77,90.0,60.86,13.7,,,
china19_13,distributed,300.0,276.0,203.21,96.74,94.54,81.82,98.43,61.11,,,
china19_13,concentration2_cluster_9_group_none,300.0,276.0,208.69,97.1,95.0,91.67,96.97,66.67,,,
myanmar11_9,distributed,300.0,235.0,52.23,75.74,75.48,80.0,48.23,18.52,,,
myanmar11_9,concentration2_cluster_9_group_none,300.0,235.0,52.98,76.17,75.65,60.0,48.4,9.26,,,
canada33_7,distributed,300.0,237.0,74.41,81.86,80.83,0.0,51.88,6.82,,,
canada33_7,concentration2_cluster_9_group_none,300.0,237.0,75.05,82.28,80.9,75.0,49.88,9.09,,,
austria22_28,distributed,300.0,315.0,87.31,80.0,78.8,33.33,52.33,9.09,,,
austria22_28,concentration2_cluster_9_group_none,300.0,315.0,90.18,80.95,79.21,83.33,52.42,18.18,,,
germany17_21,distributed,300.0,311.0,60.08,74.28,73.07,75.0,29.67,5.0,,,
germany17_21,concentration2_cluster_9_group_none,300.0,311.0,60.08,74.28,73.07,42.86,29.08,8.75,,,
indonesia63_29,distributed,300.0,340.0,111.69,82.35,81.62,66.67,39.29,4.76,,,
indonesia63_29,concentration2_cluster_9_group_none,300.0,340.0,111.71,82.35,81.62,100.0,38.83,3.17,,,
romania06_14,distributed,300.0,234.0,155.9,95.3,92.84,92.31,98.57,61.9,,,
romania06_14,concentration2_cluster_9_group_none,300.0,234.0,160.2,95.73,93.3,81.25,90.9,76.19,,,
austria32_5,distributed,300.0,327.0,107.8,83.18,81.49,61.54,69.99,20.97,,,
austria32_5,concentration2_cluster_9_group_none,300.0,327.0,111.27,83.79,81.98,87.5,70.7,25.81,,,
eritrea02_8,distributed,300.0,195.0,85.37,86.67,86.34,71.43,76.91,26.92,,,
eritrea02_8,concentration2_cluster_9_group_none,300.0,195.0,85.37,86.67,86.34,80.0,69.57,19.23,,,
indonesia79_7,distributed,300.0,318.0,93.13,80.82,79.7,52.94,81.11,26.56,,,
indonesia79_7,concentration2_cluster_9_group_none,300.0,318.0,98.07,82.39,80.35,77.27,81.23,34.38,,,
yamanashi_20,distributed,300.0,320.0,101.78,81.88,81.09,40.0,45.01,8.77,,,
yamanashi_20,concentration2_cluster_9_group_none,300.0,320.0,101.78,81.88,81.09,25.0,46.87,14.04,,,
tokyo03_15,distributed,300.0,237.0,95.21,85.65,84.86,0.0,36.9,0.0,,,
tokyo03_15,concentration2_cluster_9_group_none,300.0,237.0,95.21,85.65,84.86,100.0,37.77,2.78,,,
new-zealand20_26,distributed,300.0,330.0,197.44,92.73,91.24,73.33,80.87,46.88,,,
new-zealand20_26,concentration2_cluster_9_group_none,300.0,330.0,194.33,92.12,91.05,85.71,79.17,43.75,,,
turkey33_4,distributed,300.0,267.0,153.78,92.13,90.6,81.82,80.79,40.74,,,
turkey33_4,concentration2_cluster_9_group_none,300.0,267.0,155.71,92.51,90.77,90.0,85.13,37.04,,,
eritrea02,distributed,300.0,195.0,108.68,91.28,90.13,83.33,79.63,30.0,,,
eritrea02,concentration2_cluster_9_group_none,300.0,195.0,108.47,91.28,90.09,85.71,74.14,35.0,,,
china19_23,distributed,300.0,276.0,161.59,92.39,90.88,55.56,96.46,60.0,,,
china19_23,concentration2_cluster_9_group_none,300.0,276.0,163.68,92.75,91.05,41.18,90.0,56.67,,,
turkey18_25,distributed,300.0,253.0,106.46,86.56,85.57,80.0,75.59,41.67,,,
turkey18_25,concentration2_cluster_9_group_none,300.0,253.0,106.72,86.56,85.62,64.29,70.86,38.89,,,
china41,distributed,300.0,241.0,120.43,89.63,88.32,66.67,78.29,31.03,,,
china41,concentration2_cluster_9_group_none,300.0,241.0,119.51,89.63,88.16,100.0,58.89,17.24,,,
argeria01_11,concentration2_cluster_9_group_none,300.0,235.0,147.09,94.04,91.86,100.0,59.39,52.63,,,
argeria01_11,distributed,300.0,235.0,141.35,91.91,91.52,71.43,51.31,36.84,,,
bulgaria06_10,distributed,300.0,241.0,71.99,81.74,79.87,76.92,61.13,27.66,,,
bulgaria06_10,concentration2_cluster_9_group_none,300.0,241.0,73.61,82.57,80.11,92.31,62.12,27.66,,,
netherlands04_17,distributed,300.0,342.0,81.04,77.78,76.23,50.0,43.44,12.66,,,
netherlands04_17,concentration2_cluster_9_group_none,300.0,342.0,80.87,77.49,76.26,87.5,41.52,10.13,,,
bulgaria06_28,concentration2_cluster_9_group_none,300.0,241.0,103.19,87.55,85.7,64.29,51.69,35.9,,,
bulgaria06_28,distributed,300.0,241.0,108.33,88.8,86.38,76.92,60.38,33.33,,,
singapore20_17,distributed,300.0,208.0,66.03,82.21,80.97,100.0,39.72,7.32,,,
singapore20_17,concentration2_cluster_9_group_none,300.0,208.0,66.53,82.21,81.12,100.0,39.22,14.63,,,
new-zealand02_23,concentration2_cluster_9_group_none,300.0,258.0,79.82,82.17,80.46,72.73,36.11,20.75,,,
new-zealand02_23,distributed,300.0,258.0,79.82,82.17,80.46,58.33,38.84,22.64,,,
india06_25,concentration2_cluster_9_group_none,300.0,235.0,79.59,84.68,81.67,78.57,74.15,31.11,,,
india06_25,distributed,300.0,235.0,74.49,82.13,80.96,81.82,67.97,24.44,,,
philippines34_15,distributed,300.0,346.0,99.44,80.06,79.51,30.0,50.5,13.89,,,
philippines34_15,concentration2_cluster_9_group_none,300.0,346.0,102.56,81.5,79.77,84.62,51.28,18.06,,,
venezuela02_5,concentration2_cluster_9_group_none,300.0,295.0,223.5,96.27,95.21,85.71,69.81,43.75,,,
venezuela02_5,distributed,300.0,295.0,227.11,96.95,95.39,70.0,72.87,62.5,,,
chile03_26,concentration2_cluster_9_group_none,300.0,319.0,101.76,82.13,81.09,75.0,41.4,13.56,,,
chile03_26,distributed,300.0,319.0,100.1,81.82,80.83,62.5,44.46,13.56,,,
myanmar15_13,distributed,300.0,255.0,70.55,80.39,78.67,50.0,32.14,10.91,,,
myanmar15_13,concentration2_cluster_9_group_none,300.0,255.0,70.55,80.39,78.67,100.0,30.04,5.45,,,
india10_13,concentration2_cluster_9_group_none,300.0,247.0,66.34,79.35,78.33,50.0,27.7,7.41,,,
india10_13,distributed,300.0,247.0,66.34,79.35,78.33,100.0,27.69,1.85,,,
sapporo_9,concentration2_cluster_9_group_none,300.0,253.0,66.81,79.84,77.87,100.0,34.54,5.88,,,
sapporo_9,distributed,300.0,253.0,67.6,79.84,78.11,75.0,36.49,7.84,,,
spain07_11,distributed,300.0,364.0,98.97,80.49,78.29,84.62,59.76,15.66,,,
spain07_11,concentration2_cluster_9_group_none,300.0,364.0,97.52,79.95,78.14,72.73,55.17,13.25,,,
america04_27,concentration2_cluster_9_group_none,300.0,290.0,101.07,84.14,82.37,81.82,42.87,20.75,,,
america04_27,distributed,300.0,290.0,98.66,83.45,82.06,100.0,42.2,13.21,,,
america35_25,distributed,300.0,342.0,86.66,78.95,77.27,77.78,33.38,11.54,,,
america35_25,concentration2_cluster_9_group_none,300.0,342.0,86.68,78.95,77.28,55.56,31.73,11.54,,,
russia08_27,distributed,300.0,264.0,124.95,89.02,87.37,60.0,77.09,54.05,,,
russia08_27,concentration2_cluster_9_group_none,300.0,264.0,115.68,87.5,86.17,64.71,70.95,45.95,,,
greece06_25,distributed,300.0,342.0,127.98,84.5,83.71,80.0,44.1,8.93,,,
greece06_25,concentration2_cluster_9_group_none,300.0,342.0,127.21,84.21,83.66,50.0,44.32,7.14,,,
iceland06_22,distributed,300.0,209.0,91.98,87.08,86.35,54.55,81.03,37.93,,,
iceland06_22,concentration2_cluster_9_group_none,300.0,209.0,95.01,88.52,86.67,85.71,67.48,24.14,,,
austria32_19,distributed,300.0,327.0,118.86,85.93,82.79,72.73,75.76,36.67,,,
austria32_19,concentration2_cluster_9_group_none,300.0,327.0,120.23,85.93,83.02,57.69,73.33,43.33,,,
bulgaria06_21,distributed,300.0,241.0,76.74,82.57,80.94,77.78,63.99,19.15,,,
bulgaria06_21,concentration2_cluster_9_group_none,300.0,241.0,75.86,82.16,80.81,86.67,65.89,31.91,,,
peru13_17,distributed,300.0,319.0,148.05,88.4,87.11,77.78,70.83,20.93,,,
peru13_17,concentration2_cluster_9_group_none,300.0,319.0,156.64,89.66,87.96,81.82,62.42,25.58,,,
slovenia06_8,distributed,300.0,320.0,160.36,89.69,88.36,66.67,59.99,23.08,,,
slovenia06_8,concentration2_cluster_9_group_none,300.0,320.0,161.58,90.0,88.44,100.0,50.69,17.95,,,
chile01_26,concentration2_cluster_9_group_none,300.0,375.0,130.77,83.73,82.48,75.0,74.78,25.0,,,
chile01_26,distributed,300.0,375.0,130.89,83.73,82.5,58.33,77.37,18.75,,,
italy54_9,distributed,300.0,336.0,108.87,82.74,81.25,69.23,63.59,20.97,,,
italy54_9,concentration2_cluster_9_group_none,300.0,336.0,105.39,81.85,80.82,58.33,63.15,19.35,,,
mongolia05_7,concentration2_cluster_9_group_none,300.0,250.0,134.87,91.6,89.41,90.91,91.98,35.48,,,
mongolia05_7,distributed,300.0,250.0,138.21,92.4,89.73,86.67,90.08,48.39,,,
myanmar14_25,concentration2_cluster_9_group_none,300.0,241.0,61.79,78.84,77.53,100.0,24.51,3.7,,,
myanmar14_25,distributed,300.0,241.0,61.79,78.84,77.53,60.0,24.01,9.26,,,
austria37_9,distributed,300.0,334.0,131.34,85.93,84.37,84.62,81.7,25.0,,,
austria37_9,concentration2_cluster_9_group_none,300.0,334.0,136.29,86.53,84.97,72.22,77.94,34.62,,,
romania06,distributed,300.0,234.0,112.79,89.74,87.57,50.0,84.49,51.61,,,
romania06,concentration2_cluster_9_group_none,300.0,234.0,114.39,89.32,87.95,70.0,93.14,32.26,,,
chile03_28,concentration2_cluster_9_group_none,300.0,319.0,78.96,78.68,76.87,85.71,48.48,19.72,,,
chile03_28,distributed,300.0,319.0,76.4,77.12,76.61,53.85,47.51,18.31,,,
america35,distributed,300.0,342.0,114.03,83.63,81.61,72.73,33.7,17.74,,,
america35,concentration2_cluster_9_group_none,300.0,342.0,117.5,83.92,82.14,100.0,33.1,12.9,,,
slovenia10_24,concentration2_cluster_9_group_none,300.0,201.0,71.65,83.58,82.96,50.0,45.73,12.12,,,
slovenia10_24,distributed,300.0,201.0,71.65,83.58,82.96,100.0,42.51,3.03,,,
ukraine12_20,distributed,300.0,255.0,68.87,80.39,78.18,76.92,54.43,22.41,,,
ukraine12_20,concentration2_cluster_9_group_none,300.0,255.0,66.72,79.61,77.75,81.82,48.94,18.97,,,
tokyo21_11,concentration2_cluster_9_group_none,300.0,293.0,113.8,84.98,84.34,50.0,35.39,4.55,,,
tokyo21_11,distributed,300.0,293.0,113.8,84.98,84.34,100.0,34.52,2.27,,,
new-zealand20_15,concentration2_cluster_9_group_none,300.0,330.0,172.77,90.61,89.03,91.67,64.82,30.77,,,
new-zealand20_15,distributed,300.0,330.0,173.24,91.21,88.95,91.67,83.82,30.77,,,
ejypt04_9,distributed,300.0,250.0,64.88,79.2,77.69,90.0,65.28,17.54,,,
ejypt04_9,concentration2_cluster_9_group_none,300.0,250.0,64.49,79.2,77.56,100.0,64.66,24.56,,,
italy36_23,concentration2_cluster_9_group_none,300.0,281.0,117.05,86.83,85.31,73.68,80.65,46.34,,,
italy36_23,distributed,300.0,281.0,122.22,88.26,85.85,76.47,87.32,41.46,,,
turkey13_2,concentration2_cluster_9_group_none,300.0,254.0,147.47,92.52,90.68,100.0,63.83,26.92,,,
turkey13_2,distributed,300.0,254.0,141.55,91.73,90.03,100.0,61.77,19.23,,,
russia08_19,distributed,300.0,264.0,99.57,85.61,83.61,58.82,78.9,37.78,,,
russia08_19,concentration2_cluster_9_group_none,300.0,264.0,104.78,86.74,84.36,73.33,76.2,33.33,,,
indonesia43_17,concentration2_cluster_9_group_none,300.0,344.0,136.48,86.05,84.52,77.78,59.75,17.65,,,
indonesia43_17,distributed,300.0,344.0,135.68,86.34,84.33,80.0,58.33,19.61,,,
spain07_4,concentration2_cluster_9_group_none,300.0,364.0,133.84,84.34,83.4,63.64,61.73,19.3,,,
spain07_4,distributed,300.0,364.0,132.69,84.07,83.29,50.0,65.87,17.54,,,
peru19_27,distributed,300.0,331.0,112.04,82.78,82.11,100.0,50.14,1.69,,,
peru19_27,concentration2_cluster_9_group_none,300.0,331.0,112.44,82.78,82.19,62.5,50.6,13.56,,,
philippines22_29,distributed,300.0,329.0,81.24,77.81,77.04,25.0,28.23,5.41,,,
philippines22_29,concentration2_cluster_9_group_none,300.0,329.0,81.24,77.81,77.04,0.0,28.14,6.76,,,
spain07_23,concentration2_cluster_9_group_none,300.0,364.0,126.25,83.79,82.36,75.0,59.26,25.4,,,
spain07_23,distributed,300.0,364.0,124.61,83.24,82.23,63.64,63.62,17.46,,,
america20_26,concentration2_cluster_9_group_none,300.0,323.0,76.17,77.4,76.23,50.0,19.61,2.56,,,
america20_26,distributed,300.0,323.0,76.17,77.4,76.23,50.0,19.55,2.56,,,
ukraine12_13,concentration2_cluster_9_group_none,300.0,255.0,77.43,81.96,80.14,80.0,51.32,28.3,,,
ukraine12_13,distributed,300.0,255.0,76.17,81.57,79.91,70.0,52.17,18.87,,,
india13_13,distributed,300.0,243.0,114.74,88.48,87.44,37.5,47.22,25.81,,,
india13_13,concentration2_cluster_9_group_none,300.0,243.0,114.74,88.48,87.44,100.0,48.38,22.58,,,
ukraine12_3,distributed,300.0,255.0,47.97,74.12,72.58,52.38,62.0,31.34,,,
ukraine12_3,concentration2_cluster_9_group_none,300.0,255.0,48.31,74.12,72.72,47.62,53.73,31.34,,,
chile21_12,distributed,300.0,147.0,55.29,86.39,83.37,70.0,73.94,37.04,,,
chile21_12,concentration2_cluster_9_group_none,300.0,147.0,56.96,87.07,83.81,88.89,78.16,33.33,,,
myanmar11_6,distributed,300.0,235.0,65.79,80.43,78.89,81.82,50.44,22.0,,,
myanmar11_6,concentration2_cluster_9_group_none,300.0,235.0,60.54,78.3,77.77,90.0,45.44,20.0,,,
sapporo_10,distributed,300.0,253.0,101.43,85.77,84.79,75.0,32.48,10.81,,,
sapporo_10,concentration2_cluster_9_group_none,300.0,253.0,100.17,85.38,84.63,100.0,30.87,8.11,,,
italy54_24,concentration2_cluster_9_group_none,300.0,336.0,109.01,82.44,81.35,41.67,62.44,19.05,,,
italy54_24,distributed,300.0,336.0,110.1,83.04,81.4,42.11,64.33,30.16,,,
chile01_21,distributed,300.0,375.0,159.45,86.67,85.76,60.0,78.5,28.3,,,
chile01_21,concentration2_cluster_9_group_none,300.0,375.0,160.09,86.93,85.78,50.0,70.57,33.96,,,
cuba02_6,distributed,300.0,244.0,75.12,82.79,80.22,77.78,39.25,19.15,,,
cuba02_6,concentration2_cluster_9_group_none,300.0,244.0,74.43,82.38,80.13,71.43,43.11,14.89,,,
serbia04_18,distributed,300.0,251.0,103.49,86.45,85.19,70.0,45.95,27.03,,,
serbia04_18,concentration2_cluster_9_group_none,300.0,251.0,105.4,86.85,85.46,75.0,42.68,32.43,,,
nara01_16,concentration2_cluster_9_group_none,300.0,319.0,102.08,81.82,81.23,66.67,31.25,5.36,,,
nara01_16,distributed,300.0,319.0,102.69,82.13,81.27,25.0,30.16,7.14,,,
germany08_8,concentration2_cluster_9_group_none,300.0,269.0,125.48,89.59,86.95,81.25,68.3,39.02,,,
germany08_8,distributed,300.0,269.0,122.36,89.22,86.53,92.31,69.84,31.71,,,
austria32_1,concentration2_cluster_9_group_none,300.0,327.0,124.9,85.32,83.93,70.0,82.12,18.87,,,
austria32_1,distributed,300.0,327.0,124.07,85.32,83.79,61.54,78.76,24.53,,,
chile39_17,concentration2_cluster_9_group_none,300.0,375.0,178.32,90.13,87.21,62.16,98.01,68.52,,,
chile39_17,distributed,300.0,375.0,176.37,89.6,87.11,68.0,97.98,46.3,,,
canada34_22,distributed,300.0,279.0,91.08,82.44,81.47,100.0,54.75,16.67,,,
canada34_22,concentration2_cluster_9_group_none,300.0,279.0,93.6,83.51,81.76,70.0,51.02,18.52,,,
serbia02_10,concentration2_cluster_9_group_none,300.0,240.0,77.34,82.08,81.3,100.0,38.66,6.67,,,
serbia02_10,distributed,300.0,240.0,77.34,82.08,81.3,50.0,40.63,4.44,,,
burundi03_24,distributed,300.0,236.0,72.65,80.93,80.67,50.0,31.92,4.35,,,
burundi03_24,concentration2_cluster_9_group_none,300.0,236.0,72.65,80.93,80.67,0.0,32.73,0.0,,,
ukraine12_5,concentration2_cluster_9_group_none,300.0,255.0,82.06,83.53,80.92,72.73,44.32,21.15,,,
ukraine12_5,distributed,300.0,255.0,79.17,82.75,80.39,75.0,49.87,15.38,,,
ejypt04_27,concentration2_cluster_9_group_none,300.0,250.0,68.47,80.0,78.56,72.73,54.26,20.75,,,
ejypt04_27,distributed,300.0,250.0,71.11,81.2,79.02,75.0,54.25,15.09,,,
ishikawa_25,distributed,300.0,310.0,124.31,85.81,84.79,100.0,43.02,4.17,,,
ishikawa_25,concentration2_cluster_9_group_none,300.0,310.0,123.15,85.48,84.67,100.0,41.65,4.17,,,
argentina10_26,distributed,300.0,336.0,95.39,80.06,79.26,83.33,32.59,8.96,,,
argentina10_26,concentration2_cluster_9_group_none,300.0,336.0,95.81,80.06,79.35,83.33,31.55,8.96,,,
india10_15,distributed,300.0,247.0,86.47,83.4,82.64,33.33,31.1,7.32,,,
india10_15,concentration2_cluster_9_group_none,300.0,247.0,86.47,83.4,82.64,75.0,30.84,9.76,,,
myanmar13_8,distributed,300.0,228.0,69.11,81.58,80.2,0.0,40.71,2.27,,,
myanmar13_8,concentration2_cluster_9_group_none,300.0,228.0,69.11,81.58,80.2,33.33,41.76,6.82,,,
italy36_20,distributed,300.0,281.0,115.95,87.54,84.96,61.11,83.3,40.0,,,
italy36_20,concentration2_cluster_9_group_none,300.0,281.0,111.51,85.77,84.59,52.17,76.34,51.11,,,
india13_16,concentration2_cluster_9_group_none,300.0,243.0,83.61,82.72,82.46,83.33,38.82,15.0,,,
india13_16,distributed,300.0,243.0,84.53,83.13,82.58,83.33,42.14,15.0,,,
italy54_3,distributed,300.0,336.0,110.32,83.63,81.3,66.67,65.89,31.34,,,
italy54_3,concentration2_cluster_9_group_none,300.0,336.0,109.77,83.33,81.27,75.0,68.83,23.88,,,
italy36_26,distributed,300.0,281.0,137.65,90.75,87.67,65.0,90.21,54.05,,,
italy36_26,concentration2_cluster_9_group_none,300.0,281.0,137.05,89.68,87.82,48.0,94.39,67.57,,,
belize01_16,distributed,300.0,324.0,116.2,83.33,83.14,0.0,23.75,0.0,,,
belize01_16,concentration2_cluster_9_group_none,300.0,324.0,116.2,83.33,83.14,100.0,24.09,1.96,,,
peru19_4,distributed,300.0,331.0,135.62,86.71,85.01,80.0,57.74,19.23,,,
peru19_4,concentration2_cluster_9_group_none,300.0,331.0,140.89,87.92,85.49,76.92,57.82,25.0,,,
bolivia01,distributed,300.0,243.0,91.41,84.36,83.85,80.0,51.26,14.29,,,
bolivia01,concentration2_cluster_9_group_none,300.0,243.0,92.36,84.77,83.96,100.0,50.77,8.57,,,
myanmar14_8,distributed,300.0,241.0,78.0,82.57,81.27,66.67,29.96,6.52,,,
myanmar14_8,concentration2_cluster_9_group_none,300.0,241.0,78.0,82.57,81.27,100.0,28.56,4.35,,,
america52_21,distributed,300.0,375.0,154.78,86.4,85.22,62.5,48.15,14.55,,,
america52_21,concentration2_cluster_9_group_none,300.0,375.0,158.09,86.67,85.59,100.0,46.63,7.27,,,
new-zealand02_27,distributed,300.0,258.0,54.05,75.58,74.34,25.0,30.13,6.06,,,
new-zealand02_27,concentration2_cluster_9_group_none,300.0,258.0,54.02,75.58,74.33,88.89,31.06,13.64,,,
ukraine12_19,distributed,300.0,255.0,84.47,83.14,81.6,77.78,50.16,19.15,,,
ukraine12_19,concentration2_cluster_9_group_none,300.0,255.0,85.61,83.14,81.87,80.0,48.89,21.28,,,
myanmar11_13,distributed,300.0,235.0,83.15,84.26,82.65,60.0,51.86,12.5,,,
myanmar11_13,concentration2_cluster_9_group_none,300.0,235.0,83.15,84.26,82.65,100.0,49.13,10.0,,,
greece06_13,concentration2_cluster_9_group_none,300.0,342.0,124.36,83.63,83.34,100.0,41.36,7.41,,,
greece06_13,distributed,300.0,342.0,124.31,83.63,83.34,77.78,39.56,16.67,,,
ukraine12_22,distributed,300.0,255.0,70.51,80.0,78.75,80.0,50.67,18.87,,,
ukraine12_22,concentration2_cluster_9_group_none,300.0,255.0,70.36,79.61,78.81,71.43,42.76,13.21,,,
okayama_22,distributed,300.0,293.0,122.53,86.01,85.58,75.0,46.8,9.52,,,
okayama_22,concentration2_cluster_9_group_none,300.0,293.0,122.53,86.01,85.58,71.43,50.39,16.67,,,
india10_2,distributed,300.0,247.0,95.53,85.43,84.15,33.33,33.64,8.11,,,
india10_2,concentration2_cluster_9_group_none,300.0,247.0,95.53,85.43,84.15,66.67,35.37,8.11,,,
ukraine01_19,distributed,300.0,284.0,96.76,84.51,81.83,66.67,75.55,37.5,,,
ukraine01_19,concentration2_cluster_9_group_none,300.0,284.0,98.22,84.86,82.05,70.0,70.06,35.71,,,
sapporo_15,distributed,300.0,253.0,74.63,80.24,79.99,25.0,32.59,7.84,,,
sapporo_15,concentration2_cluster_9_group_none,300.0,253.0,74.63,80.24,79.99,75.0,32.92,7.84,,,
belize04_18,distributed,300.0,338.0,104.92,81.66,80.66,42.86,53.28,10.77,,,
belize04_18,concentration2_cluster_9_group_none,300.0,338.0,105.41,81.66,80.75,41.67,49.5,18.46,,,
indonesia63_20,concentration2_cluster_9_group_none,300.0,340.0,98.23,80.29,79.56,50.0,40.29,8.82,,,
indonesia63_20,distributed,300.0,340.0,98.23,80.29,79.56,50.0,38.82,2.94,,,
philippines22_19,distributed,300.0,329.0,101.85,82.07,80.5,100.0,31.09,1.67,,,
philippines22_19,concentration2_cluster_9_group_none,300.0,329.0,101.92,82.07,80.52,100.0,30.64,3.33,,,
burundi03_7,distributed,300.0,236.0,68.89,80.51,79.71,50.0,26.66,8.51,,,
burundi03_7,concentration2_cluster_9_group_none,300.0,236.0,68.89,80.51,79.71,100.0,26.42,6.38,,,
philippines25_10,distributed,300.0,371.0,151.28,85.98,85.08,77.78,77.66,16.67,,,
philippines25_10,concentration2_cluster_9_group_none,300.0,371.0,156.88,87.06,85.56,64.29,76.41,25.93,,,
austria37_27,concentration2_cluster_9_group_none,300.0,334.0,116.89,85.33,82.17,62.07,87.49,41.43,,,
austria37_27,distributed,300.0,334.0,105.28,83.23,80.58,31.25,89.58,45.71,,,
germany08,distributed,300.0,269.0,110.8,86.62,85.13,61.54,71.11,32.5,,,
germany08,concentration2_cluster_9_group_none,300.0,269.0,113.42,86.99,85.52,75.0,66.82,30.0,,,
peru19_29,concentration2_cluster_9_group_none,300.0,331.0,146.32,87.61,86.32,90.91,51.51,22.92,,,
peru19_29,distributed,300.0,331.0,142.2,87.01,85.89,87.5,56.46,16.67,,,
tokyo21_19,distributed,300.0,293.0,111.42,84.64,84.0,50.0,33.13,4.55,,,
tokyo21_19,concentration2_cluster_9_group_none,300.0,293.0,112.04,84.98,84.03,100.0,33.03,2.27,,,
netherlands04_15,distributed,300.0,342.0,122.06,83.92,82.9,90.0,49.78,16.39,,,
netherlands04_15,concentration2_cluster_9_group_none,300.0,342.0,123.52,84.5,83.0,72.73,48.38,18.03,,,
argeria01_14,distributed,300.0,235.0,145.1,92.34,91.95,100.0,69.44,31.58,,,
argeria01_14,concentration2_cluster_9_group_none,300.0,235.0,147.64,92.77,92.21,100.0,73.12,21.05,,,
venezuela02_26,distributed,300.0,295.0,221.63,96.27,95.04,100.0,66.6,52.63,,,
venezuela02_26,concentration2_cluster_9_group_none,300.0,295.0,216.91,96.27,94.61,90.0,72.72,52.63,,,
america04_29,concentration2_cluster_9_group_none,300.0,290.0,73.87,78.62,77.46,50.0,46.38,15.15,,,
america04_29,distributed,300.0,290.0,73.67,78.62,77.4,36.36,48.03,16.67,,,
nara01,distributed,300.0,319.0,92.58,80.25,79.66,0.0,25.61,1.59,,,
nara01,concentration2_cluster_9_group_none,300.0,319.0,92.58,80.25,79.66,0.0,27.63,3.17,,,
argentina10_25,distributed,300.0,336.0,86.96,79.46,77.56,80.0,31.48,6.85,,,
argentina10_25,concentration2_cluster_9_group_none,300.0,336.0,88.58,79.76,77.86,75.0,30.88,10.96,,,
america52_25,distributed,300.0,375.0,116.15,81.87,80.56,70.0,55.77,14.08,,,
america52_25,concentration2_cluster_9_group_none,300.0,375.0,117.45,82.13,80.72,90.91,50.52,15.49,,,
chile21_10,distributed,300.0,147.0,49.93,83.67,81.97,50.0,86.18,48.0,,,
chile21_10,concentration2_cluster_9_group_none,300.0,147.0,46.57,82.99,80.74,81.82,69.8,44.0,,,
venezuela01_28,distributed,300.0,299.0,225.32,96.66,95.02,81.82,97.37,57.89,,,
venezuela01_28,concentration2_cluster_9_group_none,300.0,299.0,224.09,96.66,94.91,100.0,94.58,42.11,,,
peru24_20,distributed,300.0,326.0,219.18,94.48,93.2,66.67,92.47,40.91,,,
peru24_20,concentration2_cluster_9_group_none,300.0,326.0,224.33,94.79,93.6,100.0,79.21,36.36,,,
yamanashi_18,concentration2_cluster_9_group_none,300.0,320.0,124.52,85.63,84.23,100.0,39.79,8.0,,,
yamanashi_18,distributed,300.0,320.0,124.13,85.63,84.16,75.0,39.0,8.0,,,
austria22_1,distributed,300.0,315.0,133.54,86.35,85.77,66.67,55.48,13.64,,,
austria22_1,concentration2_cluster_9_group_none,300.0,315.0,134.23,86.67,85.8,87.5,51.78,18.18,,,
venezuela01_7,distributed,300.0,299.0,243.28,97.32,96.42,100.0,99.0,41.67,,,
venezuela01_7,concentration2_cluster_9_group_none,300.0,299.0,241.93,96.66,96.44,100.0,96.66,33.33,,,
chile01_13,concentration2_cluster_9_group_none,300.0,375.0,151.5,86.13,84.86,64.71,73.11,28.81,,,
chile01_13,distributed,300.0,375.0,150.52,86.13,84.73,59.09,79.41,37.29,,,
philippines25_29,concentration2_cluster_9_group_none,300.0,371.0,121.86,83.02,81.46,92.86,68.66,20.0,,,
philippines25_29,distributed,300.0,371.0,118.49,82.48,81.02,71.43,67.51,20.0,,,
italy54_17,distributed,300.0,336.0,111.86,82.74,81.79,38.89,66.23,29.51,,,
italy54_17,concentration2_cluster_9_group_none,300.0,336.0,110.9,82.44,81.69,50.0,66.42,26.23,,,
turkey33_14,distributed,300.0,267.0,148.62,91.39,90.09,88.89,76.57,33.33,,,
turkey33_14,concentration2_cluster_9_group_none,300.0,267.0,145.79,90.64,89.86,55.56,81.84,33.33,,,
china41_25,distributed,300.0,241.0,92.45,85.89,83.88,71.43,60.22,17.5,,,
china41_25,concentration2_cluster_9_group_none,300.0,241.0,92.09,85.89,83.8,41.67,50.32,30.0,,,
sapporo_21,distributed,300.0,253.0,99.28,84.98,84.55,66.67,39.73,7.69,,,
sapporo_21,concentration2_cluster_9_group_none,300.0,253.0,99.26,84.98,84.54,100.0,39.07,5.13,,,
okayama_21,distributed,300.0,293.0,132.5,88.74,86.52,87.5,48.61,20.0,,,
okayama_21,concentration2_cluster_9_group_none,300.0,293.0,133.56,88.74,86.68,85.71,47.74,17.5,,,
philippines25_22,distributed,300.0,371.0,129.83,83.83,82.53,76.92,76.75,19.7,,,
philippines25_22,concentration2_cluster_9_group_none,300.0,371.0,133.18,84.37,82.91,78.57,77.91,21.21,,,
china19_26,distributed,300.0,276.0,184.19,94.57,93.03,77.78,87.36,40.91,,,
china19_26,concentration2_cluster_9_group_none,300.0,276.0,190.16,95.29,93.51,100.0,95.54,45.45,,,
bulgaria05_3,distributed,300.0,180.0,49.42,78.89,78.89,0.0,35.75,2.7,,,
bulgaria05_3,concentration2_cluster_9_group_none,300.0,180.0,49.88,79.44,78.94,66.67,34.95,8.11,,,
hukuoka01_20,distributed,300.0,367.0,178.65,89.37,87.85,87.5,89.01,32.0,,,
hukuoka01_20,concentration2_cluster_9_group_none,300.0,367.0,178.66,89.92,87.73,77.78,93.46,36.0,,,
america20_10,concentration2_cluster_9_group_none,300.0,323.0,80.75,78.02,77.24,60.0,20.3,7.25,,,
america20_10,distributed,300.0,323.0,81.14,78.33,77.26,80.0,21.07,7.25,,,
turkey18,distributed,300.0,253.0,83.28,83.0,81.5,44.44,64.33,20.45,,,
turkey18,concentration2_cluster_9_group_none,300.0,253.0,86.85,84.98,81.87,81.82,68.56,25.0,,,
america35_1,distributed,300.0,342.0,92.64,79.82,78.38,50.0,39.07,11.27,,,
america35_1,concentration2_cluster_9_group_none,300.0,342.0,92.2,79.82,78.29,100.0,38.02,7.04,,,
america03_16,concentration2_cluster_9_group_none,300.0,334.0,119.46,85.63,82.54,88.89,57.21,30.0,,,
america03_16,distributed,300.0,334.0,116.97,84.73,82.33,62.5,57.57,26.67,,,
greece22_29,concentration2_cluster_9_group_none,300.0,348.0,141.35,85.92,85.02,61.54,50.68,25.0,,,
greece22_29,distributed,300.0,348.0,141.35,85.92,85.02,71.43,48.04,13.46,,,
philippines30_5,distributed,300.0,290.0,71.85,79.31,76.73,92.31,52.2,18.84,,,
philippines30_5,concentration2_cluster_9_group_none,300.0,290.0,72.62,78.97,77.03,100.0,55.56,15.94,,,
germany08_2,concentration2_cluster_9_group_none,300.0,269.0,116.7,88.85,85.66,64.71,75.62,42.5,,,
germany08_2,distributed,300.0,269.0,112.5,88.1,85.1,23.53,72.78,42.5,,,
indonesia43_5,distributed,300.0,344.0,137.62,85.47,84.82,66.67,62.5,11.54,,,
indonesia43_5,concentration2_cluster_9_group_none,300.0,344.0,136.61,85.47,84.67,58.33,61.81,23.08,,,
peru13_27,concentration2_cluster_9_group_none,300.0,319.0,140.84,87.77,86.26,84.62,65.96,26.0,,,
peru13_27,distributed,300.0,319.0,141.49,88.71,86.14,100.0,65.07,22.0,,,
myanmar13_6,distributed,300.0,228.0,83.64,84.21,83.38,66.67,38.24,7.89,,,
myanmar13_6,concentration2_cluster_9_group_none,300.0,228.0,83.64,84.21,83.38,100.0,37.48,7.89,,,
tokyo12_5,distributed,300.0,352.0,81.68,76.99,76.01,66.67,45.15,7.06,,,
tokyo12_5,concentration2_cluster_9_group_none,300.0,352.0,81.85,76.99,76.05,50.0,46.54,7.06,,,
turkey33_18,distributed,300.0,267.0,141.05,89.51,89.45,62.5,87.88,27.59,,,
turkey33_18,concentration2_cluster_9_group_none,300.0,267.0,138.27,89.14,89.14,50.0,89.41,41.38,,,
burundi03_23,distributed,300.0,236.0,77.58,82.63,81.57,0.0,32.23,2.56,,,
burundi03_23,concentration2_cluster_9_group_none,300.0,236.0,77.58,82.63,81.57,50.0,35.33,5.13,,,
italy16_14,distributed,300.0,214.0,95.97,88.32,86.45,70.0,77.21,31.25,,,
italy16_14,concentration2_cluster_9_group_none,300.0,214.0,92.26,86.92,85.98,45.45,67.35,34.38,,,
philippines34_20,distributed,300.0,346.0,91.67,78.9,78.18,50.0,50.53,2.7,,,
philippines34_20,concentration2_cluster_9_group_none,300.0,346.0,92.14,79.19,78.2,25.0,49.92,10.81,,,
indonesia80_12,distributed,300.0,344.0,110.41,81.98,81.25,50.0,46.8,3.28,,,
indonesia80_12,concentration2_cluster_9_group_none,300.0,344.0,110.41,81.98,81.25,75.0,44.87,6.56,,,
chile03_13,distributed,300.0,319.0,107.11,83.07,81.88,55.56,43.72,15.79,,,
chile03_13,concentration2_cluster_9_group_none,300.0,319.0,111.17,84.01,82.4,100.0,42.94,12.28,,,
yamanashi_6,distributed,300.0,320.0,95.99,80.94,80.15,100.0,41.2,4.69,,,
yamanashi_6,concentration2_cluster_9_group_none,300.0,320.0,96.85,81.25,80.25,100.0,43.53,6.25,,,
philippines20_14,distributed,300.0,324.0,85.53,79.32,78.0,66.67,54.02,13.04,,,
philippines20_14,concentration2_cluster_9_group_none,300.0,324.0,89.0,79.94,78.64,80.0,52.9,14.49,,,
sapporo_20,concentration2_cluster_9_group_none,300.0,253.0,78.41,81.03,80.78,60.0,38.01,10.2,,,
sapporo_20,distributed,300.0,253.0,78.41,81.03,80.78,50.0,36.04,8.16,,,
indonesia63_17,concentration2_cluster_9_group_none,300.0,340.0,121.19,83.82,82.9,40.0,36.42,8.93,,,
indonesia63_17,distributed,300.0,340.0,121.19,83.82,82.9,0.0,36.57,3.57,,,
india10_29,distributed,300.0,247.0,82.22,82.59,81.83,50.0,35.92,8.89,,,
india10_29,concentration2_cluster_9_group_none,300.0,247.0,82.22,82.59,81.83,60.0,39.05,11.11,,,
myanmar03_6,distributed,300.0,240.0,71.54,80.83,80.05,100.0,26.47,20.83,,,
myanmar03_6,concentration2_cluster_9_group_none,300.0,240.0,71.54,80.83,80.05,88.89,26.94,18.75,,,
myanmar03_13,distributed,300.0,240.0,58.82,77.92,76.87,0.0,20.34,0.0,,,
myanmar03_13,concentration2_cluster_9_group_none,300.0,240.0,58.82,77.92,76.87,0.0,20.47,1.89,,,
new-zealand20_10,concentration2_cluster_9_group_none,300.0,330.0,170.25,91.21,88.6,94.12,82.74,39.53,,,
new-zealand20_10,distributed,300.0,330.0,163.79,90.0,88.1,55.56,82.37,41.86,,,
greece22_10,distributed,300.0,348.0,123.48,83.62,82.86,100.0,55.7,8.47,,,
greece22_10,concentration2_cluster_9_group_none,300.0,348.0,124.62,84.2,82.9,66.67,48.14,15.25,,,
bulgaria05_7,distributed,300.0,180.0,46.9,78.89,77.85,100.0,24.76,5.26,,,
bulgaria05_7,concentration2_cluster_9_group_none,300.0,180.0,46.9,78.89,77.85,100.0,24.2,5.26,,,
peru19_12,concentration2_cluster_9_group_none,300.0,331.0,119.48,84.29,83.04,63.64,49.11,20.37,,,
peru19_12,distributed,300.0,331.0,117.35,83.99,82.75,77.78,52.08,16.67,,,
peru13_29,distributed,300.0,319.0,134.43,87.46,85.4,84.62,61.82,26.53,,,
peru13_29,concentration2_cluster_9_group_none,300.0,319.0,130.97,86.83,85.02,80.0,57.43,30.61,,,
america52_19,concentration2_cluster_9_group_none,300.0,375.0,133.91,83.73,82.96,71.43,51.69,11.29,,,
america52_19,distributed,300.0,375.0,134.66,83.73,83.07,75.0,50.54,12.9,,,
philippines30,distributed,300.0,290.0,117.27,86.21,84.86,66.67,51.57,20.0,,,
philippines30,concentration2_cluster_9_group_none,300.0,290.0,115.64,85.86,84.66,44.44,56.06,20.0,,,
canada34_11,distributed,300.0,279.0,99.08,83.87,82.81,85.71,62.03,14.0,,,
canada34_11,concentration2_cluster_9_group_none,300.0,279.0,102.48,84.95,83.23,70.0,55.06,20.0,,,
chile21_27,distributed,300.0,147.0,40.8,81.63,78.42,83.33,86.15,35.29,,,
chile21_27,concentration2_cluster_9_group_none,300.0,147.0,42.59,83.67,78.79,85.71,83.3,41.18,,,
peru24_9,concentration2_cluster_9_group_none,300.0,326.0,235.35,96.01,94.3,100.0,90.92,56.52,,,
peru24_9,distributed,300.0,326.0,237.58,96.01,94.49,84.62,91.37,56.52,,,
serbia02_8,distributed,300.0,240.0,52.01,76.25,74.84,80.0,34.7,8.33,,,
serbia02_8,concentration2_cluster_9_group_none,300.0,240.0,52.56,76.67,74.94,75.0,35.32,6.67,,,
okayama_11,concentration2_cluster_9_group_none,300.0,293.0,135.67,88.05,87.15,90.91,63.4,28.95,,,
okayama_11,distributed,300.0,293.0,135.66,88.05,87.14,70.0,64.97,26.32,,,
ukraine01_14,distributed,300.0,284.0,108.11,85.56,83.8,88.89,71.33,20.0,,,
ukraine01_14,concentration2_cluster_9_group_none,300.0,284.0,105.37,84.15,83.62,64.29,73.15,31.11,,,
greece06_9,distributed,300.0,342.0,115.13,82.75,82.01,16.67,42.42,9.68,,,
greece06_9,concentration2_cluster_9_group_none,300.0,342.0,115.13,82.75,82.01,50.0,41.72,12.9,,,
myanmar03_10,distributed,300.0,240.0,54.37,76.25,75.73,0.0,28.79,1.79,,,
myanmar03_10,concentration2_cluster_9_group_none,300.0,240.0,54.37,76.25,75.73,50.0,26.68,3.57,,,
ejypt04_14,distributed,300.0,250.0,66.65,79.2,78.22,70.0,62.88,18.52,,,
ejypt04_14,concentration2_cluster_9_group_none,300.0,250.0,69.67,80.4,78.81,81.82,60.35,20.37,,,
chile47_18,concentration2_cluster_9_group_none,300.0,375.0,267.33,95.73,94.1,94.12,98.65,62.96,,,
chile47_18,distributed,300.0,375.0,263.2,94.93,93.96,69.23,94.02,48.15,,,
indonesia80_13,distributed,300.0,344.0,105.97,81.4,80.57,40.0,58.21,7.81,,,
indonesia80_13,concentration2_cluster_9_group_none,300.0,344.0,105.53,81.1,80.56,100.0,56.48,3.13,,,
austria37_25,concentration2_cluster_9_group_none,300.0,334.0,104.9,83.83,80.36,44.83,80.46,39.73,,,
austria37_25,distributed,300.0,334.0,105.56,84.73,80.28,68.18,82.82,30.14,,,
chile47_23,distributed,300.0,375.0,231.93,93.6,91.71,65.0,99.36,58.82,,,
chile47_23,concentration2_cluster_9_group_none,300.0,375.0,229.76,93.6,91.53,78.26,86.43,67.65,,,
netherlands04,distributed,300.0,342.0,111.45,83.04,81.29,75.0,37.25,12.5,,,
netherlands04,concentration2_cluster_9_group_none,300.0,342.0,107.66,81.87,80.88,85.71,38.85,10.94,,,
america52_18,concentration2_cluster_9_group_none,300.0,375.0,128.02,83.73,82.06,88.24,49.56,24.64,,,
america52_18,distributed,300.0,375.0,127.67,84.0,81.94,71.43,45.45,20.29,,,
austria13_9,distributed,300.0,188.0,62.17,84.04,81.35,83.33,55.37,17.65,,,
austria13_9,concentration2_cluster_9_group_none,300.0,188.0,62.88,84.57,81.45,100.0,54.79,17.65,,,
argeria01_23,distributed,300.0,235.0,145.3,93.19,91.79,100.0,69.72,11.11,,,
argeria01_23,concentration2_cluster_9_group_none,300.0,235.0,143.97,92.77,91.7,40.0,68.63,27.78,,,
nara01_4,distributed,300.0,319.0,87.7,79.62,78.73,33.33,34.43,4.62,,,
nara01_4,concentration2_cluster_9_group_none,300.0,319.0,87.29,79.31,78.72,0.0,33.58,0.0,,,
spain07_21,distributed,300.0,364.0,114.83,82.14,80.86,72.73,67.8,16.42,,,
spain07_21,concentration2_cluster_9_group_none,300.0,364.0,115.75,82.14,81.02,61.54,68.17,19.4,,,
ejypt04,distributed,300.0,250.0,73.21,81.6,79.51,66.67,57.87,16.98,,,
ejypt04,concentration2_cluster_9_group_none,300.0,250.0,75.7,82.0,80.07,81.82,64.02,20.75,,,
austria22_8,distributed,300.0,315.0,92.59,81.27,79.66,55.56,53.85,14.06,,,
austria22_8,concentration2_cluster_9_group_none,300.0,315.0,93.17,81.59,79.71,80.0,57.92,15.63,,,
congo10_18,distributed,300.0,335.0,135.05,85.67,84.92,50.0,32.79,4.0,,,
congo10_18,concentration2_cluster_9_group_none,300.0,335.0,135.05,85.67,84.92,50.0,32.81,4.0,,,
austria37_7,concentration2_cluster_9_group_none,300.0,334.0,145.71,87.72,86.03,63.64,85.97,44.9,,,
austria37_7,distributed,300.0,334.0,142.22,87.72,85.54,62.5,84.44,32.65,,,
belize04_4,distributed,300.0,338.0,111.98,82.54,81.74,35.71,58.18,23.33,,,
belize04_4,concentration2_cluster_9_group_none,300.0,338.0,118.7,84.62,82.41,66.67,56.67,25.0,,,
indonesia63_8,distributed,300.0,340.0,88.07,79.71,77.52,100.0,43.14,6.76,,,
indonesia63_8,concentration2_cluster_9_group_none,300.0,340.0,87.92,79.71,77.49,83.33,41.72,8.11,,,
ukraine12_17,distributed,300.0,255.0,61.64,77.65,76.66,80.0,54.7,17.54,,,
ukraine12_17,concentration2_cluster_9_group_none,300.0,255.0,62.96,78.04,76.99,66.67,57.71,15.79,,,
new-zealand20,distributed,300.0,330.0,188.53,92.42,90.38,86.67,83.15,42.86,,,
new-zealand20,concentration2_cluster_9_group_none,300.0,330.0,181.12,91.21,89.84,78.57,73.01,40.0,,,
italy16,distributed,300.0,214.0,78.61,85.05,83.21,100.0,92.02,11.43,,,
italy16,concentration2_cluster_9_group_none,300.0,214.0,82.51,85.98,83.96,88.89,90.39,25.71,,,
myanmar15_28,distributed,300.0,255.0,68.01,79.22,78.23,66.67,30.36,5.66,,,
myanmar15_28,concentration2_cluster_9_group_none,300.0,255.0,68.01,79.22,78.23,66.67,29.97,5.66,,,
myanmar11_16,distributed,300.0,235.0,86.6,83.83,83.56,75.0,45.05,10.53,,,
myanmar11_16,concentration2_cluster_9_group_none,300.0,235.0,86.6,83.83,83.56,80.0,41.36,13.16,,,
greece22_5,distributed,300.0,348.0,136.81,85.06,84.56,33.33,45.65,11.32,,,
greece22_5,concentration2_cluster_9_group_none,300.0,348.0,135.51,84.77,84.44,30.77,43.44,24.53,,,
china41_15,distributed,300.0,241.0,96.87,85.48,84.91,50.0,51.13,17.65,,,
china41_15,concentration2_cluster_9_group_none,300.0,241.0,99.15,86.72,85.09,85.71,55.7,20.59,,,
venezuela01_27,distributed,300.0,299.0,235.36,97.32,95.76,90.0,97.53,71.43,,,
venezuela01_27,concentration2_cluster_9_group_none,300.0,299.0,238.98,96.99,96.13,62.5,95.81,57.14,,,
belize01_11,distributed,300.0,324.0,110.75,83.02,82.25,100.0,24.08,1.82,,,
belize01_11,concentration2_cluster_9_group_none,300.0,324.0,110.75,83.02,82.25,100.0,24.73,1.82,,,
peru19_24,distributed,300.0,331.0,140.06,86.71,85.65,62.5,60.35,17.02,,,
peru19_24,concentration2_cluster_9_group_none,300.0,331.0,141.74,87.01,85.82,81.82,60.49,23.4,,,
peru24_5,distributed,300.0,326.0,254.14,97.24,95.58,85.71,93.5,70.0,,,
peru24_5,concentration2_cluster_9_group_none,300.0,326.0,252.99,97.55,95.43,85.71,85.81,70.0,,,
china10_23,distributed,300.0,242.0,140.99,91.74,90.92,100.0,74.76,20.83,,,
china10_23,concentration2_cluster_9_group_none,300.0,242.0,137.68,91.32,90.53,83.33,66.3,25.0,,,
canada33,distributed,300.0,237.0,56.37,77.64,76.34,33.33,46.62,22.64,,,
canada33,concentration2_cluster_9_group_none,300.0,237.0,55.36,77.22,76.09,14.29,42.66,26.42,,,
slovenia10_21,concentration2_cluster_9_group_none,300.0,201.0,73.93,83.58,83.58,100.0,35.96,3.33,,,
slovenia10_21,distributed,300.0,201.0,75.1,84.08,83.78,50.0,38.78,6.67,,,
greece06,concentration2_cluster_9_group_none,300.0,342.0,135.31,85.38,84.62,80.0,44.01,20.83,,,
greece06,distributed,300.0,342.0,137.6,85.96,84.82,88.89,45.24,18.75,,,
chile23_13,concentration2_cluster_9_group_none,300.0,334.0,112.27,82.34,82.08,56.25,56.41,27.59,,,
chile23_13,distributed,300.0,334.0,113.54,82.93,82.16,64.29,59.47,24.14,,,
netherlands04_29,concentration2_cluster_9_group_none,300.0,342.0,93.33,79.82,78.53,80.0,37.82,13.7,,,
netherlands04_29,distributed,300.0,342.0,92.49,79.53,78.43,85.71,37.32,9.59,,,
slovenia06_19,distributed,300.0,320.0,129.58,86.25,84.88,20.0,51.8,10.2,,,
slovenia06_19,concentration2_cluster_9_group_none,300.0,320.0,128.94,85.94,84.85,83.33,49.22,12.24,,,
italy16_1,concentration2_cluster_9_group_none,300.0,214.0,77.29,85.51,82.76,90.91,69.74,30.56,,,
italy16_1,distributed,300.0,214.0,77.89,85.51,82.92,100.0,79.6,36.11,,,
netherlands04_3,distributed,300.0,342.0,105.31,81.58,80.51,75.0,40.29,6.15,,,
netherlands04_3,concentration2_cluster_9_group_none,300.0,342.0,104.59,81.29,80.45,66.67,39.21,9.23,,,
indonesia63_4,concentration2_cluster_9_group_none,300.0,340.0,95.54,80.0,79.07,0.0,42.19,0.0,,,
indonesia63_4,distributed,300.0,340.0,95.54,80.0,79.07,66.67,40.63,4.35,,,
iceland07_3,concentration2_cluster_9_group_none,300.0,244.0,76.93,83.2,80.59,90.0,76.47,20.0,,,
iceland07_3,distributed,300.0,244.0,76.19,82.79,80.5,70.0,77.62,20.0,,,
croatia07_25,concentration2_cluster_9_group_none,300.0,221.0,68.22,81.45,80.6,0.0,39.65,10.0,,,
croatia07_25,distributed,300.0,221.0,68.22,81.45,80.6,28.57,41.29,17.5,,,
turkey18_15,distributed,300.0,253.0,79.88,82.61,80.76,100.0,76.02,29.17,,,
turkey18_15,concentration2_cluster_9_group_none,300.0,253.0,78.38,81.82,80.58,82.35,68.8,35.42,,,
india06_7,concentration2_cluster_9_group_none,300.0,235.0,111.93,88.51,87.61,85.71,69.28,24.14,,,
india06_7,distributed,300.0,235.0,109.59,88.51,87.18,71.43,68.24,24.14,,,
slovenia10_1,concentration2_cluster_9_group_none,300.0,201.0,56.81,79.6,79.29,80.0,39.82,12.82,,,
slovenia10_1,distributed,300.0,201.0,56.81,79.6,79.29,66.67,39.45,15.38,,,
italy54_5,concentration2_cluster_9_group_none,300.0,336.0,112.05,84.23,81.47,86.96,52.74,33.33,,,
italy54_5,distributed,300.0,336.0,106.36,83.04,80.71,88.24,56.48,24.64,,,
chile03_29,distributed,300.0,319.0,104.09,82.13,81.54,90.0,41.1,17.54,,,
chile03_29,concentration2_cluster_9_group_none,300.0,319.0,104.09,82.13,81.54,80.0,40.77,17.54,,,
slovenia10_17,concentration2_cluster_9_group_none,300.0,201.0,68.42,82.59,82.27,83.33,42.64,18.18,,,
slovenia10_17,distributed,300.0,201.0,69.1,83.08,82.35,75.0,40.89,12.12,,,
argentina10_18,distributed,300.0,336.0,111.69,83.04,81.69,75.0,34.06,20.0,,,
argentina10_18,concentration2_cluster_9_group_none,300.0,336.0,111.18,83.04,81.6,78.57,32.24,23.33,,,
austria08_23,concentration2_cluster_9_group_none,300.0,220.0,69.06,82.27,80.73,66.67,39.76,27.27,,,
austria08_23,distributed,300.0,220.0,66.79,81.82,80.17,90.0,34.48,22.73,,,
indonesia80_10,distributed,300.0,344.0,121.97,83.14,82.96,33.33,57.74,5.66,,,
indonesia80_10,concentration2_cluster_9_group_none,300.0,344.0,123.46,83.72,83.06,100.0,56.69,3.77,,,
tokyo03_19,concentration2_cluster_9_group_none,300.0,237.0,95.21,85.65,84.86,100.0,38.96,5.41,,,
tokyo03_19,distributed,300.0,237.0,95.21,85.65,84.86,33.33,39.01,8.11,,,
ibaragi_9,concentration2_cluster_9_group_none,300.0,258.0,100.29,85.66,84.2,50.0,39.68,15.38,,,
ibaragi_9,distributed,300.0,258.0,100.29,85.66,84.2,40.0,39.81,12.82,,,
greece06_3,distributed,300.0,342.0,115.35,82.75,82.05,60.0,34.49,8.33,,,
greece06_3,concentration2_cluster_9_group_none,300.0,342.0,114.11,82.46,81.9,60.0,33.13,16.67,,,
austria20_6,distributed,300.0,173.0,46.68,79.77,78.32,77.78,59.73,25.71,,,
austria20_6,concentration2_cluster_9_group_none,300.0,173.0,46.68,79.77,78.32,40.0,54.74,14.29,,,
india13_18,concentration2_cluster_9_group_none,300.0,243.0,111.81,88.48,86.92,50.0,46.24,12.5,,,
india13_18,distributed,300.0,243.0,113.64,88.89,87.15,66.67,49.46,9.38,,,
chile23_11,concentration2_cluster_9_group_none,300.0,334.0,153.16,88.02,86.96,80.0,49.1,11.63,,,
chile23_11,distributed,300.0,334.0,150.52,87.72,86.68,33.33,56.18,6.98,,,
netherlands04_25,distributed,300.0,342.0,79.42,77.49,75.9,50.0,47.76,12.82,,,
netherlands04_25,concentration2_cluster_9_group_none,300.0,342.0,83.88,78.65,76.69,78.57,47.46,17.95,,,
serbia04_10,distributed,300.0,251.0,86.59,83.67,82.28,50.0,52.24,13.33,,,
serbia04_10,concentration2_cluster_9_group_none,300.0,251.0,86.12,83.27,82.27,37.5,52.1,17.78,,,
mongolia05_29,distributed,300.0,250.0,114.2,88.4,86.8,43.75,90.34,45.71,,,
mongolia05_29,concentration2_cluster_9_group_none,300.0,250.0,125.92,91.2,88.13,77.78,78.05,51.43,,,
mongolia05_10,concentration2_cluster_9_group_none,300.0,250.0,137.23,91.2,89.85,77.78,83.69,33.33,,,
mongolia05_10,distributed,300.0,250.0,136.3,92.0,89.54,92.86,82.77,51.85,,,
sapporo_18,distributed,300.0,253.0,63.88,78.66,77.27,80.0,40.81,8.62,,,
sapporo_18,concentration2_cluster_9_group_none,300.0,253.0,63.54,78.26,77.27,33.33,37.92,10.34,,,
slovenia10_5,concentration2_cluster_9_group_none,300.0,201.0,72.74,84.08,83.14,100.0,36.59,2.94,,,
slovenia10_5,distributed,300.0,201.0,72.74,84.08,83.14,50.0,38.22,5.88,,,
slovenia10_28,distributed,300.0,201.0,71.65,83.58,82.96,100.0,35.0,2.94,,,
slovenia10_28,concentration2_cluster_9_group_none,300.0,201.0,71.65,83.58,82.96,100.0,37.99,2.94,,,
slovenia10_29,distributed,300.0,201.0,79.82,85.07,84.76,50.0,41.55,7.14,,,
slovenia10_29,concentration2_cluster_9_group_none,300.0,201.0,79.82,85.07,84.76,0.0,41.18,3.57,,,
argentina10_20,concentration2_cluster_9_group_none,300.0,336.0,103.44,81.85,80.44,83.33,34.0,9.23,,,
argentina10_20,distributed,300.0,336.0,103.12,81.85,80.38,85.71,36.08,10.77,,,
tokyo03_10,distributed,300.0,237.0,96.45,86.08,85.02,50.0,30.65,5.56,,,
tokyo03_10,concentration2_cluster_9_group_none,300.0,237.0,96.45,86.08,85.02,0.0,29.42,0.0,,,
sapporo_25,concentration2_cluster_9_group_none,300.0,253.0,83.38,82.21,81.72,100.0,35.98,6.52,,,
sapporo_25,distributed,300.0,253.0,83.38,82.21,81.72,100.0,38.75,6.52,,,
philippines34_9,distributed,300.0,346.0,117.82,82.95,82.19,100.0,52.33,4.92,,,
philippines34_9,concentration2_cluster_9_group_none,300.0,346.0,117.76,82.95,82.18,87.5,48.56,13.11,,,
ukraine11_15,distributed,300.0,249.0,79.75,83.53,80.83,93.75,48.28,32.65,,,
ukraine11_15,concentration2_cluster_9_group_none,300.0,249.0,85.7,85.54,81.79,87.5,48.48,32.65,,,
indonesia79_10,distributed,300.0,318.0,98.62,81.76,80.61,55.0,89.05,32.79,,,
indonesia79_10,concentration2_cluster_9_group_none,300.0,318.0,102.59,83.02,81.1,55.56,86.17,29.51,,,
chile39_18,distributed,300.0,375.0,226.8,93.07,91.38,81.82,91.24,56.41,,,
chile39_18,concentration2_cluster_9_group_none,300.0,375.0,231.72,93.6,91.69,76.92,98.59,66.67,,,
philippines25,distributed,300.0,371.0,101.03,80.05,78.43,53.33,76.63,18.75,,,
philippines25,concentration2_cluster_9_group_none,300.0,371.0,103.72,80.86,78.76,72.73,78.73,27.5,,,
belize04_5,concentration2_cluster_9_group_none,300.0,338.0,144.58,86.98,85.8,72.73,64.49,24.44,,,
belize04_5,distributed,300.0,338.0,141.09,86.09,85.52,50.0,36.25,4.44,,,
slovenia10_4,concentration2_cluster_9_group_none,300.0,201.0,66.69,82.09,81.88,100.0,32.51,8.82,,,
slovenia10_4,distributed,300.0,201.0,67.43,82.59,81.98,100.0,33.72,5.88,,,
hukuoka01_25,distributed,300.0,367.0,210.44,91.83,90.58,61.54,89.28,36.11,,,
hukuoka01_25,concentration2_cluster_9_group_none,300.0,367.0,223.0,92.92,91.51,76.92,84.88,36.11,,,
burundi03_17,distributed,300.0,236.0,73.72,81.36,80.85,100.0,33.26,2.27,,,
burundi03_17,concentration2_cluster_9_group_none,300.0,236.0,72.65,80.93,80.67,100.0,34.01,2.27,,,
netherlands04_19,distributed,300.0,342.0,100.87,81.29,79.72,85.71,40.22,10.14,,,
netherlands04_19,concentration2_cluster_9_group_none,300.0,342.0,100.09,80.99,79.64,66.67,39.2,13.04,,,
philippines20_12,distributed,300.0,324.0,80.97,78.09,77.21,69.23,64.7,18.31,,,
philippines20_12,concentration2_cluster_9_group_none,300.0,324.0,81.35,78.4,77.23,90.0,62.12,14.08,,,
hungary01_24,concentration2_cluster_9_group_none,300.0,241.0,102.25,87.14,85.61,100.0,53.35,22.86,,,
hungary01_24,distributed,300.0,241.0,100.29,86.31,85.41,71.43,64.38,20.0,,,
myanmar03_27,concentration2_cluster_9_group_none,300.0,240.0,77.31,82.5,81.19,75.0,23.48,8.89,,,
myanmar03_27,distributed,300.0,240.0,77.31,82.5,81.19,60.0,25.62,11.11,,,
indonesia79_11,concentration2_cluster_9_group_none,300.0,318.0,89.24,79.87,79.08,30.77,76.8,20.63,,,
indonesia79_11,distributed,300.0,318.0,89.74,80.19,79.11,46.15,81.52,20.63,,,
ukraine11_6,concentration2_cluster_9_group_none,300.0,249.0,64.3,78.31,77.81,60.0,57.46,37.04,,,
ukraine11_6,distributed,300.0,249.0,78.21,83.53,80.44,83.33,55.82,33.33,,,
slovenia06_6,concentration2_cluster_9_group_none,300.0,320.0,145.25,87.81,86.8,87.5,48.88,19.51,,,
slovenia06_6,distributed,300.0,320.0,142.44,87.19,86.55,75.0,54.4,9.76,,,
myanmar15_22,distributed,300.0,255.0,53.15,75.69,74.21,0.0,35.92,3.33,,,
myanmar15_22,concentration2_cluster_9_group_none,300.0,255.0,53.15,75.69,74.21,0.0,36.6,3.33,,,
belize01_18,distributed,300.0,324.0,89.61,79.94,78.77,100.0,26.6,2.86,,,
belize01_18,concentration2_cluster_9_group_none,300.0,324.0,89.61,79.94,78.77,50.0,25.98,2.86,,,
hungary01_10,distributed,300.0,241.0,88.09,84.23,83.3,60.0,67.53,23.81,,,
hungary01_10,concentration2_cluster_9_group_none,300.0,241.0,92.17,85.89,83.82,70.0,63.56,23.81,,,
cuba02_8,distributed,300.0,244.0,82.46,83.2,81.98,85.71,41.26,15.91,,,
cuba02_8,concentration2_cluster_9_group_none,300.0,244.0,82.79,83.2,82.06,71.43,39.5,15.91,,,
russia08_1,concentration2_cluster_9_group_none,300.0,264.0,79.79,81.82,80.08,42.11,67.7,35.19,,,
russia08_1,distributed,300.0,264.0,84.83,83.33,80.94,82.35,71.33,31.48,,,
turkey18_16,concentration2_cluster_9_group_none,300.0,253.0,90.61,83.79,83.0,55.56,81.61,21.43,,,
turkey18_16,distributed,300.0,253.0,91.69,84.19,83.14,71.43,72.78,16.67,,,
ukraine11,distributed,300.0,249.0,96.39,86.75,83.86,68.75,70.17,38.1,,,
ukraine11,concentration2_cluster_9_group_none,300.0,249.0,96.55,86.35,83.99,100.0,66.86,26.19,,,
peru19_26,distributed,300.0,331.0,119.61,83.69,83.21,100.0,56.58,8.93,,,
peru19_26,concentration2_cluster_9_group_none,300.0,331.0,124.48,84.59,83.79,100.0,51.9,17.86,,,
romania06_19,distributed,300.0,234.0,153.07,94.02,92.75,71.43,85.52,66.67,,,
romania06_19,concentration2_cluster_9_group_none,300.0,234.0,162.0,95.73,93.52,73.33,97.1,71.43,,,
philippines22_24,concentration2_cluster_9_group_none,300.0,329.0,73.13,76.29,75.34,100.0,31.41,2.56,,,
philippines22_24,distributed,300.0,329.0,73.13,76.29,75.34,100.0,30.91,1.28,,,
america20_15,distributed,300.0,323.0,82.34,78.64,77.47,50.0,25.71,5.88,,,
america20_15,concentration2_cluster_9_group_none,300.0,323.0,82.34,78.64,77.47,100.0,25.85,1.47,,,
sapporo_12,concentration2_cluster_9_group_none,300.0,253.0,81.16,82.21,81.18,50.0,34.56,8.51,,,
sapporo_12,distributed,300.0,253.0,81.34,82.61,81.13,66.67,33.74,6.38,,,
india06_20,concentration2_cluster_9_group_none,300.0,235.0,74.28,82.55,80.8,50.0,68.16,30.43,,,
india06_20,distributed,300.0,235.0,73.61,82.13,80.72,75.0,69.97,26.09,,,
croatia07_6,distributed,300.0,221.0,70.16,81.9,81.05,66.67,39.94,7.69,,,
croatia07_6,concentration2_cluster_9_group_none,300.0,221.0,70.16,81.9,81.05,100.0,40.29,2.56,,,
okayama_4,distributed,300.0,293.0,115.67,85.32,84.59,66.67,46.11,20.93,,,
okayama_4,concentration2_cluster_9_group_none,300.0,293.0,117.4,85.67,84.8,100.0,56.85,18.6,,,
canada34_18,distributed,300.0,279.0,101.22,85.3,82.9,63.64,64.92,22.0,,,
canada34_18,concentration2_cluster_9_group_none,300.0,279.0,100.86,84.95,82.91,68.75,62.76,32.0,,,
china19_1,distributed,300.0,276.0,140.55,90.94,88.4,68.75,97.45,43.24,,,
china19_1,concentration2_cluster_9_group_none,300.0,276.0,135.88,89.86,87.97,56.25,98.26,43.24,,,
belgium04_19,concentration2_cluster_9_group_none,300.0,326.0,87.24,79.45,78.24,66.67,34.22,8.33,,,
belgium04_19,distributed,300.0,326.0,86.93,79.45,78.17,100.0,34.33,5.56,,,
india13,distributed,300.0,243.0,119.48,89.3,88.06,80.0,51.52,17.86,,,
india13,concentration2_cluster_9_group_none,300.0,243.0,121.17,89.3,88.35,85.71,55.28,25.0,,,
germany08_13,distributed,300.0,269.0,121.18,87.36,86.75,44.44,72.67,25.71,,,
germany08_13,concentration2_cluster_9_group_none,300.0,269.0,122.08,87.36,86.9,60.0,75.72,14.29,,,
peru13_26,distributed,300.0,319.0,145.22,88.4,86.73,77.78,67.3,20.93,,,
peru13_26,concentration2_cluster_9_group_none,300.0,319.0,148.3,88.71,87.08,85.71,62.28,16.28,,,
belgium04_14,concentration2_cluster_9_group_none,300.0,326.0,86.47,79.45,78.06,100.0,32.16,10.0,,,
belgium04_14,distributed,300.0,326.0,81.79,77.91,77.34,87.5,32.61,11.43,,,
ibaragi_28,distributed,300.0,258.0,98.03,84.88,83.92,100.0,51.73,11.9,,,
ibaragi_28,concentration2_cluster_9_group_none,300.0,258.0,97.95,84.88,83.91,100.0,45.62,7.14,,,
russia08_29,distributed,300.0,264.0,86.66,82.95,81.46,72.73,68.09,23.4,,,
russia08_29,concentration2_cluster_9_group_none,300.0,264.0,91.41,84.85,82.07,90.0,62.52,21.28,,,
croatia07_22,concentration2_cluster_9_group_none,300.0,221.0,72.02,82.35,81.46,100.0,31.1,2.44,,,
croatia07_22,distributed,300.0,221.0,71.63,82.35,81.35,100.0,33.01,4.88,,,
peru13_16,distributed,300.0,319.0,124.99,86.21,84.23,71.43,66.34,26.42,,,
peru13_16,concentration2_cluster_9_group_none,300.0,319.0,122.36,85.89,83.88,100.0,61.5,28.3,,,
myanmar12_7,distributed,300.0,226.0,59.8,79.2,78.07,100.0,32.98,4.0,,,
myanmar12_7,concentration2_cluster_9_group_none,300.0,226.0,59.02,78.76,77.92,100.0,30.18,2.0,,,
yamanashi_3,distributed,300.0,320.0,89.66,79.69,79.1,50.0,35.94,3.39,,,
yamanashi_3,concentration2_cluster_9_group_none,300.0,320.0,89.66,79.69,79.1,28.57,38.86,11.86,,,
america20_9,distributed,300.0,323.0,92.49,80.5,79.33,71.43,26.38,11.48,,,
america20_9,concentration2_cluster_9_group_none,300.0,323.0,94.55,81.11,79.62,100.0,25.77,9.84,,,
tokyo21_29,distributed,300.0,293.0,103.12,83.62,82.69,33.33,40.47,6.12,,,
tokyo21_29,concentration2_cluster_9_group_none,300.0,293.0,103.51,83.62,82.77,80.0,41.19,10.2,,,
america04_7,concentration2_cluster_9_group_none,300.0,290.0,90.47,82.07,80.66,80.0,36.66,8.77,,,
america04_7,distributed,300.0,290.0,89.54,82.07,80.45,80.0,37.76,17.54,,,
serbia02_13,distributed,300.0,240.0,75.35,81.67,80.88,0.0,32.97,0.0,,,
serbia02_13,concentration2_cluster_9_group_none,300.0,240.0,75.35,81.67,80.88,0.0,32.85,2.27,,,
china19,distributed,300.0,276.0,161.26,92.75,90.76,88.24,92.52,54.84,,,
china19,concentration2_cluster_9_group_none,300.0,276.0,164.65,93.12,91.1,80.95,91.73,67.74,,,
america52_15,distributed,300.0,375.0,101.33,79.73,78.36,63.64,43.9,13.75,,,
america52_15,concentration2_cluster_9_group_none,300.0,375.0,102.8,80.27,78.51,84.62,44.78,16.25,,,
america04_12,distributed,300.0,290.0,101.24,84.83,82.24,75.0,39.85,14.81,,,
america04_12,concentration2_cluster_9_group_none,300.0,290.0,103.91,84.83,82.76,80.0,37.79,18.52,,,
myanmar15_23,distributed,300.0,255.0,66.35,78.82,77.83,60.0,30.03,9.26,,,
myanmar15_23,concentration2_cluster_9_group_none,300.0,255.0,66.35,78.82,77.83,25.0,29.66,7.41,,,
austria22_26,distributed,300.0,315.0,95.3,81.9,80.08,60.0,54.77,8.06,,,
austria22_26,concentration2_cluster_9_group_none,300.0,315.0,97.93,82.22,80.55,100.0,58.1,8.06,,,
ishikawa_29,distributed,300.0,310.0,126.91,85.81,85.2,33.33,39.14,6.67,,,
ishikawa_29,concentration2_cluster_9_group_none,300.0,310.0,126.91,85.81,85.2,75.0,40.24,8.89,,,
slovenia10_15,distributed,300.0,201.0,66.3,82.59,81.64,100.0,35.38,2.78,,,
slovenia10_15,concentration2_cluster_9_group_none,300.0,201.0,66.3,82.59,81.64,25.0,34.1,11.11,,,
new-zealand20_14,distributed,300.0,330.0,181.19,90.91,89.92,75.0,78.52,36.36,,,
new-zealand20_14,concentration2_cluster_9_group_none,300.0,330.0,185.95,91.82,90.23,88.89,84.74,27.27,,,
spain07,distributed,300.0,364.0,108.2,81.04,79.94,66.67,58.79,17.39,,,
spain07,concentration2_cluster_9_group_none,300.0,364.0,109.42,81.32,80.1,85.71,55.1,20.29,,,
serbia04_22,distributed,300.0,251.0,65.74,79.68,77.75,75.0,59.66,14.04,,,
serbia04_22,concentration2_cluster_9_group_none,300.0,251.0,65.49,79.28,77.77,61.54,59.46,22.81,,,
peru19_19,concentration2_cluster_9_group_none,300.0,331.0,140.91,86.71,85.77,77.78,55.91,19.57,,,
peru19_19,distributed,300.0,331.0,141.18,86.71,85.81,83.33,54.79,13.04,,,
austria08_8,concentration2_cluster_9_group_none,300.0,220.0,63.53,81.36,79.28,87.5,49.02,19.05,,,
austria08_8,distributed,300.0,220.0,66.08,81.82,79.96,50.0,48.43,19.05,,,
china10_19,distributed,300.0,242.0,125.99,92.15,88.58,88.89,87.87,51.43,,,
china10_19,concentration2_cluster_9_group_none,300.0,242.0,121.29,90.91,88.09,93.33,80.95,42.86,,,
croatia07_23,distributed,300.0,221.0,63.68,80.09,79.55,50.0,36.69,4.35,,,
croatia07_23,concentration2_cluster_9_group_none,300.0,221.0,62.68,79.64,79.35,50.0,36.68,4.35,,,
germany08_25,distributed,300.0,269.0,109.6,87.36,84.74,78.57,74.81,31.82,,,
germany08_25,concentration2_cluster_9_group_none,300.0,269.0,105.66,85.87,84.36,66.67,81.06,34.09,,,
venezuela02_11,concentration2_cluster_9_group_none,300.0,295.0,214.67,96.95,94.26,100.0,74.01,61.9,,,
venezuela02_11,distributed,300.0,295.0,211.48,95.59,94.24,85.71,68.85,66.67,,,
ukraine12_14,concentration2_cluster_9_group_none,300.0,255.0,60.63,78.43,76.13,81.82,55.01,18.97,,,
ukraine12_14,distributed,300.0,255.0,58.81,77.25,75.82,60.0,56.62,17.24,,,
indonesia80_6,distributed,300.0,344.0,119.79,83.14,82.59,100.0,46.78,1.82,,,
indonesia80_6,concentration2_cluster_9_group_none,300.0,344.0,119.79,83.14,82.59,0.0,46.32,0.0,,,
yamanashi_14,distributed,300.0,320.0,101.84,81.88,81.1,66.67,36.71,10.17,,,
yamanashi_14,concentration2_cluster_9_group_none,300.0,320.0,100.81,81.56,80.97,100.0,39.21,5.08,,,
spain07_26,concentration2_cluster_9_group_none,300.0,364.0,122.81,83.24,81.94,100.0,57.31,16.13,,,
spain07_26,distributed,300.0,364.0,120.3,82.42,81.72,55.56,60.84,14.52,,,
turkey33_2,distributed,300.0,267.0,148.84,91.39,90.11,69.23,86.63,48.15,,,
turkey33_2,concentration2_cluster_9_group_none,300.0,267.0,149.15,91.39,90.16,75.0,83.99,29.63,,,
greece22_13,distributed,300.0,348.0,133.2,84.77,84.1,33.33,54.56,10.91,,,
greece22_13,concentration2_cluster_9_group_none,300.0,348.0,134.76,85.34,84.2,54.55,54.09,20.0,,,
turkey18_6,concentration2_cluster_9_group_none,300.0,253.0,96.99,86.17,83.8,91.67,66.43,30.77,,,
turkey18_6,distributed,300.0,253.0,106.74,87.75,85.35,85.71,68.23,35.9,,,
eritrea02_20,distributed,300.0,195.0,108.13,90.26,90.26,100.0,68.79,31.58,,,
eritrea02_20,concentration2_cluster_9_group_none,300.0,195.0,108.13,90.26,90.26,100.0,62.22,26.32,,,
myanmar15_26,distributed,300.0,255.0,54.53,75.69,74.72,75.0,33.51,6.45,,,
myanmar15_26,concentration2_cluster_9_group_none,300.0,255.0,53.8,75.29,74.56,33.33,32.85,4.84,,,
belgium04_16,concentration2_cluster_9_group_none,300.0,326.0,99.44,81.29,80.4,100.0,31.99,6.15,,,
belgium04_16,distributed,300.0,326.0,99.28,81.29,80.37,100.0,32.31,6.15,,,
italy36_16,concentration2_cluster_9_group_none,300.0,281.0,176.74,93.59,92.05,66.67,98.71,62.5,,,
italy36_16,distributed,300.0,281.0,167.72,92.53,91.23,69.23,92.3,54.17,,,
iceland07_28,distributed,300.0,244.0,80.74,83.2,81.56,87.5,58.35,17.78,,,
iceland07_28,concentration2_cluster_9_group_none,300.0,244.0,75.18,81.15,80.63,80.0,64.37,22.22,,,
china10_25,distributed,300.0,242.0,104.6,88.84,85.59,91.67,69.31,30.77,,,
china10_25,concentration2_cluster_9_group_none,300.0,242.0,107.95,89.67,86.04,95.0,77.47,51.28,,,
austria22_23,distributed,300.0,315.0,96.11,81.27,80.41,66.67,54.39,15.0,,,
austria22_23,concentration2_cluster_9_group_none,300.0,315.0,97.71,82.22,80.5,50.0,49.97,16.67,,,
serbia02_7,distributed,300.0,240.0,62.8,78.33,78.07,66.67,29.48,5.66,,,
serbia02_7,concentration2_cluster_9_group_none,300.0,240.0,62.8,78.33,78.07,100.0,26.41,7.55,,,
india10_20,distributed,300.0,247.0,60.71,78.14,76.87,100.0,32.59,5.26,,,
india10_20,concentration2_cluster_9_group_none,300.0,247.0,60.71,78.14,76.87,50.0,32.61,3.51,,,
iceland06_4,concentration2_cluster_9_group_none,300.0,209.0,108.61,90.43,88.92,100.0,50.24,29.63,,,
iceland06_4,distributed,300.0,209.0,103.34,89.47,88.14,100.0,54.52,29.63,,,
ishikawa_11,distributed,300.0,310.0,110.76,83.87,82.93,85.71,45.13,13.73,,,
ishikawa_11,concentration2_cluster_9_group_none,300.0,310.0,112.09,83.87,83.17,100.0,43.11,9.8,,,
chile39_1,distributed,300.0,375.0,207.03,92.53,89.67,56.67,92.25,66.67,,,
chile39_1,concentration2_cluster_9_group_none,300.0,375.0,202.68,91.73,89.42,80.0,93.69,55.56,,,
ukraine11_14,concentration2_cluster_9_group_none,300.0,249.0,78.89,82.33,80.9,84.62,67.45,27.66,,,
ukraine11_14,distributed,300.0,249.0,80.09,82.73,81.1,56.25,66.14,34.04,,,
bolivia01_19,concentration2_cluster_9_group_none,300.0,243.0,103.93,86.83,85.84,80.0,58.83,16.13,,,
bolivia01_19,distributed,300.0,243.0,99.93,85.6,85.34,75.0,55.75,12.9,,,
burundi03_27,distributed,300.0,236.0,64.48,78.81,78.81,100.0,27.67,2.08,,,
burundi03_27,concentration2_cluster_9_group_none,300.0,236.0,64.48,78.81,78.81,0.0,27.79,0.0,,,
chile01_3,concentration2_cluster_9_group_none,300.0,375.0,161.18,87.2,85.85,81.82,62.5,20.75,,,
chile01_3,distributed,300.0,375.0,161.76,87.2,85.92,46.67,66.84,28.3,,,
canada34_23,concentration2_cluster_9_group_none,300.0,279.0,95.25,84.23,81.94,60.0,58.7,20.83,,,
canada34_23,distributed,300.0,279.0,95.93,84.23,82.08,81.82,60.52,22.92,,,
bulgaria05_1,distributed,300.0,180.0,39.15,76.11,74.95,88.89,39.56,20.45,,,
bulgaria05_1,concentration2_cluster_9_group_none,300.0,180.0,39.15,76.11,74.95,83.33,39.41,13.64,,,
bulgaria06_2,concentration2_cluster_9_group_none,300.0,241.0,80.95,83.4,81.81,81.25,69.26,33.33,,,
bulgaria06_2,distributed,300.0,241.0,80.98,83.82,81.72,69.23,72.47,27.08,,,
nara01_1,concentration2_cluster_9_group_none,300.0,319.0,95.08,81.19,79.96,100.0,25.44,1.56,,,
nara01_1,distributed,300.0,319.0,96.05,81.19,80.16,33.33,28.77,4.69,,,
germany17_13,concentration2_cluster_9_group_none,300.0,311.0,75.11,77.49,76.68,50.0,34.67,26.47,,,
germany17_13,distributed,300.0,311.0,75.11,77.49,76.68,50.0,35.08,20.59,,,
ibaragi_18,concentration2_cluster_9_group_none,300.0,258.0,75.0,80.62,79.6,60.0,39.66,9.62,,,
ibaragi_18,distributed,300.0,258.0,74.28,80.23,79.5,50.0,40.62,3.85,,,
serbia04_6,distributed,300.0,251.0,81.98,83.27,81.28,57.14,58.51,14.89,,,
serbia04_6,concentration2_cluster_9_group_none,300.0,251.0,81.05,82.87,81.15,100.0,57.17,12.77,,,
italy54_23,distributed,300.0,336.0,110.59,83.33,81.42,64.0,63.56,36.76,,,
italy54_23,concentration2_cluster_9_group_none,300.0,336.0,104.7,82.14,80.61,65.0,66.99,29.41,,,
peru24_23,distributed,300.0,326.0,236.61,96.32,94.34,81.25,96.09,66.67,,,
peru24_23,concentration2_cluster_9_group_none,300.0,326.0,230.51,95.4,94.01,91.67,89.42,50.0,,,
chile21_18,distributed,300.0,147.0,61.13,87.76,85.06,88.89,67.29,36.0,,,
chile21_18,concentration2_cluster_9_group_none,300.0,147.0,59.69,87.76,84.59,88.89,70.39,36.0,,,
eritrea02_15,distributed,300.0,195.0,91.7,87.69,87.54,100.0,61.57,24.0,,,
eritrea02_15,concentration2_cluster_9_group_none,300.0,195.0,91.62,87.69,87.52,77.78,63.06,36.0,,,
america03_23,distributed,300.0,334.0,129.14,85.33,84.17,83.33,48.6,11.32,,,
america03_23,concentration2_cluster_9_group_none,300.0,334.0,128.55,85.03,84.15,42.86,55.74,13.21,,,
argeria01_5,distributed,300.0,235.0,148.33,93.19,92.21,80.0,73.27,26.32,,,
argeria01_5,concentration2_cluster_9_group_none,300.0,235.0,151.97,93.62,92.6,100.0,71.22,26.32,,,
cuba02_16,distributed,300.0,244.0,88.72,83.61,83.35,50.0,39.89,10.53,,,
cuba02_16,concentration2_cluster_9_group_none,300.0,244.0,88.72,83.61,83.35,75.0,38.98,10.53,,,
ukraine01_25,distributed,300.0,284.0,123.78,87.68,86.02,75.0,74.61,30.0,,,
ukraine01_25,concentration2_cluster_9_group_none,300.0,284.0,128.97,88.73,86.6,84.62,70.23,32.5,,,
philippines22_11,distributed,300.0,329.0,72.43,75.99,75.22,50.0,24.14,2.53,,,
philippines22_11,concentration2_cluster_9_group_none,300.0,329.0,72.8,76.29,75.24,100.0,23.87,2.53,,,
hukuoka01_14,distributed,300.0,367.0,195.06,91.01,89.24,90.91,77.27,26.19,,,
hukuoka01_14,concentration2_cluster_9_group_none,300.0,367.0,200.38,91.55,89.66,81.25,83.68,38.1,,,
bolivia01_16,distributed,300.0,243.0,98.32,85.6,85.01,100.0,51.0,8.33,,,
bolivia01_16,concentration2_cluster_9_group_none,300.0,243.0,97.99,85.6,84.95,50.0,50.95,11.11,,,
chile21_26,distributed,300.0,147.0,78.9,91.84,89.26,83.33,82.07,35.29,,,
chile21_26,concentration2_cluster_9_group_none,300.0,147.0,79.85,93.2,89.2,100.0,81.68,47.06,,,
hukuoka01_19,concentration2_cluster_9_group_none,300.0,367.0,225.12,92.64,91.75,57.14,79.47,23.33,,,
hukuoka01_19,distributed,300.0,367.0,227.96,93.19,91.89,85.71,76.3,23.33,,,
italy36_24,concentration2_cluster_9_group_none,300.0,281.0,107.98,85.77,83.94,63.64,84.98,45.83,,,
italy36_24,distributed,300.0,281.0,112.0,87.9,84.18,73.91,89.62,47.92,,,
myanmar11_4,concentration2_cluster_9_group_none,300.0,235.0,52.74,77.87,75.12,83.33,54.52,30.51,,,
myanmar11_4,distributed,300.0,235.0,50.6,76.17,74.73,57.14,53.42,23.73,,,
turkey13_5,concentration2_cluster_9_group_none,300.0,254.0,149.43,92.13,91.03,80.0,70.61,21.74,,,
turkey13_5,distributed,300.0,254.0,149.3,92.13,91.01,75.0,70.65,34.78,,,
india06_28,distributed,300.0,235.0,130.72,91.91,89.96,87.5,75.93,33.33,,,
india06_28,concentration2_cluster_9_group_none,300.0,235.0,126.81,90.64,89.63,85.71,60.24,29.17,,,
philippines30_25,distributed,300.0,290.0,93.06,83.1,80.97,70.59,60.84,30.91,,,
philippines30_25,concentration2_cluster_9_group_none,300.0,290.0,91.98,82.76,80.82,75.0,58.72,14.55,,,
argentina10_3,concentration2_cluster_9_group_none,300.0,336.0,131.11,85.71,84.26,85.71,33.34,13.21,,,
argentina10_3,distributed,300.0,336.0,127.19,85.42,83.72,71.43,31.6,13.21,,,
italy54_6,concentration2_cluster_9_group_none,300.0,336.0,100.8,81.25,80.07,100.0,61.36,17.65,,,
italy54_6,distributed,300.0,336.0,100.53,81.55,79.95,61.11,61.37,26.47,,,
peru24_28,concentration2_cluster_9_group_none,300.0,326.0,271.13,97.85,96.75,100.0,87.32,58.33,,,
peru24_28,distributed,300.0,326.0,262.42,96.93,96.28,100.0,93.67,41.67,,,
america03_10,distributed,300.0,334.0,88.33,79.34,78.03,50.0,45.08,16.22,,,
america03_10,concentration2_cluster_9_group_none,300.0,334.0,94.26,80.84,78.95,82.35,42.58,22.97,,,
nara01_8,distributed,300.0,319.0,86.36,79.0,78.58,0.0,32.02,3.13,,,
nara01_8,concentration2_cluster_9_group_none,300.0,319.0,83.94,78.37,78.17,50.0,34.25,3.13,,,
argeria07_17,distributed,300.0,182.0,72.28,86.26,84.49,87.5,87.23,25.0,,,
argeria07_17,concentration2_cluster_9_group_none,300.0,182.0,77.92,89.01,85.36,100.0,76.4,31.25,,,
myanmar15_21,concentration2_cluster_9_group_none,300.0,255.0,55.87,76.47,75.0,66.67,30.37,4.62,,,
myanmar15_21,distributed,300.0,255.0,56.71,76.86,75.2,66.67,31.23,9.23,,,
america52_12,distributed,300.0,375.0,129.05,83.2,82.34,60.0,53.89,15.15,,,
america52_12,concentration2_cluster_9_group_none,300.0,375.0,132.23,83.73,82.7,83.33,51.12,18.18,,,
ukraine11_11,distributed,300.0,249.0,76.82,83.13,80.17,72.22,64.1,35.29,,,
ukraine11_11,concentration2_cluster_9_group_none,300.0,249.0,73.34,82.33,79.44,66.67,67.96,47.06,,,
yamanashi_19,distributed,300.0,320.0,116.55,84.38,83.2,33.33,37.03,5.88,,,
yamanashi_19,concentration2_cluster_9_group_none,300.0,320.0,117.88,84.69,83.35,33.33,36.63,11.76,,,
peru17_9,distributed,300.0,334.0,188.55,92.22,90.18,40.91,95.92,59.46,,,
peru17_9,concentration2_cluster_9_group_none,300.0,334.0,183.8,91.02,89.94,47.62,87.67,56.76,,,
ukraine11_22,distributed,300.0,249.0,88.64,84.74,82.65,71.43,53.37,29.17,,,
ukraine11_22,concentration2_cluster_9_group_none,300.0,249.0,87.6,85.54,82.23,80.0,55.78,31.25,,,
myanmar15_4,concentration2_cluster_9_group_none,300.0,255.0,110.71,86.67,86.17,50.0,24.28,5.71,,,
myanmar15_4,distributed,300.0,255.0,110.71,86.67,86.17,50.0,26.58,5.71,,,
philippines30_24,distributed,300.0,290.0,72.66,79.31,76.96,71.43,54.54,10.14,,,
philippines30_24,concentration2_cluster_9_group_none,300.0,290.0,73.03,79.66,76.97,66.67,53.34,13.04,,,
myanmar15_20,concentration2_cluster_9_group_none,300.0,255.0,74.99,81.57,79.6,20.0,39.04,9.43,,,
myanmar15_20,distributed,300.0,255.0,74.99,81.57,79.6,40.0,37.33,9.43,,,
burundi03_5,distributed,300.0,236.0,67.97,80.51,79.44,100.0,25.13,4.26,,,
burundi03_5,concentration2_cluster_9_group_none,300.0,236.0,67.97,80.51,79.44,33.33,25.35,6.38,,,
chile21_5,concentration2_cluster_9_group_none,300.0,147.0,77.49,93.2,88.6,100.0,81.35,54.55,,,
chile21_5,distributed,300.0,147.0,73.33,91.16,87.94,100.0,70.33,31.82,,,
serbia04_9,concentration2_cluster_9_group_none,300.0,251.0,83.99,82.87,81.86,83.33,48.09,13.33,,,
serbia04_9,distributed,300.0,251.0,84.11,82.87,81.89,66.67,48.3,20.0,,,
nara01_24,concentration2_cluster_9_group_none,300.0,319.0,85.58,79.31,78.32,75.0,29.77,6.25,,,
nara01_24,distributed,300.0,319.0,85.58,79.31,78.32,0.0,29.5,1.56,,,
belize04_23,distributed,300.0,338.0,107.32,81.95,81.04,66.67,61.78,14.75,,,
belize04_23,concentration2_cluster_9_group_none,300.0,338.0,106.88,81.95,80.95,64.29,62.24,22.95,,,
greece22_8,distributed,300.0,348.0,124.22,84.48,82.77,66.67,57.09,4.84,,,
greece22_8,concentration2_cluster_9_group_none,300.0,348.0,124.48,84.2,82.88,66.67,54.22,4.84,,,
ukraine01_2,concentration2_cluster_9_group_none,300.0,284.0,125.74,88.38,86.17,81.82,73.96,28.95,,,
ukraine01_2,distributed,300.0,284.0,121.67,87.32,85.76,72.73,75.61,28.95,,,
peru19_6,concentration2_cluster_9_group_none,300.0,331.0,147.27,88.82,86.17,83.33,54.47,24.0,,,
peru19_6,distributed,300.0,331.0,141.31,87.31,85.69,62.5,54.54,16.0,,,
china19_7,concentration2_cluster_9_group_none,300.0,276.0,175.92,93.84,92.26,72.73,86.95,45.83,75254925.3,876422578.37,15181.0
china19_7,distributed,300.0,276.0,181.52,94.2,92.81,81.82,89.46,45.83,79413380.6,793122262.69,15319.0
chile23_6,concentration2_cluster_9_group_none,300.0,334.0,123.8,84.43,83.54,88.89,53.04,17.31,84085364.96,464242057.14,42217.0
chile23_6,distributed,300.0,334.0,126.78,85.33,83.8,92.86,58.27,26.92,65555457.26,297054575.17,40697.0
mongolia05_6,concentration2_cluster_9_group_none,300.0,250.0,144.53,92.0,90.71,100.0,77.12,32.0,98073599.29,749033960.32,18443.0
mongolia05_6,distributed,300.0,250.0,153.55,93.6,91.57,100.0,87.45,52.0,59448485.83,532209797.45,15015.0
chile23_27,concentration2_cluster_9_group_none,300.0,334.0,163.2,89.52,87.89,90.91,69.11,26.83,62877482.39,438814838.41,32673.0
chile23_27,distributed,300.0,334.0,162.23,89.22,87.84,83.33,65.94,14.63,121834128.69,488341084.85,34355.0
philippines22_22,concentration2_cluster_9_group_none,300.0,329.0,65.79,74.47,73.71,100.0,28.33,1.25,753064771.75,1229815190.16,71341.0
philippines22_22,distributed,300.0,329.0,65.79,74.47,73.71,0.0,27.8,1.25,578585110.48,0.0,71413.0
turkey18_4,distributed,300.0,253.0,84.78,83.0,81.86,86.67,73.78,31.91,74285285.91,339152713.35,34838.0
turkey18_4,concentration2_cluster_9_group_none,300.0,253.0,81.34,81.82,81.32,86.67,65.88,31.91,62666972.92,278025339.46,35177.0
myanmar03_17,distributed,300.0,240.0,64.46,79.58,78.28,100.0,29.68,3.85,282555239.68,355578928.46,45893.0
myanmar03_17,concentration2_cluster_9_group_none,300.0,240.0,64.46,79.58,78.28,75.0,28.36,15.38,71971057.27,180281112.37,43466.0
chile23_7,distributed,300.0,334.0,120.18,83.53,83.15,62.5,61.61,14.55,118699752.68,568234909.13,45374.0
chile23_7,concentration2_cluster_9_group_none,300.0,334.0,122.44,84.13,83.39,55.56,60.11,32.73,47038796.13,314197127.94,41023.0
chile23_18,distributed,300.0,334.0,97.99,80.54,79.8,70.0,60.95,15.38,107609237.34,589072902.53,54232.0
chile23_18,concentration2_cluster_9_group_none,300.0,334.0,100.01,81.44,79.99,64.71,57.71,26.15,67365109.02,413623169.85,50796.0
italy54_19,distributed,300.0,336.0,115.24,84.23,82.03,76.92,54.31,21.67,124282888.92,545934545.84,47531.0
italy54_19,concentration2_cluster_9_group_none,300.0,336.0,114.93,83.63,82.12,76.92,59.88,21.67,123598782.09,539575375.43,46853.0
philippines22_14,concentration2_cluster_9_group_none,300.0,329.0,113.21,83.59,82.25,66.67,27.23,5.26,185658175.0,332112391.62,49965.0
philippines22_14,distributed,300.0,329.0,113.21,83.59,82.25,0.0,27.56,0.0,0.0,0.0,51015.0
chile23_21,distributed,300.0,334.0,154.6,88.02,87.15,50.0,57.86,19.51,100974236.55,742315759.26,33771.0
chile23_21,concentration2_cluster_9_group_none,300.0,334.0,156.29,88.32,87.29,66.67,57.49,21.95,88437685.36,485880944.02,33569.0
austria20_14,distributed,300.0,173.0,49.26,80.35,79.25,100.0,63.67,11.11,109259276.6,331939477.7,31082.0
austria20_14,concentration2_cluster_9_group_none,300.0,173.0,51.22,81.5,79.75,50.0,62.06,16.67,72289620.89,611560737.79,30018.0
austria08_28,distributed,300.0,220.0,56.75,79.55,77.48,72.73,41.03,21.15,46213577.03,234394762.19,41588.0
austria08_28,concentration2_cluster_9_group_none,300.0,220.0,59.12,80.0,78.18,90.0,42.74,19.23,51006424.57,230812363.99,41811.0
chile23_20,concentration2_cluster_9_group_none,300.0,334.0,124.71,85.33,83.47,92.86,63.72,24.56,60323580.37,347909153.24,44488.0
chile23_20,distributed,300.0,334.0,119.71,83.83,83.01,50.0,63.42,24.56,62274517.27,600298113.66,45568.0
myanmar03_2,concentration2_cluster_9_group_none,300.0,240.0,50.91,75.83,74.52,100.0,32.13,8.2,133741109.27,186446002.6,52058.0
myanmar03_2,distributed,300.0,240.0,50.91,75.83,74.52,66.67,31.42,9.84,116561705.33,189148985.41,52009.0
argentina10_22,distributed,300.0,336.0,116.07,83.33,82.39,16.67,36.57,10.34,143679431.77,2365166722.89,49684.0
argentina10_22,concentration2_cluster_9_group_none,300.0,336.0,116.45,83.33,82.45,66.67,35.7,10.34,127310326.07,681773458.25,48967.0
new-zealand20_5,concentration2_cluster_9_group_none,300.0,330.0,173.57,90.0,89.26,83.33,77.18,32.43,78708440.86,572968138.23,27226.0
new-zealand20_5,distributed,300.0,330.0,175.01,90.3,89.35,55.56,75.08,24.32,113054919.66,1366661984.72,28354.0
tokyo03_23,concentration2_cluster_9_group_none,300.0,237.0,90.35,85.23,83.91,100.0,38.72,2.56,168404460.46,935026778.99,34514.0
tokyo03_23,distributed,300.0,237.0,90.93,85.65,83.94,66.67,38.39,7.69,102526697.5,539671613.35,34044.0
china41_16,concentration2_cluster_9_group_none,300.0,241.0,114.04,88.38,87.5,60.0,61.36,33.33,77928080.81,506142871.98,21752.0
china41_16,distributed,300.0,241.0,114.92,88.8,87.57,100.0,59.65,16.67,136212470.2,378226610.92,23626.0
venezuela01_23,distributed,300.0,299.0,220.14,96.99,94.49,100.0,84.52,65.0,46253755.91,502067778.13,12274.0
venezuela01_23,concentration2_cluster_9_group_none,300.0,299.0,208.07,94.98,93.78,85.71,94.46,70.0,41530157.68,538622152.19,10848.0
china41_29,distributed,300.0,241.0,86.08,84.23,82.84,57.14,53.23,17.95,102945234.06,705108484.1,31124.0
china41_29,concentration2_cluster_9_group_none,300.0,241.0,86.71,84.65,82.89,70.0,68.24,25.64,85179382.19,558052931.34,29579.0
mongolia05_12,concentration2_cluster_9_group_none,300.0,250.0,141.29,92.0,90.25,69.23,92.56,48.15,66014439.05,638777776.39,18710.0
mongolia05_12,distributed,300.0,250.0,148.18,93.6,90.86,87.5,76.83,59.26,50366286.79,397521711.98,16775.0
burundi03_6,distributed,300.0,236.0,59.54,77.97,77.44,0.0,23.51,1.96,207309752.83,0.0,45197.0
burundi03_6,concentration2_cluster_9_group_none,300.0,236.0,59.54,77.97,77.44,0.0,24.21,1.96,234682233.67,0.0,45461.0
china10_20,distributed,300.0,242.0,141.39,91.74,90.98,100.0,85.15,30.77,65493760.25,564775581.61,19386.0
china10_20,concentration2_cluster_9_group_none,300.0,242.0,143.96,92.56,91.16,90.0,78.18,38.46,58036826.73,522771094.6,18181.0
america35_24,distributed,300.0,342.0,75.01,76.61,74.99,70.0,40.61,11.11,95222170.36,517424486.29,76784.0
america35_24,concentration2_cluster_9_group_none,300.0,342.0,76.25,76.9,75.24,91.67,40.2,13.33,72319754.99,349715839.03,75354.0
belize01_24,distributed,300.0,324.0,111.75,83.64,82.28,0.0,26.95,0.0,0.0,1199145657.75,51910.0
belize01_24,concentration2_cluster_9_group_none,300.0,324.0,111.75,83.64,82.28,100.0,26.9,1.72,221779262.09,1705499866.43,51483.0
nara01_5,distributed,300.0,319.0,115.47,84.01,83.16,66.67,32.04,5.88,140806634.59,569644673.83,44139.0
nara01_5,concentration2_cluster_9_group_none,300.0,319.0,114.74,83.7,83.11,100.0,32.72,1.96,353103779.85,989880365.34,45020.0
myanmar12_12,distributed,300.0,226.0,63.28,79.65,79.09,100.0,25.02,2.17,159560097.85,428586265.63,40572.0
myanmar12_12,concentration2_cluster_9_group_none,300.0,226.0,63.28,79.65,79.09,100.0,26.92,2.17,132315665.68,530530102.58,40515.0
chile21_6,distributed,300.0,147.0,70.4,91.84,86.98,85.71,94.52,58.33,38447473.9,229472007.47,14398.0
chile21_6,concentration2_cluster_9_group_none,300.0,147.0,55.71,85.71,83.68,92.86,91.02,58.33,36152868.19,173103398.62,14158.0
bulgaria05_28,distributed,300.0,180.0,42.23,76.67,76.32,100.0,33.66,7.69,123522640.13,499605095.18,32904.0
bulgaria05_28,concentration2_cluster_9_group_none,300.0,180.0,42.23,76.67,76.32,100.0,34.26,7.69,134955779.06,487485064.61,33045.0
austria20_18,distributed,300.0,173.0,66.47,84.39,84.26,80.0,39.35,19.23,56291582.62,396694446.94,20952.0
austria20_18,concentration2_cluster_9_group_none,300.0,173.0,67.55,84.97,84.45,100.0,39.19,11.54,150800713.22,299901041.79,21731.0
turkey18_7,distributed,300.0,253.0,87.64,84.19,82.24,91.67,62.87,26.67,88644075.45,342718811.67,33195.0
turkey18_7,concentration2_cluster_9_group_none,300.0,253.0,85.43,83.0,82.01,87.5,63.58,35.56,57523573.29,273894118.3,32117.0
tokyo03_21,distributed,300.0,237.0,89.24,84.81,83.76,100.0,42.92,7.89,91032035.76,383283849.66,32777.0
tokyo03_21,concentration2_cluster_9_group_none,300.0,237.0,89.19,84.81,83.75,100.0,39.3,5.26,94844107.05,360619669.26,32760.0
tokyo03_26,distributed,300.0,237.0,78.26,82.7,81.64,100.0,36.41,2.33,256871565.09,1132110399.16,37983.0
tokyo03_26,concentration2_cluster_9_group_none,300.0,237.0,78.26,82.7,81.64,100.0,37.06,4.65,105364034.45,507868330.31,37514.0
romania06_3,distributed,300.0,234.0,127.73,91.45,89.68,66.67,96.4,46.15,66515251.04,576800438.33,18044.0
romania06_3,concentration2_cluster_9_group_none,300.0,234.0,126.86,91.88,89.45,87.5,79.05,30.77,102630962.77,582817567.23,20037.0
spain07_7,distributed,300.0,364.0,130.55,83.79,83.03,54.55,61.93,18.33,100618246.04,379547346.28,49000.0
spain07_7,concentration2_cluster_9_group_none,300.0,364.0,136.31,84.89,83.63,70.0,54.48,16.67,98255159.11,360384325.53,48749.0
america03_6,distributed,300.0,334.0,107.02,82.34,81.12,81.82,58.46,17.19,139424857.82,495087607.06,51827.0
america03_6,concentration2_cluster_9_group_none,300.0,334.0,108.99,82.93,81.35,76.47,61.61,26.56,70963231.24,403999175.48,49634.0
congo10_15,distributed,300.0,335.0,128.88,85.37,84.06,60.0,28.31,9.43,114421084.38,598029694.61,45561.0
congo10_15,concentration2_cluster_9_group_none,300.0,335.0,128.88,85.37,84.06,50.0,28.74,7.55,88143837.43,593442416.5,45853.0
india06_18,distributed,300.0,235.0,82.35,84.26,82.46,50.0,62.77,18.6,90704748.49,603480515.26,35918.0
india06_18,concentration2_cluster_9_group_none,300.0,235.0,86.65,85.53,83.17,90.0,64.44,23.26,71375682.55,332967811.03,34707.0
argeria07_18,distributed,300.0,182.0,69.23,85.71,83.75,80.0,80.2,34.48,74213467.85,216399416.02,21544.0
argeria07_18,concentration2_cluster_9_group_none,300.0,182.0,75.41,88.46,84.83,81.82,80.09,37.93,60589915.83,225635909.94,21873.0
austria32_4,distributed,300.0,327.0,100.79,82.26,80.37,42.11,77.68,30.16,65718243.74,654709463.92,48938.0
austria32_4,concentration2_cluster_9_group_none,300.0,327.0,104.6,83.18,80.89,73.68,80.12,30.16,64328726.86,369884828.04,47600.0
hungary01_6,distributed,300.0,241.0,87.24,84.65,83.01,90.91,71.0,26.83,59660454.26,291785473.25,31200.0
hungary01_6,concentration2_cluster_9_group_none,300.0,241.0,84.42,83.4,82.65,100.0,58.51,29.27,36513842.85,216261374.64,30698.0
russia08_11,distributed,300.0,264.0,109.65,88.26,84.92,75.0,75.11,43.48,50289654.87,332219425.95,31826.0
russia08_11,concentration2_cluster_9_group_none,300.0,264.0,92.29,82.95,82.72,87.5,79.1,34.78,67852312.22,277155163.28,32244.0
tokyo21_15,distributed,300.0,293.0,98.17,82.25,82.04,50.0,30.87,4.08,117031146.47,868559799.66,43364.0
tokyo21_15,concentration2_cluster_9_group_none,300.0,293.0,98.17,82.25,82.04,100.0,32.86,2.04,193656201.39,541904923.47,43428.0
philippines20_2,distributed,300.0,324.0,98.66,81.79,80.24,72.73,59.54,18.33,72040196.06,244481868.63,49483.0
philippines20_2,concentration2_cluster_9_group_none,300.0,324.0,101.38,82.1,80.71,100.0,53.5,15.0,69235417.66,234734480.48,49881.0
china19_24,distributed,300.0,276.0,165.75,93.12,91.23,76.47,93.67,56.67,49880385.72,597667696.6,18343.0
china19_24,concentration2_cluster_9_group_none,300.0,276.0,167.75,93.12,91.47,86.67,92.74,50.0,57388742.9,571566031.55,19152.0
austria13_6,concentration2_cluster_9_group_none,300.0,188.0,47.88,78.19,77.56,62.5,53.67,19.51,68851833.45,573416283.59,33174.0
austria13_6,distributed,300.0,188.0,47.33,77.66,77.47,60.0,55.31,12.2,112106613.78,757451979.57,34284.0
ukraine01_16,distributed,300.0,284.0,134.17,89.44,87.24,72.73,79.3,26.83,91956449.16,535223590.41,31800.0
ukraine01_16,concentration2_cluster_9_group_none,300.0,284.0,132.46,88.73,87.14,71.43,74.86,17.07,148003285.02,916780455.14,33295.0
austria22_13,distributed,300.0,315.0,92.6,80.63,79.82,50.0,40.08,19.35,74874787.35,498882839.58,50177.0
austria22_13,concentration2_cluster_9_group_none,300.0,315.0,94.51,81.27,80.07,84.62,39.47,20.97,77837926.83,254033313.17,49792.0
belize01_4,distributed,300.0,324.0,93.17,79.94,79.55,33.33,25.5,5.0,140100906.0,1176673583.0,52356.0
belize01_4,concentration2_cluster_9_group_none,300.0,324.0,93.17,79.94,79.55,100.0,25.49,3.33,191917540.85,582083659.31,52666.0
philippines34_7,distributed,300.0,346.0,118.01,82.66,82.3,50.0,50.71,3.23,372516911.84,1680254316.75,54786.0
philippines34_7,concentration2_cluster_9_group_none,300.0,346.0,120.59,83.53,82.52,85.71,50.62,11.29,86293033.19,442064482.76,52729.0
argentina10_16,distributed,300.0,336.0,114.27,83.33,82.08,75.0,35.27,6.67,203000748.45,738327019.83,52094.0
argentina10_16,concentration2_cluster_9_group_none,300.0,336.0,114.5,83.33,82.12,100.0,34.35,6.67,186835933.58,565898020.53,51551.0
austria20_11,distributed,300.0,173.0,62.28,83.24,83.24,71.43,52.47,26.92,63689367.86,197206500.02,20296.0
austria20_11,concentration2_cluster_9_group_none,300.0,173.0,64.7,84.97,83.59,100.0,56.03,15.38,118430168.05,283548426.92,21391.0
america04_3,distributed,300.0,290.0,85.74,80.69,79.92,75.0,44.44,14.55,130540195.88,454687139.87,45458.0
america04_3,concentration2_cluster_9_group_none,300.0,290.0,85.85,80.69,79.95,57.14,42.49,12.73,152394095.85,717156813.19,45690.0
okayama_5,distributed,300.0,293.0,108.0,83.62,83.62,66.67,51.27,19.57,83249840.61,464534023.75,36979.0
okayama_5,concentration2_cluster_9_group_none,300.0,293.0,108.0,83.62,83.62,83.33,53.7,13.04,136089169.96,515959205.02,37897.0
chile03_20,distributed,300.0,319.0,118.25,84.95,83.41,100.0,43.52,17.65,138491357.85,377039965.37,41127.0
chile03_20,concentration2_cluster_9_group_none,300.0,319.0,124.85,85.89,84.28,100.0,43.88,19.61,103577655.85,313033432.64,39749.0
turkey33_23,distributed,300.0,267.0,141.91,90.26,89.41,88.89,86.82,31.03,82032013.96,593233936.04,22511.0
turkey33_23,concentration2_cluster_9_group_none,300.0,267.0,150.92,92.13,90.23,80.0,85.64,34.48,74673040.25,577402511.3,21715.0
austria22_20,distributed,300.0,315.0,104.69,82.86,81.73,50.0,61.52,14.55,92929905.63,471295208.58,45734.0
austria22_20,concentration2_cluster_9_group_none,300.0,315.0,101.18,82.22,81.2,57.14,62.22,12.73,141436745.12,800672457.83,46002.0
hukuoka01_4,distributed,300.0,367.0,173.27,89.65,87.18,72.22,71.88,36.0,71636942.85,461537367.39,36938.0
hukuoka01_4,concentration2_cluster_9_group_none,300.0,367.0,174.27,89.37,87.35,75.0,81.8,40.0,55866696.99,371071378.44,35457.0
bulgaria05_16,distributed,300.0,180.0,54.83,81.11,80.41,50.0,40.93,20.0,44982679.79,142895855.29,23715.0
bulgaria05_16,concentration2_cluster_9_group_none,300.0,180.0,57.77,82.78,81.05,42.86,44.84,23.33,42619966.67,194604430.28,23285.0
romania06_13,concentration2_cluster_9_group_none,300.0,234.0,141.62,93.59,91.28,78.57,89.51,58.33,44942591.77,366937859.35,14650.0
romania06_13,distributed,300.0,234.0,136.35,92.74,90.71,72.73,89.16,45.83,71138038.28,433133672.82,16342.0
austria08,distributed,300.0,220.0,55.5,80.0,76.92,83.33,47.92,10.91,146485583.25,422763034.24,46120.0
austria08,concentration2_cluster_9_group_none,300.0,220.0,54.72,80.0,76.64,90.0,45.0,18.18,78791231.97,334230036.23,44517.0
canada33_28,concentration2_cluster_9_group_none,300.0,237.0,73.89,81.86,80.69,50.0,45.52,12.5,197073329.21,954247925.98,41022.0
canada33_28,distributed,300.0,237.0,75.82,83.12,80.9,55.56,46.33,18.75,137694365.27,642281376.9,39072.0
ibaragi_11,distributed,300.0,258.0,91.19,83.33,82.85,50.0,47.93,9.09,91724480.81,727738425.33,37393.0
ibaragi_11,concentration2_cluster_9_group_none,300.0,258.0,96.01,84.88,83.51,83.33,52.12,13.64,62974169.61,288789569.19,36788.0
chile01_6,distributed,300.0,375.0,139.65,85.07,83.48,53.33,73.2,23.81,82261104.76,630220803.15,49542.0
chile01_6,concentration2_cluster_9_group_none,300.0,375.0,140.04,85.33,83.47,46.15,74.39,41.27,52615975.68,400638040.56,44467.0
chile21_23,distributed,300.0,147.0,45.93,83.67,80.3,92.31,62.22,37.14,58150906.8,190746435.25,25342.0
chile21_23,concentration2_cluster_9_group_none,300.0,147.0,49.93,85.71,81.49,100.0,50.98,40.0,48576868.53,167672466.42,23412.0
myanmar14_13,distributed,300.0,241.0,65.94,79.67,78.62,0.0,26.08,0.0,0.0,0.0,45645.0
myanmar14_13,concentration2_cluster_9_group_none,300.0,241.0,65.94,79.67,78.62,0.0,25.94,0.0,0.0,0.0,45645.0
argeria01_10,distributed,300.0,235.0,132.23,91.49,90.28,60.0,68.27,43.48,48452433.34,568117683.9,17257.0
argeria01_10,concentration2_cluster_9_group_none,300.0,235.0,133.18,91.49,90.42,83.33,65.89,26.09,65481987.45,691128851.42,18314.0
myanmar14_4,distributed,300.0,241.0,74.47,81.74,80.54,50.0,27.12,4.44,76770705.71,519921356.42,39265.0
myanmar14_4,concentration2_cluster_9_group_none,300.0,241.0,73.16,81.33,80.29,50.0,27.28,4.44,91930613.87,1231566604.05,39205.0
america52_29,distributed,300.0,375.0,132.58,83.47,82.82,77.78,47.94,14.29,121506739.36,603741963.77,52317.0
america52_29,concentration2_cluster_9_group_none,300.0,375.0,138.19,85.07,83.27,76.92,47.52,20.63,87463311.91,451313994.69,50477.0
china41_19,distributed,300.0,241.0,72.31,81.33,80.06,80.0,75.64,21.28,114429658.97,528126066.2,37633.0
china41_19,concentration2_cluster_9_group_none,300.0,241.0,74.21,81.74,80.47,85.71,74.12,14.89,153769218.3,622583490.84,38548.0
eritrea02_27,distributed,300.0,195.0,78.67,85.64,84.95,100.0,67.33,13.33,139901195.89,450003420.58,24791.0
eritrea02_27,concentration2_cluster_9_group_none,300.0,195.0,77.71,85.13,84.82,83.33,67.81,20.0,99198082.2,400266443.59,24066.0
tokyo03_8,distributed,300.0,237.0,80.34,83.12,82.06,0.0,45.01,2.63,324661058.45,0.0,33418.0
tokyo03_8,concentration2_cluster_9_group_none,300.0,237.0,80.34,83.12,82.06,66.67,46.87,7.89,85096227.75,195550123.16,32909.0
india06,distributed,300.0,235.0,87.1,85.11,83.37,80.0,75.65,25.0,62210622.22,276746484.29,31485.0
india06,concentration2_cluster_9_group_none,300.0,235.0,85.9,85.11,83.1,87.5,72.52,20.0,68838491.89,358262574.87,32774.0
chile39_23,distributed,300.0,375.0,207.64,92.8,89.67,71.43,98.74,62.22,46671441.34,383670823.56,26456.0
chile39_23,concentration2_cluster_9_group_none,300.0,375.0,201.95,92.0,89.29,75.86,99.11,64.44,44606323.7,351406196.56,26032.0
okayama_18,distributed,300.0,293.0,131.77,87.71,86.64,66.67,52.81,7.5,211438317.24,1124764926.12,34546.0
okayama_18,concentration2_cluster_9_group_none,300.0,293.0,133.51,88.05,86.82,75.0,50.65,20.0,74454990.38,522906449.5,33173.0
tokyo21_25,distributed,300.0,293.0,102.39,83.28,82.63,0.0,32.84,0.0,0.0,577148702.61,43855.0
tokyo21_25,concentration2_cluster_9_group_none,300.0,293.0,102.39,83.28,82.63,0.0,32.08,0.0,0.0,0.0,43855.0
italy36_3,concentration2_cluster_9_group_none,300.0,281.0,130.74,89.32,86.96,61.11,82.7,45.0,47190655.75,343940612.91,27988.0
italy36_3,distributed,300.0,281.0,133.85,90.04,87.27,56.52,92.13,57.5,45388884.72,371952845.11,26171.0
philippines22,distributed,300.0,329.0,71.05,75.68,74.92,0.0,25.76,0.0,0.0,0.0,68915.0
philippines22,concentration2_cluster_9_group_none,300.0,329.0,71.05,75.68,74.92,0.0,26.2,1.3,472496564.82,0.0,68560.0
canada33_10,distributed,300.0,237.0,77.93,83.12,81.45,90.0,48.54,23.26,126947764.79,283661740.43,33972.0
canada33_10,concentration2_cluster_9_group_none,300.0,237.0,76.88,82.28,81.39,80.0,45.02,11.63,230890468.83,346937578.73,35789.0
philippines30_11,distributed,300.0,290.0,85.34,81.03,79.74,91.67,53.63,21.05,63613568.82,238264869.4,45714.0
philippines30_11,concentration2_cluster_9_group_none,300.0,290.0,86.98,81.38,80.04,73.33,55.66,26.32,45860626.84,215528928.4,43986.0
indonesia80_19,distributed,300.0,344.0,127.59,84.01,83.65,50.0,52.32,14.55,74802109.07,502076934.23,46217.0
indonesia80_19,concentration2_cluster_9_group_none,300.0,344.0,127.59,84.01,83.65,0.0,53.57,3.64,270556865.72,0.0,48467.0
america04_14,distributed,300.0,290.0,111.0,85.52,83.92,64.29,44.91,29.17,63395520.45,368672222.87,37273.0
america04_14,concentration2_cluster_9_group_none,300.0,290.0,120.61,87.59,85.11,85.71,45.59,29.17,61012184.9,302930372.85,36058.0
tokyo21,distributed,300.0,293.0,112.58,84.98,84.12,50.0,33.52,4.26,112769395.9,520600866.3,41145.0
tokyo21,concentration2_cluster_9_group_none,300.0,293.0,112.58,84.98,84.12,0.0,30.32,4.26,129041570.54,0.0,41457.0
indonesia63_11,distributed,300.0,340.0,102.83,81.18,80.25,0.0,39.1,0.0,0.0,0.0,57280.0
indonesia63_11,concentration2_cluster_9_group_none,300.0,340.0,102.83,81.18,80.25,0.0,38.44,1.56,365713999.35,0.0,57051.0
chile39_19,distributed,300.0,375.0,248.27,95.2,92.74,68.97,96.36,76.32,38224966.74,448619689.13,19470.0
chile39_19,concentration2_cluster_9_group_none,300.0,375.0,232.82,94.13,91.68,78.26,91.55,60.53,46108997.28,443803270.81,23520.0
serbia02_6,distributed,300.0,240.0,83.58,83.33,82.55,0.0,39.02,4.88,129563717.11,0.0,36129.0
serbia02_6,concentration2_cluster_9_group_none,300.0,240.0,84.95,83.75,82.78,100.0,42.08,9.76,62062929.83,204021180.77,34153.0
yamanashi_21,distributed,300.0,320.0,96.03,80.94,80.16,50.0,38.2,6.56,95277231.34,481107125.41,53085.0
yamanashi_21,concentration2_cluster_9_group_none,300.0,320.0,95.97,80.94,80.14,62.5,41.58,13.11,54269587.75,295892694.97,51944.0
myanmar14_22,distributed,300.0,241.0,70.35,80.91,79.61,100.0,31.28,2.0,185886642.13,336389794.25,44236.0
myanmar14_22,concentration2_cluster_9_group_none,300.0,241.0,70.35,80.91,79.61,0.0,31.4,0.0,0.0,0.0,44750.0
serbia02_20,distributed,300.0,240.0,76.33,82.08,81.04,33.33,37.8,6.67,111631818.21,1071082853.11,39021.0
serbia02_20,concentration2_cluster_9_group_none,300.0,240.0,76.33,82.08,81.04,25.0,41.02,8.89,89350291.11,1167056838.57,38357.0
indonesia80_27,distributed,300.0,344.0,139.52,85.76,85.02,66.67,54.95,6.0,150115930.45,852737771.57,43532.0
indonesia80_27,concentration2_cluster_9_group_none,300.0,344.0,139.52,85.76,85.02,50.0,53.46,4.0,178750140.04,1515539005.09,43968.0
tokyo21_28,distributed,300.0,293.0,120.81,86.01,85.3,66.67,32.04,7.32,70407410.85,532205550.38,35249.0
tokyo21_28,concentration2_cluster_9_group_none,300.0,293.0,118.74,85.32,85.11,100.0,32.77,2.44,204794410.4,1349085482.42,36208.0
indonesia43_4,distributed,300.0,344.0,118.12,83.43,82.24,44.44,61.45,14.52,80789099.8,618546108.01,52520.0
indonesia43_4,concentration2_cluster_9_group_none,300.0,344.0,120.98,84.3,82.51,75.0,65.22,19.35,55773695.75,255081288.32,51812.0
austria22_11,distributed,300.0,315.0,94.42,80.95,80.13,60.0,48.59,8.2,230442256.53,588817845.59,52337.0
austria22_11,concentration2_cluster_9_group_none,300.0,315.0,97.58,81.9,80.55,77.78,49.02,14.75,116645892.82,318759271.99,50743.0
italy36_5,distributed,300.0,281.0,123.58,87.19,86.31,64.29,90.98,37.84,67026214.7,461378795.54,27698.0
italy36_5,concentration2_cluster_9_group_none,300.0,281.0,121.7,86.83,86.09,64.71,86.61,45.95,48778196.55,458477717.4,25844.0
iceland06_12,distributed,300.0,209.0,107.82,91.39,88.56,84.62,82.33,46.43,68951996.21,437201321.54,18696.0
iceland06_12,concentration2_cluster_9_group_none,300.0,209.0,99.03,88.52,87.5,71.43,82.85,25.0,117864866.22,889398133.22,21612.0
argeria07_23,distributed,300.0,182.0,61.87,84.07,81.89,23.08,81.57,39.39,57424336.11,539391328.47,23417.0
argeria07_23,concentration2_cluster_9_group_none,300.0,182.0,66.06,86.26,82.69,76.92,68.58,39.39,49936642.71,215302764.61,22892.0
tokyo12_26,distributed,300.0,352.0,112.74,82.1,81.17,50.0,44.82,14.93,57598909.01,367207388.34,55983.0
tokyo12_26,concentration2_cluster_9_group_none,300.0,352.0,114.44,82.67,81.33,100.0,42.57,10.45,52340452.3,223028518.08,56430.0
bulgaria05_4,distributed,300.0,180.0,51.16,80.0,79.3,50.0,37.98,5.71,228282434.87,549295753.05,30741.0
bulgaria05_4,concentration2_cluster_9_group_none,300.0,180.0,51.16,80.0,79.3,50.0,36.67,5.71,204755483.85,1246896260.26,30849.0
hungary01_16,distributed,300.0,241.0,77.51,82.57,81.14,80.0,59.88,22.22,72697310.03,264000882.9,36185.0
hungary01_16,concentration2_cluster_9_group_none,300.0,241.0,82.33,84.23,81.95,72.73,49.26,24.44,70769768.74,259796018.13,35020.0
india06_21,distributed,300.0,235.0,91.22,86.38,84.0,77.78,79.48,22.5,81931326.78,409271557.35,32062.0
india06_21,concentration2_cluster_9_group_none,300.0,235.0,89.36,85.53,83.79,88.89,74.79,22.5,80484389.82,431768931.56,31771.0
tokyo12_22,distributed,300.0,352.0,101.78,80.68,79.48,50.0,43.85,8.33,94277760.28,336730013.2,62451.0
tokyo12_22,concentration2_cluster_9_group_none,300.0,352.0,101.63,80.68,79.45,66.67,40.22,4.17,159212115.49,422846174.31,63549.0
hukuoka01_23,distributed,300.0,367.0,223.46,93.19,91.49,68.75,91.11,47.06,55806458.8,564661958.96,23433.0
hukuoka01_23,concentration2_cluster_9_group_none,300.0,367.0,229.6,93.73,91.91,92.86,87.51,41.18,62003709.69,525615100.98,24503.0
chile47_26,distributed,300.0,375.0,217.23,93.07,90.52,80.77,96.91,65.0,48226131.39,299976291.53,22841.0
chile47_26,concentration2_cluster_9_group_none,300.0,375.0,223.12,93.87,90.88,85.19,98.36,67.5,41015718.73,296362931.29,22141.0
eritrea02_17,concentration2_cluster_9_group_none,300.0,195.0,98.33,89.23,88.59,100.0,76.68,19.05,93490041.73,331755294.66,16832.0
eritrea02_17,distributed,300.0,195.0,98.33,89.23,88.59,83.33,71.43,28.57,50078268.98,317311939.81,16056.0
tokyo21_24,distributed,300.0,293.0,114.92,85.67,84.37,0.0,34.98,0.0,0.0,0.0,42065.0
tokyo21_24,concentration2_cluster_9_group_none,300.0,293.0,114.92,85.67,84.37,100.0,35.29,2.13,331006480.41,653673464.2,41401.0
ecuador01_8,distributed,300.0,325.0,189.83,92.31,90.85,69.23,95.07,40.63,67743421.72,569411276.18,22390.0
ecuador01_8,concentration2_cluster_9_group_none,300.0,325.0,191.56,92.92,90.9,93.33,95.77,46.88,55890131.55,488462676.11,21017.0
italy36_9,distributed,300.0,281.0,112.46,87.19,84.43,62.5,92.23,32.65,67051969.34,468373311.8,36606.0
italy36_9,concentration2_cluster_9_group_none,300.0,281.0,117.77,87.9,85.19,66.67,86.44,42.86,49506034.27,354444294.68,33931.0
america20_17,distributed,300.0,323.0,101.86,82.04,80.88,80.0,24.79,8.06,149004872.19,546895273.81,52971.0
america20_17,concentration2_cluster_9_group_none,300.0,323.0,102.13,82.04,80.93,42.86,24.95,11.29,111258996.56,1010940290.92,53080.0
myanmar14_27,distributed,300.0,241.0,46.93,73.86,73.34,0.0,22.78,0.0,0.0,0.0,56385.0
myanmar14_27,concentration2_cluster_9_group_none,300.0,241.0,46.93,73.86,73.34,0.0,23.08,0.0,0.0,0.0,56385.0
peru13_1,distributed,300.0,319.0,145.36,88.09,86.82,66.67,69.77,28.57,83461902.94,489169742.66,31674.0
peru13_1,concentration2_cluster_9_group_none,300.0,319.0,140.37,87.46,86.26,62.5,64.01,19.05,122592776.87,543420452.98,34693.0
iceland07_19,distributed,300.0,244.0,95.38,86.89,84.03,69.23,75.05,32.5,93691393.74,541677908.42,29193.0
iceland07_19,concentration2_cluster_9_group_none,300.0,244.0,97.03,87.3,84.27,76.92,84.14,32.5,94123500.07,491766987.32,28368.0
iceland07,distributed,300.0,244.0,89.35,85.25,83.1,57.14,71.92,34.15,89167055.94,631710207.53,29517.0
iceland07,concentration2_cluster_9_group_none,300.0,244.0,90.29,86.07,83.12,73.33,75.19,36.59,84263545.3,465291831.77,28943.0
chile21_28,distributed,300.0,147.0,44.22,81.63,80.03,87.5,56.67,25.81,54513184.03,288571827.21,24851.0
chile21_28,concentration2_cluster_9_group_none,300.0,147.0,45.96,82.99,80.48,66.67,57.56,19.35,75782358.15,483255334.94,24832.0
indonesia80_23,distributed,300.0,344.0,93.78,79.65,78.56,87.5,52.77,11.27,52532676.03,239464285.43,59706.0
indonesia80_23,concentration2_cluster_9_group_none,300.0,344.0,93.78,79.65,78.56,80.0,53.22,7.04,68199617.12,456514049.19,61785.0
chile01_28,distributed,300.0,375.0,133.63,84.0,82.85,66.67,71.77,18.75,104154125.17,571154115.07,52003.0
chile01_28,concentration2_cluster_9_group_none,300.0,375.0,131.46,83.73,82.59,70.0,69.52,15.63,119889530.21,527682848.22,53709.0
philippines30_13,distributed,300.0,290.0,69.46,77.24,76.58,61.54,47.44,19.12,66833253.11,296231810.95,55483.0
philippines30_13,concentration2_cluster_9_group_none,300.0,290.0,75.4,79.66,77.61,78.95,56.36,27.94,44588668.62,240924690.02,52903.0
ecuador01_9,distributed,300.0,325.0,173.5,91.08,89.32,65.0,90.64,51.28,53987793.65,534464988.86,24808.0
ecuador01_9,concentration2_cluster_9_group_none,300.0,325.0,174.11,91.38,89.32,68.18,83.75,56.41,45135487.43,400062147.4,24260.0
tokyo21_22,distributed,300.0,293.0,100.24,82.94,82.29,33.33,33.64,5.77,111957270.7,1121765717.98,45592.0
tokyo21_22,concentration2_cluster_9_group_none,300.0,293.0,100.24,82.94,82.29,100.0,33.62,1.92,362551267.83,1183645943.33,45741.0
germany17,distributed,300.0,311.0,92.81,80.71,80.1,100.0,41.72,8.77,196197591.86,311207565.6,48751.0
germany17,concentration2_cluster_9_group_none,300.0,311.0,94.07,81.03,80.29,87.5,40.18,14.04,122467692.61,378642140.92,46858.0
america20_20,distributed,300.0,323.0,78.07,78.02,76.56,66.67,27.99,7.79,203233926.7,550658220.71,66173.0
america20_20,concentration2_cluster_9_group_none,300.0,323.0,78.04,77.71,76.64,57.14,28.55,9.09,195904121.6,674506627.41,66193.0
iceland07_16,distributed,300.0,244.0,117.09,88.52,87.75,46.67,74.83,48.39,70630283.39,721280465.66,21325.0
iceland07_16,concentration2_cluster_9_group_none,300.0,244.0,124.75,90.98,88.47,90.91,74.11,35.48,98388335.6,502973664.23,23144.0
turkey33_12,distributed,300.0,267.0,154.7,91.76,90.8,100.0,88.76,27.27,115895966.68,584140105.31,16357.0
turkey33_12,concentration2_cluster_9_group_none,300.0,267.0,163.49,92.88,91.67,100.0,83.88,31.82,101726507.08,540605421.45,16020.0
peru19_2,distributed,300.0,331.0,179.48,90.33,89.79,70.0,61.77,30.3,62100968.46,509763104.09,25484.0
peru19_2,concentration2_cluster_9_group_none,300.0,331.0,186.08,91.54,90.25,90.0,63.06,30.3,73153652.06,342336594.44,25391.0
turkey13_9,distributed,300.0,254.0,186.89,95.28,94.83,75.0,68.87,28.57,105896068.04,844040474.1,10087.0
turkey13_9,concentration2_cluster_9_group_none,300.0,254.0,186.18,95.28,94.76,100.0,72.42,35.71,56825902.26,678121265.01,9621.0
america04_25,concentration2_cluster_9_group_none,300.0,290.0,86.22,81.38,79.86,72.73,44.95,18.33,106040530.16,501219828.6,49183.0
america04_25,distributed,300.0,290.0,86.48,81.72,79.84,100.0,45.0,18.33,105579730.33,285130608.14,48943.0
tokyo21_27,concentration2_cluster_9_group_none,300.0,293.0,141.49,88.05,87.99,0.0,28.86,2.94,179478888.08,1415472545.41,29793.0
tokyo21_27,distributed,300.0,293.0,141.35,88.05,87.97,50.0,28.44,5.88,127119024.67,689405794.3,29396.0
canada33_26,distributed,300.0,237.0,72.41,81.43,80.39,50.0,58.76,12.77,174223384.48,1111255122.25,38654.0
canada33_26,concentration2_cluster_9_group_none,300.0,237.0,71.41,81.01,80.22,40.0,60.13,10.64,184454630.24,1152726079.18,39714.0
philippines20_8,distributed,300.0,324.0,87.76,80.56,78.2,70.0,61.75,13.89,95863737.49,287056690.2,61538.0
philippines20_8,concentration2_cluster_9_group_none,300.0,324.0,89.84,81.17,78.52,71.43,58.88,19.44,65305108.0,217065794.28,58573.0
hungary01_23,distributed,300.0,241.0,67.22,79.67,79.01,66.67,61.05,12.77,104236601.02,387350662.83,39362.0
hungary01_23,concentration2_cluster_9_group_none,300.0,241.0,66.26,79.25,78.83,80.0,56.62,10.64,114736769.16,450923872.03,40359.0
myanmar11_12,distributed,300.0,235.0,64.12,80.0,78.49,85.71,49.92,13.73,61266557.42,281084817.62,42413.0
myanmar11_12,concentration2_cluster_9_group_none,300.0,235.0,64.86,80.43,78.61,100.0,48.4,9.8,100382582.49,403107239.41,43057.0
cuba02_17,distributed,300.0,244.0,72.37,80.74,79.97,75.0,48.34,16.33,93937538.28,319644991.52,40253.0
cuba02_17,concentration2_cluster_9_group_none,300.0,244.0,73.05,80.74,80.16,85.71,48.62,14.29,114319716.31,319957477.99,40488.0
ishikawa_7,distributed,300.0,310.0,100.27,82.26,81.33,100.0,41.1,5.26,158136941.84,557183054.8,49551.0
ishikawa_7,concentration2_cluster_9_group_none,300.0,310.0,100.46,81.94,81.45,66.67,39.35,5.26,195995141.1,1173940674.97,49635.0
venezuela02_2,distributed,300.0,295.0,203.62,95.25,93.56,100.0,63.14,52.38,61118518.07,580781394.9,12880.0
venezuela02_2,concentration2_cluster_9_group_none,300.0,295.0,208.4,95.93,93.88,92.31,70.23,61.9,52947278.75,560456988.07,11777.0
china10_10,distributed,300.0,242.0,123.42,90.08,88.62,78.57,73.67,46.67,46378585.32,436128838.23,20362.0
china10_10,concentration2_cluster_9_group_none,300.0,242.0,120.67,89.67,88.26,62.5,52.92,53.33,38411338.91,405454404.48,19121.0
burundi03_9,distributed,300.0,236.0,67.25,80.08,79.33,100.0,32.64,6.25,70399820.43,342942106.88,41871.0
burundi03_9,concentration2_cluster_9_group_none,300.0,236.0,67.3,80.08,79.35,50.0,32.5,4.17,101016405.42,483051541.85,42376.0
austria37_29,distributed,300.0,334.0,132.15,86.53,84.35,45.83,92.66,43.64,67679445.75,482062087.11,39421.0
austria37_29,concentration2_cluster_9_group_none,300.0,334.0,132.5,85.93,84.54,48.0,90.42,45.45,60434255.97,434477450.03,37569.0
austria37_20,distributed,300.0,334.0,125.4,85.03,83.65,66.67,86.5,32.14,88994753.33,424366720.94,41567.0
austria37_20,concentration2_cluster_9_group_none,300.0,334.0,129.85,85.93,84.14,71.43,82.07,37.5,67348695.69,281798865.33,39590.0
cuba02_20,distributed,300.0,244.0,87.59,83.61,83.09,83.33,38.71,15.0,97153396.12,339414157.07,33190.0
cuba02_20,concentration2_cluster_9_group_none,300.0,244.0,87.59,83.61,83.09,60.0,38.03,12.5,82116630.66,817739145.48,33656.0
peru17_19,distributed,300.0,334.0,223.21,95.21,92.92,77.78,91.47,66.67,52936425.73,550297506.74,15102.0
peru17_19,concentration2_cluster_9_group_none,300.0,334.0,217.08,94.31,92.55,84.62,94.41,48.15,73386898.1,617742796.55,18131.0
ibaragi_1,distributed,300.0,258.0,113.24,86.82,86.36,0.0,45.5,3.13,230821317.23,1258134775.39,27991.0
ibaragi_1,concentration2_cluster_9_group_none,300.0,258.0,113.76,87.21,86.36,100.0,46.89,6.25,105263723.15,312912375.14,27378.0
cuba02_18,distributed,300.0,244.0,76.22,81.56,80.81,57.14,30.69,15.56,116398937.47,203585570.02,38474.0
cuba02_18,concentration2_cluster_9_group_none,300.0,244.0,76.15,81.56,80.79,87.5,33.31,17.78,87887511.88,144798635.32,36673.0
belize01_10,distributed,300.0,324.0,104.01,82.1,81.22,100.0,24.37,1.69,196938782.87,1125761672.36,52456.0
belize01_10,concentration2_cluster_9_group_none,300.0,324.0,103.56,81.79,81.21,0.0,25.23,0.0,0.0,0.0,52805.0
peru19_14,distributed,300.0,331.0,130.8,85.5,84.56,83.33,60.81,11.54,166748763.7,663579721.43,43831.0
peru19_14,concentration2_cluster_9_group_none,300.0,331.0,129.85,85.5,84.42,83.33,58.77,23.08,78901372.99,505044114.67,42001.0
argentina10_15,distributed,300.0,336.0,119.45,83.33,82.96,75.0,34.56,7.69,259463871.96,781570664.46,44238.0
argentina10_15,concentration2_cluster_9_group_none,300.0,336.0,119.45,83.33,82.96,100.0,33.23,9.62,213078458.48,436886996.72,43727.0
bulgaria06_5,distributed,300.0,241.0,78.44,82.99,81.28,66.67,58.08,13.33,172845260.73,521249292.98,38220.0
bulgaria06_5,concentration2_cluster_9_group_none,300.0,241.0,80.93,84.23,81.61,54.55,56.57,24.44,88576388.62,450806925.45,34882.0
cuba02_25,distributed,300.0,244.0,70.51,80.74,79.45,40.0,40.19,10.2,122669782.35,438502685.82,42143.0
cuba02_25,concentration2_cluster_9_group_none,300.0,244.0,71.34,81.15,79.58,100.0,40.64,8.16,174471976.42,384502717.17,41538.0
ishikawa_4,distributed,300.0,310.0,118.93,85.16,84.05,66.67,46.09,11.54,80104589.53,387574771.94,44593.0
ishikawa_4,concentration2_cluster_9_group_none,300.0,310.0,119.2,85.16,84.1,75.0,45.63,7.69,107492452.56,430681031.01,45183.0
iceland06_9,distributed,300.0,209.0,97.91,89.0,87.17,76.92,85.52,46.43,68088672.9,432805383.57,18036.0
iceland06_9,concentration2_cluster_9_group_none,300.0,209.0,99.31,89.0,87.45,72.73,72.64,39.29,77581629.5,585028855.0,18908.0
greece22_12,distributed,300.0,348.0,103.52,80.46,80.1,60.0,58.79,15.38,105789243.76,509082753.47,53944.0
greece22_12,concentration2_cluster_9_group_none,300.0,348.0,103.68,80.46,80.13,66.67,55.48,18.46,87540957.76,351522835.0,52811.0
italy16_19,distributed,300.0,214.0,88.08,86.45,85.16,63.64,90.9,32.35,54236172.15,513543884.54,25907.0
italy16_19,concentration2_cluster_9_group_none,300.0,214.0,90.71,87.38,85.53,80.0,89.82,29.41,56689824.85,456071277.4,26019.0
philippines25_25,distributed,300.0,371.0,133.62,84.64,82.91,63.16,72.6,29.23,53751907.8,267929300.78,50665.0
philippines25_25,concentration2_cluster_9_group_none,300.0,371.0,134.98,85.18,82.99,50.0,72.39,36.92,33768635.27,206741127.85,47591.0
argeria07_28,distributed,300.0,182.0,74.53,86.81,84.97,75.0,94.44,41.38,49285256.1,306008888.21,19814.0
argeria07_28,concentration2_cluster_9_group_none,300.0,182.0,74.63,87.36,84.87,83.33,85.51,41.38,49495552.51,258144474.97,20411.0
hungary01_19,distributed,300.0,241.0,78.46,83.4,81.19,100.0,62.81,17.78,73461527.25,294033865.79,36889.0
hungary01_19,concentration2_cluster_9_group_none,300.0,241.0,78.01,82.99,81.17,61.54,59.71,28.89,39892689.93,276575129.41,34508.0
myanmar11_21,distributed,300.0,235.0,55.13,77.45,76.11,87.5,45.48,13.79,79080776.66,346073193.11,48431.0
myanmar11_21,concentration2_cluster_9_group_none,300.0,235.0,55.13,77.45,76.11,54.55,48.95,18.97,60713609.45,393782152.45,46994.0
myanmar15_11,distributed,300.0,255.0,67.19,78.82,78.08,66.67,28.45,5.45,128821087.68,356116717.73,47758.0
myanmar15_11,concentration2_cluster_9_group_none,300.0,255.0,67.19,78.82,78.08,0.0,27.82,1.82,324472950.64,0.0,48951.0
iceland06_10,distributed,300.0,209.0,101.86,91.39,87.43,73.33,75.03,50.0,67361506.93,473042248.83,20148.0
iceland06_10,concentration2_cluster_9_group_none,300.0,209.0,99.08,89.95,87.19,83.33,61.18,40.0,84442011.4,510745856.97,21129.0
philippines25_13,distributed,300.0,371.0,111.93,81.94,80.02,66.67,70.83,25.0,47510733.79,274628985.51,56850.0
philippines25_13,concentration2_cluster_9_group_none,300.0,371.0,108.93,80.59,79.8,81.82,68.8,15.28,76973842.6,447751211.16,59242.0
italy16_10,distributed,300.0,214.0,88.74,86.45,85.31,18.18,78.68,35.48,40511973.66,413469417.49,23555.0
italy16_10,concentration2_cluster_9_group_none,300.0,214.0,89.69,86.45,85.52,75.0,87.65,12.9,119862407.6,508530817.34,26514.0
india13_24,concentration2_cluster_9_group_none,300.0,243.0,111.96,87.65,87.14,100.0,48.74,19.35,59597335.01,445538146.03,25180.0
india13_24,distributed,300.0,243.0,111.96,87.65,87.14,100.0,52.37,16.13,78628762.97,466455509.83,25337.0
indonesia63_21,distributed,300.0,340.0,97.34,79.71,79.52,50.0,44.11,3.03,220551388.46,833323484.0,58396.0
indonesia63_21,concentration2_cluster_9_group_none,300.0,340.0,97.34,79.71,79.52,75.0,44.97,6.06,139823289.47,557137969.48,57497.0
america20_13,distributed,300.0,323.0,77.43,77.4,76.56,50.0,25.01,13.16,78608670.46,562438630.88,63117.0
america20_13,concentration2_cluster_9_group_none,300.0,323.0,78.32,77.71,76.71,100.0,25.09,9.21,122768946.02,337988999.82,63426.0
peru13_5,distributed,300.0,319.0,151.48,89.34,87.36,78.57,66.23,33.33,73241983.9,411868757.53,31255.0
peru13_5,concentration2_cluster_9_group_none,300.0,319.0,162.76,91.54,88.31,94.12,59.72,40.48,48885659.47,314211866.81,28777.0
peru19_16,distributed,300.0,331.0,130.29,86.1,84.34,88.89,54.92,16.67,98296626.94,357875339.11,44544.0
peru19_16,concentration2_cluster_9_group_none,300.0,331.0,131.25,86.1,84.49,57.14,50.56,25.93,62202139.28,335117354.7,41827.0
okayama_8,distributed,300.0,293.0,105.71,83.62,83.19,80.0,51.5,10.64,132023436.62,657975143.98,39459.0
okayama_8,concentration2_cluster_9_group_none,300.0,293.0,105.71,83.62,83.19,83.33,48.21,12.77,94215151.11,498811626.66,39107.0
america20_4,distributed,300.0,323.0,104.32,82.35,81.28,85.71,19.19,12.07,130346027.79,402205713.03,49029.0
america20_4,concentration2_cluster_9_group_none,300.0,323.0,106.58,82.66,81.63,100.0,19.13,12.07,152453802.72,433972762.48,48759.0
ibaragi,distributed,300.0,258.0,84.78,82.95,81.48,100.0,43.66,6.52,181979905.03,422640123.65,39757.0
ibaragi,concentration2_cluster_9_group_none,300.0,258.0,84.78,82.95,81.48,100.0,41.8,2.17,446498745.42,1208171584.69,40344.0
germany17_15,distributed,300.0,311.0,81.42,78.78,77.97,75.0,32.73,6.35,266287826.09,374012277.71,55103.0
germany17_15,concentration2_cluster_9_group_none,300.0,311.0,81.86,79.1,77.99,100.0,32.54,6.35,236253476.29,625632557.64,54488.0
bolivia01_1,distributed,300.0,243.0,104.92,86.83,86.03,50.0,45.92,11.43,76710213.35,326382196.92,29557.0
bolivia01_1,concentration2_cluster_9_group_none,300.0,243.0,102.64,86.42,85.68,100.0,47.06,14.29,52511768.13,247602965.13,28887.0
myanmar15_2,distributed,300.0,255.0,82.73,82.35,81.37,50.0,27.67,8.16,114166467.52,461558089.95,42429.0
myanmar15_2,concentration2_cluster_9_group_none,300.0,255.0,82.73,82.35,81.37,75.0,27.89,8.16,127201861.31,318148609.8,42462.0
tokyo12_20,distributed,300.0,352.0,112.01,82.1,81.04,50.0,40.86,8.96,90605362.38,752884932.89,56515.0
tokyo12_20,concentration2_cluster_9_group_none,300.0,352.0,113.54,82.39,81.25,100.0,41.99,5.97,183355410.67,432624260.2,57930.0
ukraine01_20,distributed,300.0,284.0,99.53,84.15,82.48,63.64,80.31,21.15,108010555.63,657468980.37,41828.0
ukraine01_20,concentration2_cluster_9_group_none,300.0,284.0,98.82,83.8,82.42,63.64,72.24,21.15,100025817.01,510768374.85,42329.0
eritrea02_4,distributed,300.0,195.0,107.1,92.31,89.62,100.0,75.41,52.38,35923014.78,233477240.97,13597.0
eritrea02_4,concentration2_cluster_9_group_none,300.0,195.0,99.48,89.23,88.82,100.0,78.96,38.1,60053464.98,283426630.64,13969.0
greece06_7,distributed,300.0,342.0,115.22,82.75,82.03,100.0,44.73,5.26,261362108.79,637751179.78,49728.0
greece06_7,concentration2_cluster_9_group_none,300.0,342.0,117.01,83.04,82.27,66.67,44.09,5.26,211286235.42,801797631.85,49629.0
philippines20_13,distributed,300.0,324.0,92.19,81.17,79.03,69.23,58.75,18.84,42579726.79,332007804.62,55928.0
philippines20_13,concentration2_cluster_9_group_none,300.0,324.0,92.56,81.48,79.04,80.0,54.36,21.74,27695797.04,286876559.96,55941.0
ukraine12_24,distributed,300.0,255.0,84.27,83.53,81.45,66.67,54.73,23.53,79678224.41,418163996.31,41400.0
ukraine12_24,concentration2_cluster_9_group_none,300.0,255.0,83.62,83.14,81.4,60.0,50.01,19.61,103034243.98,642229181.3,41480.0
venezuela01_17,distributed,300.0,299.0,243.57,97.99,96.3,83.33,91.38,80.0,37865284.78,675821129.84,6951.0
venezuela01_17,concentration2_cluster_9_group_none,300.0,299.0,235.92,96.66,95.94,87.5,90.14,53.33,50544046.94,933756296.95,8776.0
italy36_28,distributed,300.0,281.0,133.58,90.39,87.15,71.43,84.06,52.5,52401637.19,310253367.34,25642.0
italy36_28,concentration2_cluster_9_group_none,300.0,281.0,124.2,88.26,86.17,57.14,80.06,52.5,48829314.6,487431635.58,24820.0
peru17_27,distributed,300.0,334.0,230.19,94.91,93.6,40.0,93.94,65.22,47629513.13,1113661437.67,13307.0
peru17_27,concentration2_cluster_9_group_none,300.0,334.0,222.99,94.31,93.09,66.67,95.04,52.17,61441384.94,822338810.61,14948.0
sapporo_3,distributed,300.0,253.0,100.18,85.38,84.63,100.0,39.17,5.0,196201257.18,601794415.29,35300.0
sapporo_3,concentration2_cluster_9_group_none,300.0,253.0,101.76,85.77,84.85,100.0,35.33,7.5,125925217.88,493209918.14,34549.0
india10_11,distributed,300.0,247.0,72.49,80.57,79.8,50.0,29.82,4.17,187711780.05,1154886634.87,41851.0
india10_11,concentration2_cluster_9_group_none,300.0,247.0,72.49,80.57,79.8,100.0,31.6,4.17,172340421.43,281751490.36,41740.0
peru17_11,distributed,300.0,334.0,224.71,94.91,93.12,64.29,94.38,56.0,60282571.51,737000603.33,16085.0
peru17_11,concentration2_cluster_9_group_none,300.0,334.0,227.4,94.91,93.36,85.71,92.92,56.0,59022525.59,621418612.97,16556.0
chile47_10,distributed,300.0,375.0,238.44,94.4,92.1,80.0,90.35,45.45,57379897.59,530701551.99,22443.0
chile47_10,concentration2_cluster_9_group_none,300.0,375.0,250.04,94.67,92.99,88.89,76.06,54.55,42397748.68,412027012.9,19968.0
argeria01_16,distributed,300.0,235.0,164.22,95.32,93.79,88.89,67.61,52.94,48730663.77,455832878.28,10079.0
argeria01_16,concentration2_cluster_9_group_none,300.0,235.0,162.4,94.89,93.66,88.89,65.12,52.94,54459536.34,490434950.99,10151.0
myanmar03_29,distributed,300.0,240.0,72.97,81.67,80.24,25.0,29.37,8.51,95432678.53,1779358977.77,40429.0
myanmar03_29,concentration2_cluster_9_group_none,300.0,240.0,73.66,81.67,80.43,80.0,29.5,10.64,85846788.7,342099491.7,40068.0
america52_10,distributed,300.0,375.0,126.44,83.2,81.94,87.5,59.18,11.76,145918400.27,407448222.03,57033.0
america52_10,concentration2_cluster_9_group_none,300.0,375.0,125.05,82.67,81.84,76.92,55.45,19.12,70954891.84,363959568.32,54748.0
philippines25_5,distributed,300.0,371.0,109.84,81.67,79.71,72.22,72.0,23.38,59339010.81,319511531.45,60758.0
philippines25_5,concentration2_cluster_9_group_none,300.0,371.0,112.24,81.94,80.07,60.0,73.92,25.97,49225642.17,327585321.66,60606.0
myanmar13_16,distributed,300.0,228.0,58.27,78.95,77.44,0.0,41.99,1.92,197906108.21,497428282.75,46470.0
myanmar13_16,concentration2_cluster_9_group_none,300.0,228.0,58.21,78.95,77.42,50.0,40.57,3.85,99695599.77,338923740.56,45926.0
chile01_2,distributed,300.0,375.0,164.89,87.2,86.31,36.36,79.81,22.0,97188236.98,1318262077.89,41682.0
chile01_2,concentration2_cluster_9_group_none,300.0,375.0,167.95,87.47,86.61,66.67,71.23,18.0,89559994.46,739848342.33,40835.0
iceland07_29,distributed,300.0,244.0,84.0,84.02,82.16,81.82,64.28,25.58,114735617.73,472255093.92,33581.0
iceland07_29,concentration2_cluster_9_group_none,300.0,244.0,84.87,84.02,82.36,56.25,72.0,37.21,74978124.06,455512709.89,31146.0
chile39_15,distributed,300.0,375.0,209.21,92.8,89.82,69.23,96.56,61.9,46674157.12,414610667.58,25438.0
chile39_15,concentration2_cluster_9_group_none,300.0,375.0,214.6,92.8,90.33,67.86,97.47,66.67,43395662.28,377686044.43,23243.0
peru17_20,distributed,300.0,334.0,223.26,94.91,92.99,84.62,92.39,44.83,79146914.0,662659795.32,18730.0
peru17_20,concentration2_cluster_9_group_none,300.0,334.0,221.33,94.31,92.94,91.67,84.33,41.38,86807770.08,729456357.67,19889.0
ukraine01_5,distributed,300.0,284.0,99.95,84.15,82.56,100.0,64.44,18.75,140211687.4,416532867.42,38295.0
ukraine01_5,concentration2_cluster_9_group_none,300.0,284.0,102.94,85.21,82.9,83.33,60.83,25.0,79217869.58,407365528.8,37812.0
america52_27,distributed,300.0,375.0,120.99,82.4,81.25,42.86,49.72,10.14,137413100.99,1031692065.89,58694.0
america52_27,concentration2_cluster_9_group_none,300.0,375.0,120.55,82.4,81.17,30.77,49.52,18.84,71076539.08,580653096.42,57002.0
ecuador01_28,distributed,300.0,325.0,184.91,92.0,90.39,75.0,92.17,47.06,57169052.2,502463332.83,22590.0
ecuador01_28,concentration2_cluster_9_group_none,300.0,325.0,186.44,92.31,90.49,61.9,87.5,61.76,40557736.34,498082827.68,20428.0
ecuador01_11,distributed,300.0,325.0,197.92,93.23,91.48,73.33,93.35,50.0,57121353.56,569653009.66,20277.0
ecuador01_11,concentration2_cluster_9_group_none,300.0,325.0,208.82,94.15,92.36,82.35,98.73,56.67,41738869.55,456546300.15,18859.0
america03_4,distributed,300.0,334.0,103.34,82.04,80.5,61.11,53.99,29.03,50685632.18,376401206.31,46880.0
america03_4,concentration2_cluster_9_group_none,300.0,334.0,104.37,81.74,80.77,66.67,56.6,29.03,62292264.77,331937818.05,46616.0
austria32_25,distributed,300.0,327.0,120.41,85.93,83.05,60.0,78.66,34.48,67791092.9,412011469.62,42338.0
austria32_25,concentration2_cluster_9_group_none,300.0,327.0,118.75,86.24,82.7,77.78,75.97,31.03,59532356.78,358041402.79,43021.0
belize04_16,distributed,300.0,338.0,107.31,81.95,81.03,61.54,57.95,20.31,60130256.33,449338323.12,51003.0
belize04_16,concentration2_cluster_9_group_none,300.0,338.0,108.73,83.14,81.01,85.71,57.74,21.88,52725602.71,450015072.85,51641.0
tokyo12_2,distributed,300.0,352.0,120.13,82.95,82.24,100.0,45.84,3.23,294871268.28,548764974.24,54477.0
tokyo12_2,concentration2_cluster_9_group_none,300.0,352.0,120.81,83.24,82.28,80.0,45.33,8.06,130230640.14,541129187.76,53247.0
argentina10_5,distributed,300.0,336.0,99.5,80.95,79.89,85.71,41.74,20.0,98417940.1,275999488.73,55577.0
argentina10_5,concentration2_cluster_9_group_none,300.0,336.0,103.33,81.85,80.42,100.0,38.19,12.86,160910741.41,310613321.65,57694.0
india13_19,distributed,300.0,243.0,123.31,89.3,88.7,75.0,51.29,29.63,41995542.04,523949935.33,20758.0
india13_19,concentration2_cluster_9_group_none,300.0,243.0,122.34,88.89,88.63,100.0,54.38,33.33,39952395.83,357867526.72,20040.0
philippines34_22,distributed,300.0,346.0,128.0,84.68,83.44,70.0,53.79,17.54,61472998.84,399407004.32,46400.0
philippines34_22,concentration2_cluster_9_group_none,300.0,346.0,128.89,85.26,83.44,76.92,60.86,22.81,44920723.47,330732683.78,45278.0
indonesia80_9,distributed,300.0,344.0,104.58,80.81,80.45,72.73,49.59,16.67,78271778.03,319769737.42,54565.0
indonesia80_9,concentration2_cluster_9_group_none,300.0,344.0,104.58,80.81,80.45,75.0,49.02,12.12,98335568.96,517504181.97,55426.0
india13_1,concentration2_cluster_9_group_none,300.0,243.0,93.26,86.01,83.86,63.64,58.0,26.19,54790044.08,414980692.7,33331.0
india13_1,distributed,300.0,243.0,92.47,85.6,83.79,70.0,57.46,23.81,70172887.12,353133048.63,33722.0
peru19_8,distributed,300.0,331.0,131.85,85.5,84.73,66.67,56.73,18.37,77623799.18,534519259.04,40252.0
peru19_8,concentration2_cluster_9_group_none,300.0,331.0,134.48,86.1,84.98,80.0,57.21,20.41,77460265.98,507965242.48,39594.0
turkey33_17,distributed,300.0,267.0,114.91,88.01,85.69,76.92,78.42,33.33,98646087.11,414365731.96,29222.0
turkey33_17,concentration2_cluster_9_group_none,300.0,267.0,112.98,88.01,85.35,80.0,77.01,38.46,77494566.47,284146612.7,27663.0
china19_16,distributed,300.0,276.0,174.84,94.2,92.06,76.92,97.86,56.52,63156086.19,717754573.69,14731.0
china19_16,concentration2_cluster_9_group_none,300.0,276.0,179.63,94.93,92.45,92.31,98.56,56.52,62410088.35,582643110.12,14740.0
indonesia63_13,distributed,300.0,340.0,94.68,79.71,78.97,33.33,40.97,4.17,152949864.76,960013833.66,63123.0
indonesia63_13,concentration2_cluster_9_group_none,300.0,340.0,95.48,80.0,79.06,66.67,41.16,4.17,164294360.57,784614912.61,62790.0
belize04_11,distributed,300.0,338.0,100.77,81.36,79.92,63.64,58.81,16.67,72989975.29,504293491.19,55390.0
belize04_11,concentration2_cluster_9_group_none,300.0,338.0,102.49,81.36,80.26,90.91,55.64,16.67,49652578.43,315346406.46,53635.0
new-zealand02_11,distributed,300.0,258.0,96.82,84.5,83.77,50.0,30.43,13.95,120715847.33,478764873.05,36478.0
new-zealand02_11,concentration2_cluster_9_group_none,300.0,258.0,96.82,84.5,83.77,60.0,30.79,11.63,146257912.95,465185092.21,36776.0
ukraine12_23,distributed,300.0,255.0,65.29,79.22,77.41,50.0,50.46,17.86,92322259.12,544341180.15,45487.0
ukraine12_23,concentration2_cluster_9_group_none,300.0,255.0,64.0,79.22,77.01,36.36,44.82,19.64,79481218.59,706145976.11,45912.0
austria32_24,distributed,300.0,327.0,142.08,88.38,85.8,94.12,68.05,33.33,64489830.41,398881406.55,37630.0
austria32_24,concentration2_cluster_9_group_none,300.0,327.0,144.78,88.69,86.11,78.26,73.99,45.1,39764233.86,324801826.24,34492.0
serbia02_24,distributed,300.0,240.0,78.33,82.5,81.45,50.0,31.88,4.65,121729807.06,452166346.3,37316.0
serbia02_24,concentration2_cluster_9_group_none,300.0,240.0,78.33,82.5,81.45,25.0,31.57,9.3,90407634.74,801415345.08,36657.0
austria13_13,distributed,300.0,188.0,59.97,84.04,80.63,87.5,53.31,20.0,77503134.95,301493062.42,32015.0
austria13_13,concentration2_cluster_9_group_none,300.0,188.0,61.66,84.04,81.18,100.0,48.2,15.0,98416689.54,295636949.66,32275.0
congo10_23,distributed,300.0,335.0,135.02,85.67,84.92,75.0,32.6,8.0,90561340.25,451215637.94,42928.0
congo10_23,concentration2_cluster_9_group_none,300.0,335.0,134.6,85.67,84.86,100.0,33.67,2.0,220280662.87,842551498.59,44236.0
venezuela02_1,distributed,300.0,295.0,204.89,94.58,93.83,81.82,66.81,57.89,68919860.08,806470855.23,11207.0
venezuela02_1,concentration2_cluster_9_group_none,300.0,295.0,217.45,96.27,94.66,88.89,63.85,47.37,58318726.23,712484378.08,12124.0
myanmar14_1,distributed,300.0,241.0,77.02,82.16,81.12,100.0,29.07,2.27,257734041.37,460762786.51,38773.0
myanmar14_1,concentration2_cluster_9_group_none,300.0,241.0,77.02,82.16,81.12,50.0,29.21,4.55,134808405.74,827487932.06,38103.0
bulgaria06_22,distributed,300.0,241.0,66.64,79.67,78.84,76.92,65.17,26.53,56151077.49,388289409.75,38766.0
bulgaria06_22,concentration2_cluster_9_group_none,300.0,241.0,68.82,80.5,79.27,82.35,66.29,34.69,37215096.24,279911356.27,35108.0
america35_6,distributed,300.0,342.0,89.26,79.53,77.71,85.71,38.07,9.46,164184468.53,430212397.76,63370.0
america35_6,concentration2_cluster_9_group_none,300.0,342.0,87.57,78.95,77.48,75.0,37.58,10.81,137488316.48,419887701.44,63276.0
greece22_2,distributed,300.0,348.0,136.45,85.63,84.38,36.36,55.0,20.37,94660350.57,990020435.72,44863.0
greece22_2,concentration2_cluster_9_group_none,300.0,348.0,141.05,87.07,84.71,61.54,52.67,24.07,82065686.28,569457841.9,43223.0
iceland06_29,distributed,300.0,209.0,67.09,84.69,80.6,80.0,88.18,33.33,90791890.58,410444611.29,32211.0
iceland06_29,concentration2_cluster_9_group_none,300.0,209.0,68.3,84.21,81.07,100.0,67.58,31.11,95516304.81,391928480.21,32905.0
ukraine12_7,distributed,300.0,255.0,73.21,80.0,79.5,66.67,54.6,17.65,89677726.6,623718994.25,41424.0
ukraine12_7,concentration2_cluster_9_group_none,300.0,255.0,72.73,80.0,79.37,71.43,52.45,13.73,131972360.77,676936908.03,42056.0
greece22_24,distributed,300.0,348.0,123.41,83.91,82.78,50.0,56.8,10.17,173971548.25,611337994.12,49628.0
greece22_24,concentration2_cluster_9_group_none,300.0,348.0,125.11,84.2,82.98,30.77,59.85,22.03,68168367.23,588356768.16,47800.0
venezuela02_9,distributed,300.0,295.0,200.21,94.24,93.44,80.0,65.23,26.32,117481417.01,1382554157.01,14135.0
venezuela02_9,concentration2_cluster_9_group_none,300.0,295.0,212.7,95.93,94.29,100.0,68.4,47.37,63887780.67,643201717.6,12043.0
bulgaria06_3,distributed,300.0,241.0,86.14,84.23,82.85,100.0,49.65,14.63,112969193.6,321554400.97,33821.0
bulgaria06_3,concentration2_cluster_9_group_none,300.0,241.0,83.58,83.82,82.35,75.0,50.53,19.51,85685268.06,498230119.12,34104.0
burundi03_28,distributed,300.0,236.0,95.59,86.44,84.84,100.0,32.48,5.41,104907216.25,591323414.78,32081.0
burundi03_28,concentration2_cluster_9_group_none,300.0,236.0,95.59,86.44,84.84,100.0,31.82,5.41,109194239.06,870916369.25,32333.0
argeria07_26,distributed,300.0,182.0,63.22,85.71,81.94,91.67,83.69,32.43,57015276.46,220101283.63,27583.0
argeria07_26,concentration2_cluster_9_group_none,300.0,182.0,60.35,84.07,81.4,66.67,70.84,24.32,79985190.18,314910950.43,29386.0
croatia07_15,distributed,300.0,221.0,87.76,85.97,84.55,100.0,42.98,3.03,310601076.14,1949657086.39,29423.0
croatia07_15,concentration2_cluster_9_group_none,300.0,221.0,88.21,85.97,84.65,100.0,38.36,6.06,152105746.61,776927094.72,28495.0
philippines22_23,distributed,300.0,329.0,90.23,79.33,78.76,0.0,28.97,0.0,0.0,0.0,59965.0
philippines22_23,concentration2_cluster_9_group_none,300.0,329.0,90.23,79.33,78.76,0.0,28.9,1.49,437518883.28,0.0,59607.0
croatia07_10,distributed,300.0,221.0,59.01,79.64,78.14,80.0,41.28,10.42,118051025.66,202649404.63,40585.0
croatia07_10,concentration2_cluster_9_group_none,300.0,221.0,58.93,79.64,78.12,80.0,40.3,10.42,90825892.66,350960500.77,40333.0
chile21_24,distributed,300.0,147.0,65.08,89.8,85.86,81.82,69.99,47.83,32118714.97,249641445.8,15141.0
chile21_24,concentration2_cluster_9_group_none,300.0,147.0,64.58,90.48,85.55,90.91,66.91,47.83,34790553.68,209827599.48,15681.0
slovenia06_26,distributed,300.0,320.0,124.74,85.0,84.41,37.5,64.67,17.02,97848814.03,1275959106.41,38313.0
slovenia06_26,concentration2_cluster_9_group_none,300.0,320.0,125.67,85.31,84.48,100.0,65.16,8.51,200910481.91,747752625.98,40120.0
canada34_5,distributed,300.0,279.0,109.96,86.02,84.39,72.73,66.91,24.44,113690839.23,584219788.94,34642.0
canada34_5,concentration2_cluster_9_group_none,300.0,279.0,111.5,86.02,84.67,80.0,62.39,22.22,110227034.77,467579243.82,36320.0
bulgaria06_20,distributed,300.0,241.0,73.34,82.16,80.14,78.57,66.0,26.92,64447181.54,306599911.06,39314.0
bulgaria06_20,concentration2_cluster_9_group_none,300.0,241.0,77.7,84.23,80.79,93.75,64.76,30.77,62291506.65,222059198.78,37833.0
ibaragi_29,distributed,300.0,258.0,111.74,86.82,86.09,0.0,49.23,5.56,146432281.28,1058727218.58,31678.0
ibaragi_29,concentration2_cluster_9_group_none,300.0,258.0,111.74,86.82,86.09,100.0,49.99,2.78,350991624.66,563818935.26,31982.0
hukuoka01_12,distributed,300.0,367.0,227.55,92.64,91.97,90.0,80.75,32.26,84215184.44,565520687.58,23010.0
hukuoka01_12,concentration2_cluster_9_group_none,300.0,367.0,225.58,92.92,91.74,66.67,89.05,38.71,58162386.52,814765276.11,22300.0
argentina10_28,distributed,300.0,336.0,132.08,85.42,84.48,100.0,30.12,6.12,333354077.34,1003306836.21,42013.0
argentina10_28,concentration2_cluster_9_group_none,300.0,336.0,130.48,85.12,84.3,100.0,31.36,6.12,373500364.93,1167293143.26,42346.0
romania06_27,distributed,300.0,234.0,143.45,93.16,91.63,75.0,85.07,52.17,62529477.43,610118664.77,15554.0
romania06_27,concentration2_cluster_9_group_none,300.0,234.0,143.05,93.16,91.57,100.0,93.81,39.13,76890591.44,582026948.1,16664.0
italy16_22,distributed,300.0,214.0,111.45,91.59,88.71,56.25,95.6,59.26,40266037.03,373228845.81,17528.0
italy16_22,concentration2_cluster_9_group_none,300.0,214.0,106.9,90.65,88.08,76.92,90.14,48.15,47668511.1,328832266.38,18470.0
china19_8,distributed,300.0,276.0,159.73,91.67,90.8,66.67,89.59,24.0,149607555.27,1846406990.63,19681.0
china19_8,concentration2_cluster_9_group_none,300.0,276.0,169.01,92.75,91.7,70.0,96.17,40.0,92574433.64,925208486.31,17139.0
china19_22,distributed,300.0,276.0,146.0,91.67,89.0,76.47,94.82,53.13,55451327.43,590221606.66,20043.0
china19_22,concentration2_cluster_9_group_none,300.0,276.0,159.46,93.48,90.38,86.67,96.35,46.88,63363545.36,476069758.91,20120.0
cuba02_21,distributed,300.0,244.0,70.52,80.33,79.56,100.0,39.44,4.0,355276121.12,717535020.53,43698.0
cuba02_21,concentration2_cluster_9_group_none,300.0,244.0,70.52,80.33,79.56,66.67,38.88,6.0,224757943.76,834319008.34,43526.0
austria13,distributed,300.0,188.0,72.31,85.64,83.99,100.0,47.69,18.18,107126934.5,204496609.52,26679.0
austria13,concentration2_cluster_9_group_none,300.0,188.0,73.9,86.7,84.18,87.5,43.51,24.24,68988056.22,192296471.38,25762.0
myanmar13_26,distributed,300.0,228.0,55.5,78.07,76.69,0.0,35.84,1.92,125909161.45,0.0,46335.0
myanmar13_26,concentration2_cluster_9_group_none,300.0,228.0,55.5,78.07,76.69,50.0,37.88,3.85,88799748.83,572068329.21,46058.0
ejypt04_18,distributed,300.0,250.0,62.79,78.4,77.23,83.33,61.02,22.22,76315213.68,272313204.38,42837.0
ejypt04_18,concentration2_cluster_9_group_none,300.0,250.0,63.57,78.8,77.38,69.23,58.4,24.07,64325847.56,302527429.6,41807.0
peru19_3,distributed,300.0,331.0,122.51,84.59,83.47,50.0,47.79,14.55,90319419.94,774900526.66,45920.0
peru19_3,concentration2_cluster_9_group_none,300.0,331.0,122.84,84.89,83.45,88.89,46.19,16.36,75427848.83,493310250.57,44995.0
sapporo_27,distributed,300.0,253.0,84.4,82.61,81.86,66.67,36.11,13.33,76880519.08,283706402.0,37707.0
sapporo_27,concentration2_cluster_9_group_none,300.0,253.0,84.4,82.61,81.86,85.71,35.59,15.56,66809907.81,214115061.07,37157.0
turkey33_15,distributed,300.0,267.0,144.64,90.26,89.79,62.5,77.39,28.57,118737229.55,882265567.53,21467.0
turkey33_15,concentration2_cluster_9_group_none,300.0,267.0,147.05,91.39,89.87,66.67,77.16,32.14,103405601.15,660723943.67,21151.0
venezuela02,concentration2_cluster_9_group_none,300.0,295.0,245.68,97.63,96.82,100.0,75.49,50.0,91705052.88,1159339908.2,7821.0
venezuela02,distributed,300.0,295.0,234.63,96.27,96.18,66.67,70.92,50.0,93385247.85,1581037482.41,8139.0
singapore20_12,distributed,300.0,208.0,71.28,83.17,82.27,85.71,37.59,18.92,104025509.39,369130741.13,30300.0
singapore20_12,concentration2_cluster_9_group_none,300.0,208.0,72.86,84.13,82.47,80.0,38.68,13.51,141818886.31,532868813.86,30983.0
indonesia79_5,distributed,300.0,318.0,90.49,80.5,79.2,60.0,82.57,22.39,64760230.39,345303357.36,54616.0
indonesia79_5,concentration2_cluster_9_group_none,300.0,318.0,92.9,81.45,79.49,89.47,84.92,28.36,47020477.92,209437455.5,52209.0
slovenia10_8,distributed,300.0,201.0,101.85,89.55,88.61,100.0,39.36,8.33,128554383.62,709664907.28,20647.0
slovenia10_8,concentration2_cluster_9_group_none,300.0,201.0,101.85,89.55,88.61,50.0,41.56,8.33,133532130.89,1500898014.52,20668.0
austria32_8,distributed,300.0,327.0,136.83,87.16,85.33,55.56,80.04,36.0,74868841.52,501801169.58,37049.0
austria32_8,concentration2_cluster_9_group_none,300.0,327.0,137.09,86.85,85.43,93.33,76.69,30.0,88913251.65,390757752.78,36533.0
canada34_29,distributed,300.0,279.0,83.77,81.0,80.15,57.14,38.93,12.73,207524697.24,1125888674.33,45690.0
canada34_29,concentration2_cluster_9_group_none,300.0,279.0,85.38,81.72,80.35,100.0,36.75,9.09,309118054.36,640449720.37,46520.0
hukuoka01_11,distributed,300.0,367.0,213.85,92.92,90.67,85.0,82.0,55.56,46554761.73,335115464.49,22300.0
hukuoka01_11,concentration2_cluster_9_group_none,300.0,367.0,207.26,91.55,90.34,100.0,80.9,41.67,57741379.04,380834249.71,24192.0
italy54_7,concentration2_cluster_9_group_none,300.0,336.0,104.66,82.74,80.46,92.86,56.22,21.21,84357591.86,363802307.21,52909.0
italy54_7,distributed,300.0,336.0,106.61,82.74,80.83,70.59,54.88,25.76,75150011.44,399533169.22,51556.0
indonesia79_12,distributed,300.0,318.0,114.76,84.59,82.96,64.29,84.41,25.0,60360483.14,276740947.49,45390.0
indonesia79_12,concentration2_cluster_9_group_none,300.0,318.0,113.42,83.96,82.88,76.92,82.13,23.21,53053176.61,287981647.93,44905.0
mongolia05_22,distributed,300.0,250.0,143.58,92.4,90.49,71.43,71.35,60.87,51628880.5,483012563.55,13914.0
mongolia05_22,concentration2_cluster_9_group_none,300.0,250.0,145.56,93.2,90.59,77.78,79.96,39.13,88278586.8,720319459.27,15938.0
venezuela02_23,distributed,300.0,295.0,222.1,97.29,94.87,92.31,67.63,65.0,47759274.66,626069360.98,10465.0
venezuela02_23,concentration2_cluster_9_group_none,300.0,295.0,213.59,95.59,94.44,100.0,74.23,50.0,65222471.8,783814925.93,12304.0
chile21_7,distributed,300.0,147.0,60.76,87.76,84.94,77.78,91.32,36.0,73531469.52,418393966.23,17683.0
chile21_7,concentration2_cluster_9_group_none,300.0,147.0,60.33,88.44,84.65,88.89,73.24,36.0,71536032.68,317442596.67,18022.0
austria20_19,distributed,300.0,173.0,66.25,85.55,83.93,100.0,52.81,3.57,343990226.03,528033677.88,24549.0
austria20_19,concentration2_cluster_9_group_none,300.0,173.0,66.53,85.55,84.01,100.0,47.8,10.71,85988996.52,341829299.27,23737.0
turkey18_8,distributed,300.0,253.0,84.13,83.0,81.7,66.67,68.79,37.5,59519895.12,344446506.66,35745.0
turkey18_8,concentration2_cluster_9_group_none,300.0,253.0,80.35,81.82,81.07,50.0,63.89,20.83,98804003.03,816256537.78,39695.0
austria20_21,distributed,300.0,173.0,57.93,82.66,81.93,50.0,61.64,6.45,201441776.34,1122266901.42,27293.0
austria20_21,concentration2_cluster_9_group_none,300.0,173.0,59.15,83.24,82.2,100.0,59.36,6.45,243234755.42,500040653.02,26774.0
america03_8,distributed,300.0,334.0,94.0,80.24,79.05,80.0,54.12,14.93,126196275.46,425719272.32,55950.0
america03_8,concentration2_cluster_9_group_none,300.0,334.0,94.06,80.54,78.98,82.35,53.56,25.37,70394348.28,347933395.74,51899.0
turkey18_20,distributed,300.0,253.0,109.21,87.35,85.9,90.0,76.63,26.32,81386453.0,344728518.44,29377.0
turkey18_20,concentration2_cluster_9_group_none,300.0,253.0,109.23,87.35,85.91,78.57,73.07,36.84,57021504.1,285342937.25,27519.0
peru17_23,distributed,300.0,334.0,243.71,96.41,94.43,66.67,95.22,71.43,47425141.5,816658121.37,10617.0
peru17_23,concentration2_cluster_9_group_none,300.0,334.0,237.07,95.51,94.06,77.78,84.14,42.86,78328880.41,1183836748.39,13755.0
ukraine11_28,distributed,300.0,249.0,69.66,81.12,78.71,75.0,62.82,32.65,81212400.82,230570484.56,34941.0
ukraine11_28,concentration2_cluster_9_group_none,300.0,249.0,62.69,77.51,77.51,75.0,60.07,24.49,100347018.27,279589983.7,36919.0
argeria01_15,distributed,300.0,235.0,139.11,92.34,91.11,66.67,75.52,31.58,91180518.18,544129087.66,14365.0
argeria01_15,concentration2_cluster_9_group_none,300.0,235.0,136.15,91.91,90.77,100.0,81.27,26.32,83118611.21,402715247.64,14444.0
argeria07,distributed,300.0,182.0,49.53,82.42,77.84,90.0,85.0,23.81,92371365.9,205283115.06,34619.0
argeria07,concentration2_cluster_9_group_none,300.0,182.0,49.37,82.42,77.77,86.67,89.02,35.71,59571559.9,154882654.75,31371.0
greece06_8,distributed,300.0,342.0,100.64,80.7,79.82,60.0,38.94,7.46,186554831.59,488541666.79,57665.0
greece06_8,concentration2_cluster_9_group_none,300.0,342.0,102.05,81.29,79.96,100.0,38.38,10.45,157809238.06,360792862.31,56007.0
philippines25_9,distributed,300.0,371.0,109.95,81.4,79.79,63.64,76.91,27.5,60214951.99,324706039.7,63127.0
philippines25_9,concentration2_cluster_9_group_none,300.0,371.0,108.16,81.13,79.53,88.24,73.45,21.25,70089593.74,239560302.25,64218.0
chile39_3,distributed,300.0,375.0,240.14,94.67,92.18,80.77,94.04,65.0,43645020.45,383715431.13,22334.0
chile39_3,concentration2_cluster_9_group_none,300.0,375.0,237.65,94.4,92.03,73.08,99.9,65.0,41392329.15,487203019.64,22208.0
peru17_14,distributed,300.0,334.0,245.93,96.11,94.67,83.33,88.33,60.0,66374295.51,639243015.68,11516.0
peru17_14,concentration2_cluster_9_group_none,300.0,334.0,246.16,96.41,94.63,85.71,88.26,70.0,55567905.8,659306404.28,11034.0
slovenia10_27,distributed,300.0,201.0,76.15,85.07,83.82,100.0,35.76,6.45,108088564.93,414897893.66,26645.0
slovenia10_27,concentration2_cluster_9_group_none,300.0,201.0,76.15,85.07,83.82,100.0,36.98,9.68,120986685.13,437077111.72,26479.0
turkey18_26,distributed,300.0,253.0,117.51,88.14,87.19,83.33,71.06,18.75,107494409.21,560014005.08,26120.0
turkey18_26,concentration2_cluster_9_group_none,300.0,253.0,119.62,88.54,87.45,71.43,69.87,21.88,95059304.42,650171541.92,25819.0
turkey18_19,distributed,300.0,253.0,99.29,86.56,84.18,75.0,68.8,40.0,58603632.57,288595224.86,28797.0
turkey18_19,concentration2_cluster_9_group_none,300.0,253.0,99.0,86.17,84.21,66.67,76.44,37.5,66237495.39,392281850.6,29689.0
bolivia01_21,distributed,300.0,243.0,82.9,83.13,82.19,66.67,53.83,6.98,119106678.16,595882283.52,36775.0
bolivia01_21,concentration2_cluster_9_group_none,300.0,243.0,81.96,83.13,81.96,100.0,51.2,9.3,95307189.78,446993729.4,36198.0
tokyo12_11,distributed,300.0,352.0,96.66,79.83,78.66,44.44,47.44,12.5,83852991.86,443297408.93,60429.0
tokyo12_11,concentration2_cluster_9_group_none,300.0,352.0,95.82,79.55,78.55,42.86,45.73,9.72,88785184.97,841430763.09,61196.0
indonesia79_4,distributed,300.0,318.0,94.91,81.45,79.92,66.67,81.47,27.27,48352692.0,238317994.13,51444.0
indonesia79_4,concentration2_cluster_9_group_none,300.0,318.0,101.3,83.96,80.62,80.95,81.52,31.82,36328561.62,201225094.2,50478.0
america52_13,distributed,300.0,375.0,152.74,86.4,84.96,71.43,52.28,23.73,103883792.61,458170298.92,47082.0
america52_13,concentration2_cluster_9_group_none,300.0,375.0,148.79,85.6,84.62,85.71,49.45,11.86,210417275.18,713221931.83,49618.0
new-zealand02_3,distributed,300.0,258.0,70.77,79.07,78.83,66.67,31.64,6.0,149317670.86,343523285.12,43577.0
new-zealand02_3,concentration2_cluster_9_group_none,300.0,258.0,70.77,79.07,78.83,66.67,31.97,12.0,78113747.04,345106618.7,42263.0
bulgaria05_8,distributed,300.0,180.0,36.53,75.56,73.71,80.0,32.69,10.87,76241167.72,205261905.04,39119.0
bulgaria05_8,concentration2_cluster_9_group_none,300.0,180.0,35.43,74.44,73.4,66.67,31.88,13.04,60266225.05,157709044.29,38947.0
eritrea02_7,concentration2_cluster_9_group_none,300.0,195.0,90.94,87.69,87.37,75.0,64.83,36.36,32194723.8,283262662.32,14768.0
eritrea02_7,distributed,300.0,195.0,95.88,90.26,87.85,90.0,64.35,45.45,55055501.32,249088583.54,14190.0
venezuela02_29,distributed,300.0,295.0,238.54,97.29,96.3,90.0,79.87,71.43,43685385.25,735044323.45,6475.0
venezuela02_29,concentration2_cluster_9_group_none,300.0,295.0,241.8,97.97,96.43,80.0,83.58,71.43,45985759.57,921173919.83,6811.0
america03_5,concentration2_cluster_9_group_none,300.0,334.0,82.16,78.14,76.88,73.91,61.19,29.49,61854618.19,126889840.54,58609.0
america03_5,distributed,300.0,334.0,83.17,78.74,76.98,58.33,58.4,30.77,62037525.84,178682275.54,59148.0
congo10_11,distributed,300.0,335.0,95.84,80.3,79.36,0.0,27.07,1.43,363791100.54,1244015814.03,62151.0
congo10_11,concentration2_cluster_9_group_none,300.0,335.0,95.84,80.3,79.36,0.0,27.26,0.0,0.0,686766909.71,62650.0
bulgaria06_17,distributed,300.0,241.0,63.18,80.08,77.67,72.73,70.16,21.57,67863821.34,418192496.38,40510.0
bulgaria06_17,concentration2_cluster_9_group_none,300.0,241.0,61.12,78.84,77.32,73.33,72.39,29.41,57847552.51,319624873.3,38052.0
peru19_10,distributed,300.0,331.0,147.07,87.61,86.42,61.54,57.96,30.23,48471048.53,381842335.64,32166.0
peru19_10,concentration2_cluster_9_group_none,300.0,331.0,149.71,87.92,86.71,92.31,55.39,30.23,49775613.46,316064912.46,30699.0
argeria07_13,distributed,300.0,182.0,62.55,84.07,82.11,50.0,82.63,48.48,49291897.08,213966739.23,21917.0
argeria07_13,concentration2_cluster_9_group_none,300.0,182.0,62.4,84.07,82.06,46.67,82.55,45.45,51814144.42,167782400.19,23400.0
austria37_8,distributed,300.0,334.0,124.7,84.73,83.61,45.45,83.78,39.29,66618773.73,558122332.91,39610.0
austria37_8,concentration2_cluster_9_group_none,300.0,334.0,125.49,85.33,83.59,72.73,85.85,39.29,68507671.79,380542520.4,38776.0
austria37_1,distributed,300.0,334.0,143.99,87.13,85.93,56.25,82.07,34.04,93910377.69,461685901.02,35965.0
austria37_1,concentration2_cluster_9_group_none,300.0,334.0,147.03,87.72,86.21,75.0,86.05,34.04,91749071.16,434569980.5,34384.0
tokyo21_3,distributed,300.0,293.0,83.68,79.86,79.43,0.0,42.06,0.0,0.0,611359741.72,51910.0
tokyo21_3,concentration2_cluster_9_group_none,300.0,293.0,83.68,79.86,79.43,0.0,41.48,0.0,0.0,425372234.68,51910.0
austria13_20,distributed,300.0,188.0,61.48,83.51,81.25,80.0,43.62,13.51,88993086.26,251055947.97,30830.0
austria13_20,concentration2_cluster_9_group_none,300.0,188.0,62.32,83.51,81.52,60.0,41.95,13.51,71059815.93,445484494.74,30680.0
china41_20,distributed,300.0,241.0,73.63,81.33,80.42,40.0,73.2,21.28,82324503.56,948723717.9,37789.0
china41_20,concentration2_cluster_9_group_none,300.0,241.0,77.14,83.4,80.85,78.57,51.74,29.79,61090162.61,452248957.09,35142.0
congo10_10,distributed,300.0,335.0,103.28,81.19,80.63,100.0,32.47,1.59,582293496.78,753176898.3,55922.0
congo10_10,concentration2_cluster_9_group_none,300.0,335.0,103.28,81.19,80.63,0.0,31.99,1.59,364258248.27,0.0,56087.0
peru24_1,distributed,300.0,326.0,206.27,93.87,92.11,68.42,88.57,67.86,40222007.16,562737735.73,17184.0
peru24_1,concentration2_cluster_9_group_none,300.0,326.0,201.65,92.94,91.86,73.33,94.15,53.57,55345499.3,656635732.72,18493.0
bulgaria06,distributed,300.0,241.0,73.9,82.57,80.19,64.29,58.01,28.0,80193498.74,317389454.58,39852.0
bulgaria06,concentration2_cluster_9_group_none,300.0,241.0,81.56,84.65,81.67,66.67,59.45,36.0,53733258.17,259718196.46,36617.0
america03,distributed,300.0,334.0,102.22,80.84,80.57,53.85,51.53,21.31,124075674.36,522689281.47,48609.0
america03,concentration2_cluster_9_group_none,300.0,334.0,103.27,81.14,80.7,33.33,54.11,19.67,140736382.25,654227935.93,48766.0
india10_8,distributed,300.0,247.0,77.22,81.38,80.87,100.0,29.04,4.65,142694382.32,665079234.48,37460.0
india10_8,concentration2_cluster_9_group_none,300.0,247.0,77.22,81.38,80.87,100.0,27.35,4.65,111409637.94,553082270.5,37532.0
croatia07_28,distributed,300.0,221.0,60.93,79.64,78.79,0.0,34.26,2.17,324458279.92,0.0,40683.0
croatia07_28,concentration2_cluster_9_group_none,300.0,221.0,62.62,80.54,79.11,100.0,35.0,8.7,84426040.25,329226759.8,39174.0
chile39_26,concentration2_cluster_9_group_none,300.0,375.0,206.82,92.27,89.71,65.38,88.83,60.47,52763992.28,409131068.54,26828.0
chile39_26,distributed,300.0,375.0,200.54,90.4,89.5,75.0,86.72,55.81,45959310.05,370293698.74,26809.0
hungary01_11,concentration2_cluster_9_group_none,300.0,241.0,68.84,80.91,79.17,100.0,55.19,13.73,121867695.55,315259758.51,42086.0
hungary01_11,distributed,300.0,241.0,67.66,80.5,78.93,77.78,66.31,17.65,98981809.91,286894666.48,42015.0
canada34,distributed,300.0,279.0,86.68,83.15,80.31,84.62,59.04,23.21,86827679.21,468745383.38,44125.0
canada34,concentration2_cluster_9_group_none,300.0,279.0,87.24,82.44,80.61,91.67,54.31,21.43,92971774.48,433412794.59,45080.0
greece06_10,distributed,300.0,342.0,119.41,83.04,82.67,100.0,43.85,3.57,429405709.54,1108416806.25,48954.0
greece06_10,concentration2_cluster_9_group_none,300.0,342.0,119.41,83.04,82.67,33.33,41.91,5.36,240220617.44,2778044828.27,48467.0
philippines25_18,distributed,300.0,371.0,102.36,80.32,78.63,45.0,77.11,25.97,58330248.38,352311580.47,62187.0
philippines25_18,concentration2_cluster_9_group_none,300.0,371.0,103.54,80.32,78.86,83.33,75.4,23.38,62466542.89,232529967.33,61142.0
greece06_26,distributed,300.0,342.0,102.69,80.99,80.15,55.56,40.98,13.43,118359540.63,370041234.32,57166.0
greece06_26,concentration2_cluster_9_group_none,300.0,342.0,103.56,81.29,80.25,60.0,39.92,14.93,125051270.25,431502988.45,55818.0
austria13_28,distributed,300.0,188.0,76.99,88.83,84.51,100.0,50.31,30.3,54505162.53,230261315.21,25004.0
austria13_28,concentration2_cluster_9_group_none,300.0,188.0,73.46,87.23,83.94,71.43,46.76,21.21,77720069.29,477889670.24,26276.0
slovenia06_10,distributed,300.0,320.0,143.55,87.81,86.57,55.56,51.73,20.45,57507104.53,484109132.04,35567.0
slovenia06_10,concentration2_cluster_9_group_none,300.0,320.0,142.68,87.5,86.52,42.86,53.36,15.91,88076896.03,907114608.78,36151.0
ibaragi_16,distributed,300.0,258.0,99.16,84.88,84.15,50.0,53.56,5.0,110796386.5,474940049.39,35261.0
ibaragi_16,concentration2_cluster_9_group_none,300.0,258.0,102.11,86.05,84.47,100.0,49.46,12.5,62382524.59,263589549.08,33344.0
slovenia06_17,distributed,300.0,320.0,140.04,86.88,86.29,100.0,58.11,11.63,117932734.6,499451472.12,36086.0
slovenia06_17,concentration2_cluster_9_group_none,300.0,320.0,140.04,86.88,86.29,71.43,52.0,16.28,91419531.85,698376180.88,35067.0
germany17_7,distributed,300.0,311.0,104.05,83.28,81.76,62.5,30.36,14.29,96759077.74,516899366.01,47490.0
germany17_7,concentration2_cluster_9_group_none,300.0,311.0,104.76,83.6,81.82,88.89,30.88,16.07,97513497.45,367693633.4,45767.0
indonesia43,distributed,300.0,344.0,126.38,84.3,83.39,50.0,52.23,14.04,90379647.32,472307987.54,48634.0
indonesia43,concentration2_cluster_9_group_none,300.0,344.0,129.8,85.17,83.72,90.91,53.04,19.3,58326635.44,242871611.76,47350.0
china19_3,distributed,300.0,276.0,172.08,94.2,91.75,84.21,96.57,63.33,50454837.59,424563521.98,17900.0
china19_3,concentration2_cluster_9_group_none,300.0,276.0,170.05,93.84,91.59,68.75,97.38,53.33,56593096.79,591826595.5,18395.0
peru17_29,distributed,300.0,334.0,229.74,94.91,93.56,58.33,90.28,50.0,73128760.29,1136245557.55,15327.0
peru17_29,concentration2_cluster_9_group_none,300.0,334.0,234.25,95.51,93.82,63.64,95.11,45.83,76356834.28,1195924909.43,16048.0
tokyo03_25,distributed,300.0,237.0,105.66,87.34,86.55,0.0,40.72,3.13,105076033.41,0.0,28240.0
tokyo03_25,concentration2_cluster_9_group_none,300.0,237.0,105.66,87.34,86.55,0.0,44.16,3.13,130226568.1,0.0,28450.0
myanmar12_17,distributed,300.0,226.0,69.33,81.42,80.48,50.0,28.96,9.52,54557450.07,141213814.74,36569.0
myanmar12_17,concentration2_cluster_9_group_none,300.0,226.0,68.74,80.97,80.42,50.0,29.38,9.52,42169659.21,218329302.4,36140.0
indonesia63_28,distributed,300.0,340.0,98.22,80.29,79.55,50.0,36.05,6.15,107768542.96,745895404.66,56338.0
indonesia63_28,concentration2_cluster_9_group_none,300.0,340.0,98.22,80.29,79.55,50.0,37.29,6.15,127887087.26,1178869041.41,56287.0
austria08_18,concentration2_cluster_9_group_none,300.0,220.0,70.5,82.73,81.03,100.0,47.51,20.0,99531335.29,401249415.76,35220.0
austria08_18,distributed,300.0,220.0,66.42,81.82,80.06,60.0,46.58,22.22,80303432.88,518485999.28,35600.0
hungary01_5,distributed,300.0,241.0,77.12,82.57,81.04,80.0,66.49,11.36,170674693.2,448297862.91,36330.0
hungary01_5,concentration2_cluster_9_group_none,300.0,241.0,76.36,82.16,80.94,54.55,59.58,25.0,55749243.18,398087242.35,35151.0
new-zealand20_19,distributed,300.0,330.0,180.05,91.21,89.72,61.54,88.25,37.14,75398192.84,703921222.75,25012.0
new-zealand20_19,concentration2_cluster_9_group_none,300.0,330.0,189.93,92.73,90.46,85.71,85.33,40.0,69882612.4,505878302.83,24744.0
chile39_16,distributed,300.0,375.0,199.18,91.47,89.13,76.92,96.06,57.78,52853907.74,383241828.6,25834.0
chile39_16,concentration2_cluster_9_group_none,300.0,375.0,206.16,93.33,89.41,68.57,99.57,77.78,35696743.76,330176042.36,22408.0
serbia02_28,distributed,300.0,240.0,88.0,84.17,83.38,50.0,34.44,5.0,204336465.68,1098871639.02,35306.0
serbia02_28,concentration2_cluster_9_group_none,300.0,240.0,88.0,84.17,83.38,100.0,36.26,2.5,357671872.57,886166652.93,35364.0
argeria07_7,distributed,300.0,182.0,57.24,81.87,80.87,80.0,64.75,31.25,57334174.97,232202375.06,24967.0
argeria07_7,concentration2_cluster_9_group_none,300.0,182.0,59.19,82.97,81.27,75.0,77.61,37.5,45253087.29,209135796.4,23696.0
venezuela02_10,distributed,300.0,295.0,234.1,96.95,96.0,100.0,74.77,60.0,55267564.15,761044883.44,8496.0
venezuela02_10,concentration2_cluster_9_group_none,300.0,295.0,236.06,97.29,96.09,100.0,70.11,53.33,64267421.29,888594264.97,8839.0
indonesia80_8,distributed,300.0,344.0,134.62,85.17,84.45,44.44,49.85,16.98,60010623.06,588730758.62,43712.0
indonesia80_8,concentration2_cluster_9_group_none,300.0,344.0,134.62,85.17,84.45,66.67,50.79,16.98,55970540.21,336423291.45,43538.0
mongolia05_18,distributed,300.0,250.0,132.41,91.2,89.13,53.33,68.87,48.39,79170763.28,740327216.64,20761.0
mongolia05_18,concentration2_cluster_9_group_none,300.0,250.0,131.83,91.2,89.04,100.0,76.34,35.48,99509688.47,512437038.56,21896.0
belgium04_13,distributed,300.0,326.0,90.03,79.75,78.79,100.0,31.26,1.52,486079794.95,2374920118.4,58499.0
belgium04_13,concentration2_cluster_9_group_none,300.0,326.0,90.03,79.75,78.79,100.0,33.08,1.52,391941383.49,1359427667.72,58820.0
argeria01_17,distributed,300.0,235.0,150.72,93.19,92.53,66.67,79.52,16.67,140039568.26,1431093659.76,14973.0
argeria01_17,concentration2_cluster_9_group_none,300.0,235.0,150.78,93.19,92.53,100.0,70.11,16.67,122826640.77,980580055.51,14514.0
philippines34_21,distributed,300.0,346.0,93.99,79.77,78.46,66.67,46.4,8.22,126396011.77,547737862.13,62950.0
philippines34_21,concentration2_cluster_9_group_none,300.0,346.0,93.29,79.48,78.38,50.0,45.46,10.96,87515335.81,640364818.89,61910.0
bolivia01_23,distributed,300.0,243.0,104.02,86.83,85.85,33.33,47.04,9.09,86661903.16,1832571311.28,28479.0
bolivia01_23,concentration2_cluster_9_group_none,300.0,243.0,106.53,87.24,86.24,66.67,46.08,9.09,108954339.64,659959084.06,28026.0
indonesia63_10,distributed,300.0,340.0,123.4,84.41,83.12,50.0,43.42,3.39,198718160.53,1139348841.2,51858.0
indonesia63_10,concentration2_cluster_9_group_none,300.0,340.0,126.32,85.0,83.45,85.71,40.37,11.86,64055185.8,336331137.51,49048.0
ecuador01_2,distributed,300.0,325.0,211.36,94.77,92.47,70.59,88.57,62.96,48230852.06,475954834.84,15556.0
ecuador01_2,concentration2_cluster_9_group_none,300.0,325.0,219.66,95.08,93.17,76.47,87.34,62.96,47306919.19,462562502.74,15172.0
tokyo12_25,distributed,300.0,352.0,127.83,84.38,83.14,16.67,43.94,9.84,111011891.29,1315330515.53,52408.0
tokyo12_25,concentration2_cluster_9_group_none,300.0,352.0,126.62,84.09,83.02,0.0,44.48,3.28,311080970.91,0.0,53561.0
canada34_1,distributed,300.0,279.0,99.96,84.95,82.73,62.5,63.55,32.0,92735954.04,482489684.13,37078.0
canada34_1,concentration2_cluster_9_group_none,300.0,279.0,102.0,85.66,82.97,68.75,63.11,32.0,88755393.7,452178708.28,37030.0
italy54_26,distributed,300.0,336.0,97.46,80.65,79.55,50.0,58.74,23.53,103733043.0,684304658.41,53626.0
italy54_26,concentration2_cluster_9_group_none,300.0,336.0,102.22,81.55,80.28,62.5,67.5,23.53,91214508.98,544988923.93,52486.0
america20_23,distributed,300.0,323.0,73.26,76.47,75.69,85.71,22.4,9.21,101778509.98,442342132.78,65097.0
america20_23,concentration2_cluster_9_group_none,300.0,323.0,73.26,76.47,75.69,80.0,22.79,6.58,131526771.6,522563889.34,66212.0
indonesia43_16,distributed,300.0,344.0,128.1,84.88,83.52,52.94,66.05,30.91,54216774.26,259991480.82,42143.0
indonesia43_16,concentration2_cluster_9_group_none,300.0,344.0,126.37,84.3,83.39,0.0,64.18,27.27,52815180.7,1205625837.21,42496.0
peru24_14,distributed,300.0,326.0,218.7,94.48,93.15,80.0,94.39,62.5,46636783.09,721944874.28,14766.0
peru24_14,concentration2_cluster_9_group_none,300.0,326.0,225.76,95.4,93.59,69.23,88.95,54.17,56500079.76,864202042.45,14789.0
sapporo_11,distributed,300.0,253.0,83.57,82.61,81.67,100.0,37.66,4.35,148783560.58,571487449.17,40088.0
sapporo_11,concentration2_cluster_9_group_none,300.0,253.0,82.35,82.21,81.47,83.33,36.11,13.04,61879943.48,327376813.53,38596.0
indonesia63_1,distributed,300.0,340.0,109.64,82.06,81.32,100.0,40.74,1.59,497678832.64,1100069915.34,56012.0
indonesia63_1,concentration2_cluster_9_group_none,300.0,340.0,109.64,82.06,81.32,100.0,40.89,1.59,441486800.85,1863433789.45,55877.0
bolivia01_24,distributed,300.0,243.0,89.73,84.77,83.38,100.0,54.72,7.32,122512914.49,353664727.99,35435.0
bolivia01_24,concentration2_cluster_9_group_none,300.0,243.0,90.11,84.77,83.46,100.0,50.39,7.32,112751745.58,473843870.95,35072.0
ecuador01_25,distributed,300.0,325.0,202.44,93.54,91.87,70.59,97.18,51.52,50329589.06,622282052.97,21004.0
ecuador01_25,concentration2_cluster_9_group_none,300.0,325.0,204.16,93.85,91.97,94.44,97.42,54.55,47258019.74,465431769.89,19911.0
canada34_7,distributed,300.0,279.0,93.2,83.15,81.76,63.64,60.47,21.57,93522061.94,485510274.88,41329.0
canada34_7,concentration2_cluster_9_group_none,300.0,279.0,95.15,83.51,82.09,90.91,59.87,21.57,95003321.87,402370782.79,40501.0
singapore20_27,distributed,300.0,208.0,89.61,86.54,86.05,75.0,34.8,14.29,149615561.62,639851103.12,23670.0
singapore20_27,concentration2_cluster_9_group_none,300.0,208.0,89.68,86.54,86.07,100.0,41.57,17.86,109122013.57,415503397.23,22679.0
germany17_28,distributed,300.0,311.0,82.94,79.42,78.17,71.43,37.11,10.14,184727916.77,375561357.83,58424.0
germany17_28,concentration2_cluster_9_group_none,300.0,311.0,83.41,79.74,78.21,90.91,36.4,15.94,115705950.4,266220264.72,56626.0
tokyo12_24,distributed,300.0,352.0,95.68,79.55,78.52,33.33,39.16,8.45,116378305.09,705285312.11,61304.0
tokyo12_24,concentration2_cluster_9_group_none,300.0,352.0,95.02,79.26,78.46,75.0,37.8,5.63,167950931.31,509421806.97,61825.0
croatia07_14,distributed,300.0,221.0,63.57,80.09,79.52,100.0,40.54,4.65,211345994.18,461275885.45,38003.0
croatia07_14,concentration2_cluster_9_group_none,300.0,221.0,63.57,80.09,79.52,50.0,40.57,9.3,128572294.88,767758930.12,36600.0
myanmar03_4,distributed,300.0,240.0,82.45,83.75,82.18,0.0,30.1,0.0,0.0,0.0,39380.0
myanmar03_4,concentration2_cluster_9_group_none,300.0,240.0,82.45,83.75,82.18,0.0,30.12,0.0,0.0,0.0,39380.0
germany08_27,distributed,300.0,269.0,94.68,84.01,82.6,52.94,72.48,35.42,68570482.59,559778761.39,35326.0
germany08_27,concentration2_cluster_9_group_none,300.0,269.0,95.91,84.39,82.77,83.33,77.42,25.0,84748649.4,435876402.6,37134.0
china19_25,distributed,300.0,276.0,165.06,93.84,90.99,87.5,94.23,61.54,61444936.25,408540408.52,14431.0
china19_25,concentration2_cluster_9_group_none,300.0,276.0,180.12,95.29,92.43,77.78,90.61,69.23,52800759.39,350796599.86,13052.0
chile39_29,distributed,300.0,375.0,234.11,94.4,91.73,84.0,98.55,62.5,49311509.85,404048943.77,22350.0
chile39_29,concentration2_cluster_9_group_none,300.0,375.0,225.7,93.07,91.28,77.78,96.09,45.0,66135197.48,622372480.71,26527.0
indonesia63_18,distributed,300.0,340.0,89.59,78.53,78.16,50.0,38.81,3.03,224595137.52,1055032202.95,58126.0
indonesia63_18,concentration2_cluster_9_group_none,300.0,340.0,89.59,78.53,78.16,0.0,37.63,4.55,154963328.79,0.0,58053.0
china10_6,distributed,300.0,242.0,131.59,91.32,89.63,100.0,77.85,25.0,90717415.85,656863209.09,21264.0
china10_6,concentration2_cluster_9_group_none,300.0,242.0,133.76,92.15,89.78,84.62,88.32,46.43,57055292.66,395248863.0,19110.0
tokyo21_21,distributed,300.0,293.0,111.41,84.64,84.0,0.0,34.97,2.17,168752783.01,0.0,40659.0
tokyo21_21,concentration2_cluster_9_group_none,300.0,293.0,111.41,84.64,84.0,0.0,32.86,0.0,0.0,0.0,41170.0
tokyo21_5,distributed,300.0,293.0,114.98,85.32,84.47,0.0,34.76,6.67,121704047.53,0.0,39162.0
tokyo21_5,concentration2_cluster_9_group_none,300.0,293.0,117.34,86.01,84.71,100.0,35.13,11.11,76390126.88,248430006.15,38194.0
myanmar11_24,distributed,300.0,235.0,50.88,76.6,74.73,63.64,47.12,18.64,74039021.66,237481986.73,49242.0
myanmar11_24,concentration2_cluster_9_group_none,300.0,235.0,53.15,77.45,75.38,66.67,51.33,20.34,62843520.3,224978131.98,47870.0
iceland06_15,distributed,300.0,209.0,105.42,89.47,88.54,86.67,72.88,57.69,63544948.74,356731107.11,15104.0
iceland06_15,concentration2_cluster_9_group_none,300.0,209.0,109.38,89.95,89.17,72.22,76.61,69.23,51201119.13,383651838.22,13661.0
myanmar14_20,distributed,300.0,241.0,65.94,79.67,78.62,66.67,28.74,6.12,79988243.36,242455290.44,42586.0
myanmar14_20,concentration2_cluster_9_group_none,300.0,241.0,65.94,79.67,78.62,100.0,28.57,2.04,286653668.61,706283759.81,43419.0
peru24_27,distributed,300.0,326.0,240.96,96.32,94.7,75.0,91.9,63.16,48512528.05,851504022.27,12460.0
peru24_27,concentration2_cluster_9_group_none,300.0,326.0,239.44,95.4,94.77,75.0,81.71,42.11,75336150.02,1230011868.51,13688.0
germany08_19,distributed,300.0,269.0,116.99,87.73,85.96,77.78,80.39,24.32,71769173.5,595443890.23,29605.0
germany08_19,concentration2_cluster_9_group_none,300.0,269.0,113.27,86.25,85.66,88.89,81.19,24.32,74414790.96,465464977.29,29299.0
america20_12,distributed,300.0,323.0,122.38,84.52,83.95,66.67,21.7,5.88,215695234.64,1038437829.82,44094.0
america20_12,concentration2_cluster_9_group_none,300.0,323.0,123.94,85.14,84.06,83.33,21.15,11.76,120165079.41,733735897.71,42678.0
chile03_24,concentration2_cluster_9_group_none,300.0,319.0,97.32,81.19,80.42,66.67,40.5,19.35,106050006.13,491949004.99,50072.0
chile03_24,distributed,300.0,319.0,96.29,80.88,80.29,69.23,41.48,20.97,97246607.25,412403812.68,50488.0
venezuela01_24,distributed,300.0,299.0,199.81,93.98,93.18,63.64,97.74,45.83,58804240.83,936329635.3,16078.0
venezuela01_24,concentration2_cluster_9_group_none,300.0,299.0,203.89,94.98,93.37,90.0,93.81,41.67,56662643.02,713597225.75,16646.0
india13_28,distributed,300.0,243.0,97.33,86.01,84.72,50.0,45.85,10.81,116455358.7,759465020.36,31227.0
india13_28,concentration2_cluster_9_group_none,300.0,243.0,98.37,86.42,84.83,100.0,48.39,16.22,87146268.83,392500861.7,30298.0
congo10_8,distributed,300.0,335.0,116.54,82.99,82.61,66.67,31.11,5.56,132508526.9,399916603.49,47073.0
congo10_8,concentration2_cluster_9_group_none,300.0,335.0,116.54,82.99,82.61,100.0,33.74,3.7,87846800.88,631280330.08,47242.0
chile39_5,distributed,300.0,375.0,228.46,93.33,91.47,73.91,96.06,60.53,49402983.48,487537808.82,21957.0
chile39_5,concentration2_cluster_9_group_none,300.0,375.0,219.53,92.8,90.79,82.35,97.94,44.74,68511670.56,602486091.92,25890.0
tokyo03_27,distributed,300.0,237.0,92.36,85.23,84.35,50.0,37.9,5.13,76040465.9,1006409153.22,33985.0
tokyo03_27,concentration2_cluster_9_group_none,300.0,237.0,91.56,85.23,84.17,100.0,39.74,2.56,130292208.77,520171115.66,34205.0
nara01_23,distributed,300.0,319.0,87.28,79.62,78.64,0.0,31.47,0.0,0.0,0.0,59070.0
nara01_23,concentration2_cluster_9_group_none,300.0,319.0,87.28,79.62,78.64,100.0,32.53,1.52,424522630.6,1053935898.86,58622.0
india10_21,distributed,300.0,247.0,74.32,81.38,80.1,25.0,32.79,8.51,94543286.64,294698921.93,40981.0
india10_21,concentration2_cluster_9_group_none,300.0,247.0,74.32,81.38,80.1,100.0,32.51,4.26,147028629.25,300470958.13,41073.0
russia08_4,distributed,300.0,264.0,83.92,83.71,80.63,81.25,78.34,28.57,78142413.41,381020788.3,42112.0
russia08_4,concentration2_cluster_9_group_none,300.0,264.0,84.32,82.95,80.91,60.0,80.71,35.71,59111367.43,435939910.51,40263.0
chile39_8,distributed,300.0,375.0,252.05,95.2,93.04,77.78,91.04,60.0,57670631.52,536531703.0,19365.0
chile39_8,concentration2_cluster_9_group_none,300.0,375.0,261.4,95.2,93.77,84.21,99.02,63.33,55229210.47,566161607.66,17108.0
new-zealand20_13,distributed,300.0,330.0,149.38,88.18,86.66,64.29,85.54,29.17,83236680.54,704622972.39,37276.0
new-zealand20_13,concentration2_cluster_9_group_none,300.0,330.0,155.11,89.7,87.08,88.89,85.1,37.5,61668711.37,414983033.86,35526.0
ecuador01_22,distributed,300.0,325.0,222.8,95.38,93.39,84.62,89.53,48.15,57037722.19,526921106.06,17753.0
ecuador01_22,concentration2_cluster_9_group_none,300.0,325.0,212.86,93.85,92.81,100.0,87.27,37.04,67165926.31,657484163.87,19352.0
myanmar03_25,distributed,300.0,240.0,85.79,83.33,83.07,100.0,19.34,7.32,179454836.51,405170983.18,35447.0
myanmar03_25,concentration2_cluster_9_group_none,300.0,240.0,85.79,83.33,83.07,100.0,19.76,7.32,150972482.09,472884507.54,34889.0
austria22_10,distributed,300.0,315.0,104.12,82.86,81.62,100.0,53.78,8.62,185879435.72,383350177.47,49469.0
austria22_10,concentration2_cluster_9_group_none,300.0,315.0,101.97,82.22,81.36,85.71,54.01,12.07,125518033.67,405006963.02,48390.0
indonesia79_23,distributed,300.0,318.0,105.97,83.02,81.74,66.67,75.2,21.82,63222050.51,276116798.88,44782.0
indonesia79_23,concentration2_cluster_9_group_none,300.0,318.0,105.54,82.7,81.74,60.0,69.49,18.18,60948393.42,310453162.69,46347.0
turkey33_6,distributed,300.0,267.0,124.87,88.76,87.18,78.57,81.01,42.42,65667976.73,479472391.73,21949.0
turkey33_6,concentration2_cluster_9_group_none,300.0,267.0,117.73,87.64,86.26,66.67,85.12,36.36,73876299.02,638642379.47,23835.0
spain07_19,distributed,300.0,364.0,102.95,80.49,79.08,63.64,62.64,15.07,102927978.97,488351471.27,59693.0
spain07_19,concentration2_cluster_9_group_none,300.0,364.0,100.49,79.67,78.8,90.0,57.43,13.7,112504845.91,427791390.08,59577.0
indonesia63_6,distributed,300.0,340.0,100.0,81.18,79.7,16.67,39.98,9.09,90233329.93,1698901515.1,55935.0
indonesia63_6,concentration2_cluster_9_group_none,300.0,340.0,100.73,81.47,79.77,83.33,37.89,9.09,94583032.24,375178951.78,55449.0
myanmar15_5,distributed,300.0,255.0,74.11,80.39,79.65,100.0,31.0,2.08,403791485.35,375247547.78,42551.0
myanmar15_5,concentration2_cluster_9_group_none,300.0,255.0,74.11,80.39,79.65,50.0,32.02,4.17,117401637.5,366055200.65,42097.0
slovenia10_25,distributed,300.0,201.0,59.51,80.6,79.97,0.0,40.58,5.26,182384430.77,0.0,33297.0
slovenia10_25,concentration2_cluster_9_group_none,300.0,201.0,59.51,80.6,79.97,0.0,39.76,0.0,0.0,0.0,34010.0
serbia02_29,distributed,300.0,240.0,80.59,83.33,81.82,60.0,29.68,11.36,68389412.36,270224669.75,36654.0
serbia02_29,concentration2_cluster_9_group_none,300.0,240.0,77.34,82.08,81.3,100.0,31.39,9.09,101156678.7,235820581.72,36958.0
iceland07_13,distributed,300.0,244.0,91.62,84.84,83.7,100.0,83.1,27.03,89896416.2,485099311.36,27324.0
iceland07_13,concentration2_cluster_9_group_none,300.0,244.0,96.72,86.48,84.4,91.67,74.41,32.43,71090407.45,444867884.45,28144.0
austria20_24,distributed,300.0,173.0,69.28,85.55,84.82,90.0,62.18,38.46,43200549.78,93328977.18,18220.0
austria20_24,concentration2_cluster_9_group_none,300.0,173.0,69.28,85.55,84.82,100.0,59.49,23.08,89063211.37,266581521.7,20807.0
ishikawa,distributed,300.0,310.0,127.52,86.13,85.22,66.67,40.02,6.52,91058285.38,1189140064.96,40063.0
ishikawa,concentration2_cluster_9_group_none,300.0,310.0,128.43,86.13,85.36,60.0,39.29,10.87,63929876.37,791860328.57,38606.0
turkey33_13,distributed,300.0,267.0,124.38,88.76,87.11,70.59,89.06,48.57,47414823.38,427426579.85,24408.0
turkey33_13,concentration2_cluster_9_group_none,300.0,267.0,127.8,89.89,87.4,71.43,89.2,40.0,68708276.75,491430018.55,25353.0
canada33_13,distributed,300.0,237.0,81.9,83.97,82.24,80.0,57.97,22.22,100326507.27,433993784.19,36392.0
canada33_13,concentration2_cluster_9_group_none,300.0,237.0,84.72,85.65,82.52,84.62,55.54,28.89,74163339.26,343234810.83,34973.0
belgium04_22,distributed,300.0,326.0,96.29,80.98,79.83,33.33,29.35,9.09,102345594.27,866713012.87,56685.0
belgium04_22,concentration2_cluster_9_group_none,300.0,326.0,96.81,80.98,79.94,37.5,29.43,12.12,77052049.29,534560297.61,56017.0
croatia07_21,distributed,300.0,221.0,81.12,84.16,83.4,100.0,37.19,7.89,129655296.78,405519159.54,32399.0
croatia07_21,concentration2_cluster_9_group_none,300.0,221.0,80.75,84.16,83.31,100.0,35.75,2.63,274396134.66,800925951.23,33232.0
chile21_9,distributed,300.0,147.0,56.72,85.71,84.04,55.56,81.58,37.5,40429493.03,456395979.7,17574.0
chile21_9,concentration2_cluster_9_group_none,300.0,147.0,57.02,85.71,84.14,58.33,79.32,50.0,30206531.19,353129553.84,16698.0
spain07_8,distributed,300.0,364.0,120.0,82.69,81.61,66.67,55.61,18.46,80646489.83,358227685.05,53147.0
spain07_8,concentration2_cluster_9_group_none,300.0,364.0,120.77,82.69,81.74,64.29,53.04,21.54,63097752.67,219032914.56,51744.0
peru17_17,distributed,300.0,334.0,215.41,94.31,92.4,64.29,87.76,50.0,62637315.4,904774067.59,18821.0
peru17_17,concentration2_cluster_9_group_none,300.0,334.0,212.99,93.41,92.36,77.78,87.81,32.14,93989003.88,1052094512.07,20953.0
germany17_2,distributed,300.0,311.0,94.77,81.03,80.44,62.5,37.56,13.56,146494610.75,393257032.52,49299.0
germany17_2,concentration2_cluster_9_group_none,300.0,311.0,95.27,81.35,80.47,72.73,35.78,18.64,104904056.05,288833127.75,47478.0
belize01_12,distributed,300.0,324.0,89.64,79.32,78.93,33.33,24.38,4.62,126707183.27,573448972.22,57212.0
belize01_12,concentration2_cluster_9_group_none,300.0,324.0,89.64,79.32,78.93,50.0,24.17,3.08,164351126.56,546287890.04,57513.0
mongolia05_17,concentration2_cluster_9_group_none,300.0,250.0,158.15,94.0,92.08,66.67,85.86,50.0,68159257.97,683155285.03,15330.0
mongolia05_17,distributed,300.0,250.0,155.45,94.8,91.57,88.89,89.38,37.5,89739332.57,607450532.9,16419.0
slovenia06_5,distributed,300.0,320.0,155.74,88.44,88.06,75.0,63.51,10.81,167745096.78,714386293.58,31647.0
slovenia06_5,concentration2_cluster_9_group_none,300.0,320.0,155.09,88.44,87.97,66.67,56.74,16.22,97966412.58,804016485.45,30835.0
indonesia43_18,distributed,300.0,344.0,112.17,82.27,81.49,37.5,61.74,12.31,120058096.26,642429688.5,55503.0
indonesia43_18,concentration2_cluster_9_group_none,300.0,344.0,116.63,83.43,81.99,62.5,58.82,24.62,49323887.14,204620521.9,51319.0
america03_21,distributed,300.0,334.0,112.31,82.63,82.02,92.31,49.29,22.81,93124700.5,378461111.07,43328.0
america03_21,concentration2_cluster_9_group_none,300.0,334.0,112.43,82.63,82.04,80.0,54.33,26.32,76240270.1,354079045.85,43350.0
turkey13_12,distributed,300.0,254.0,141.47,90.94,90.19,30.0,80.82,38.46,55135475.93,995471052.69,18817.0
turkey13_12,concentration2_cluster_9_group_none,300.0,254.0,143.79,91.73,90.35,85.71,69.26,26.92,68669635.52,535334062.11,19849.0
turkey33_7,distributed,300.0,267.0,110.74,87.64,85.04,57.14,76.51,35.0,69017830.15,460962580.89,29156.0
turkey33_7,concentration2_cluster_9_group_none,300.0,267.0,107.31,86.14,84.75,68.75,90.19,40.0,62918280.91,434093336.51,29625.0
tokyo12_23,distributed,300.0,352.0,121.21,83.24,82.35,100.0,39.88,1.69,488266319.72,906261488.6,52195.0
tokyo12_23,concentration2_cluster_9_group_none,300.0,352.0,121.21,83.24,82.35,25.0,37.26,6.78,136180715.95,1573435858.16,51361.0
hungary01_22,distributed,300.0,241.0,72.03,81.33,79.98,71.43,61.21,14.89,113980588.31,293310949.22,39136.0
hungary01_22,concentration2_cluster_9_group_none,300.0,241.0,71.78,81.33,79.91,55.56,55.55,19.15,74384518.37,314398714.34,38216.0
china10_8,distributed,300.0,242.0,151.09,93.8,91.86,77.78,73.38,39.13,73019098.43,545246722.38,16202.0
china10_8,concentration2_cluster_9_group_none,300.0,242.0,155.1,94.21,92.29,70.0,71.71,43.48,64335909.88,569624302.4,15646.0
ishikawa_19,distributed,300.0,310.0,107.07,83.23,82.41,75.0,41.26,7.55,124634904.9,538393707.43,45583.0
ishikawa_19,concentration2_cluster_9_group_none,300.0,310.0,107.07,83.23,82.41,100.0,39.84,1.89,416120965.83,988488623.57,47071.0
bulgaria05_18,distributed,300.0,180.0,41.51,77.22,75.83,50.0,37.97,9.09,97463217.63,427575012.42,37315.0
bulgaria05_18,concentration2_cluster_9_group_none,300.0,180.0,41.51,77.22,75.83,33.33,37.99,13.64,68661326.7,482713354.46,37271.0
iceland06_3,concentration2_cluster_9_group_none,300.0,209.0,93.38,87.56,86.54,90.0,66.15,34.48,88202191.27,636229032.09,21238.0
iceland06_3,distributed,300.0,209.0,96.81,88.52,87.05,84.62,89.79,44.83,66243256.18,511499819.94,18586.0
venezuela01_15,distributed,300.0,299.0,247.83,97.66,96.72,83.33,96.57,54.55,65939695.55,1103606555.11,6860.0
venezuela01_15,concentration2_cluster_9_group_none,300.0,299.0,247.06,97.66,96.66,80.0,82.86,45.45,79891340.36,1081402363.76,7023.0
hungary01_7,distributed,300.0,241.0,90.46,85.06,83.64,40.0,61.1,13.51,137534523.12,699869828.77,31475.0
hungary01_7,concentration2_cluster_9_group_none,300.0,241.0,93.26,85.89,84.05,83.33,57.3,16.22,104298692.12,375671243.12,30931.0
slovenia10_10,distributed,300.0,201.0,78.59,85.07,84.45,100.0,34.56,3.23,336515048.1,765409390.33,27120.0
slovenia10_10,concentration2_cluster_9_group_none,300.0,201.0,78.59,85.07,84.45,50.0,31.41,6.45,190661797.21,1127068528.7,27332.0
new-zealand02_9,distributed,300.0,258.0,79.85,81.78,80.57,100.0,29.1,4.44,207990589.36,587537905.61,39151.0
new-zealand02_9,concentration2_cluster_9_group_none,300.0,258.0,79.91,81.78,80.58,100.0,30.06,6.67,157542968.9,547148266.96,38952.0
belize01_13,distributed,300.0,324.0,80.59,78.4,77.04,33.33,25.81,4.11,173972193.77,1195323358.65,64522.0
belize01_13,concentration2_cluster_9_group_none,300.0,324.0,80.59,78.4,77.04,60.0,25.92,6.85,76569820.87,325551937.38,63200.0
congo10,distributed,300.0,335.0,145.34,86.87,86.12,100.0,25.19,2.27,381520020.47,920238590.16,38713.0
congo10,concentration2_cluster_9_group_none,300.0,335.0,145.34,86.87,86.12,100.0,25.21,2.27,312121862.03,1023683727.68,38668.0
tokyo12_17,distributed,300.0,352.0,104.29,80.97,79.89,100.0,45.31,1.45,558773456.37,1037424199.87,61529.0
tokyo12_17,concentration2_cluster_9_group_none,300.0,352.0,105.42,81.25,80.04,66.67,44.11,4.35,189413744.12,931199298.18,60789.0
chile03_1,concentration2_cluster_9_group_none,300.0,319.0,115.75,84.01,83.21,64.29,48.09,26.42,78028322.83,529868348.22,41781.0
chile03_1,distributed,300.0,319.0,115.45,83.7,83.23,80.0,49.39,18.87,120698011.45,506119909.9,43084.0
turkey18_9,concentration2_cluster_9_group_none,300.0,253.0,111.86,88.54,86.11,88.24,79.47,42.5,55865973.13,253530276.72,27515.0
turkey18_9,distributed,300.0,253.0,108.82,87.75,85.74,91.67,80.94,30.0,85228365.98,360184171.73,29755.0
austria08_12,distributed,300.0,220.0,82.55,85.91,83.43,100.0,57.72,31.58,52762354.53,191932437.34,28253.0
austria08_12,concentration2_cluster_9_group_none,300.0,220.0,82.45,85.91,83.41,100.0,59.87,26.32,67423761.56,258779667.17,29470.0
netherlands04_12,distributed,300.0,342.0,97.25,80.41,79.21,45.45,45.76,15.28,121496175.43,619389196.18,59638.0
netherlands04_12,concentration2_cluster_9_group_none,300.0,342.0,97.24,80.7,79.14,54.55,45.42,15.28,121888868.22,505391839.41,60511.0
philippines34_10,distributed,300.0,346.0,101.35,81.21,79.6,76.92,39.61,18.06,68736561.62,316046743.3,58205.0
philippines34_10,concentration2_cluster_9_group_none,300.0,346.0,102.14,81.5,79.69,75.0,41.03,22.22,52271166.61,253757562.57,57074.0
burundi03_16,distributed,300.0,236.0,71.67,81.36,80.29,100.0,23.44,2.17,437242321.12,217930106.12,40629.0
burundi03_16,concentration2_cluster_9_group_none,300.0,236.0,71.67,81.36,80.29,66.67,23.84,6.52,119288440.44,186410106.39,40222.0
bolivia01_9,distributed,300.0,243.0,85.7,83.54,82.75,100.0,62.72,11.9,93636708.87,381844021.83,34909.0
bolivia01_9,concentration2_cluster_9_group_none,300.0,243.0,85.63,83.54,82.74,87.5,59.54,19.05,69472415.81,363998412.36,33598.0
peru19_11,distributed,300.0,331.0,108.65,82.48,81.57,66.67,52.54,15.25,126140602.92,507508770.66,48986.0
peru19_11,concentration2_cluster_9_group_none,300.0,331.0,108.31,82.48,81.51,71.43,50.73,11.86,101719651.31,613422161.55,50092.0
tokyo03,distributed,300.0,237.0,76.2,82.7,81.1,75.0,40.21,8.7,115682495.62,314443464.35,39003.0
tokyo03,concentration2_cluster_9_group_none,300.0,237.0,76.96,82.7,81.3,75.0,35.8,8.7,117463335.74,422590114.42,39003.0
slovenia10,distributed,300.0,201.0,77.4,84.58,84.26,0.0,42.08,3.13,209656342.83,0.0,28201.0
slovenia10,concentration2_cluster_9_group_none,300.0,201.0,77.4,84.58,84.26,0.0,39.51,3.13,319489794.03,0.0,28189.0
croatia07_20,distributed,300.0,221.0,63.57,80.09,79.52,66.67,36.65,6.67,104132795.26,371808013.22,38859.0
croatia07_20,concentration2_cluster_9_group_none,300.0,221.0,63.57,80.09,79.52,100.0,35.93,6.67,123561933.98,364356963.27,38610.0
myanmar11_27,distributed,300.0,235.0,73.69,82.13,80.74,72.73,50.74,23.4,70284116.29,233090698.36,37041.0
myanmar11_27,concentration2_cluster_9_group_none,300.0,235.0,75.94,82.55,81.24,83.33,51.46,25.53,57921767.47,253161651.05,36884.0
india06_8,distributed,300.0,235.0,87.68,84.26,83.71,44.44,68.23,23.68,65072500.83,500108010.22,29900.0
india06_8,concentration2_cluster_9_group_none,300.0,235.0,89.35,84.68,83.99,55.56,64.81,23.68,69504752.96,410953677.17,29456.0
peru13_22,distributed,300.0,319.0,108.06,83.7,81.91,64.29,67.66,24.14,97677246.86,497015281.78,46247.0
peru13_22,concentration2_cluster_9_group_none,300.0,319.0,112.32,84.01,82.61,91.67,58.43,20.69,87353960.78,464263949.76,45757.0
bolivia01_17,distributed,300.0,243.0,111.95,87.65,87.13,50.0,55.74,12.9,77855740.89,817304265.39,25917.0
bolivia01_17,concentration2_cluster_9_group_none,300.0,243.0,112.87,88.07,87.21,100.0,56.98,12.9,84907001.33,430341490.61,26199.0
slovenia10_13,distributed,300.0,201.0,73.89,84.08,83.45,66.67,37.95,9.38,109748208.74,581372344.8,27215.0
slovenia10_13,concentration2_cluster_9_group_none,300.0,201.0,75.71,84.58,83.82,50.0,39.67,12.5,86871641.65,398344971.57,26329.0
chile03_14,distributed,300.0,319.0,120.37,84.95,83.77,100.0,46.17,10.42,208479611.65,414066665.97,39964.0
chile03_14,concentration2_cluster_9_group_none,300.0,319.0,120.37,84.95,83.77,100.0,45.43,10.42,109015225.16,464718260.75,40726.0
peru17_12,distributed,300.0,334.0,225.53,95.21,93.13,100.0,91.8,41.67,84138174.27,711716779.99,16001.0
peru17_12,concentration2_cluster_9_group_none,300.0,334.0,221.97,94.31,93.0,58.33,88.14,50.0,69874023.69,1007676248.83,15519.0
spain07_10,distributed,300.0,364.0,128.13,84.07,82.59,25.0,60.41,13.33,147205931.13,784784483.09,51559.0
spain07_10,concentration2_cluster_9_group_none,300.0,364.0,128.0,83.79,82.63,90.0,51.47,16.67,92756171.8,381438084.26,49865.0
germany17_11,distributed,300.0,311.0,103.9,82.64,81.89,100.0,38.71,5.56,293802995.63,488652239.14,47118.0
germany17_11,concentration2_cluster_9_group_none,300.0,311.0,104.15,82.64,81.94,57.14,37.21,12.96,121774218.62,552489396.07,46376.0
myanmar03_8,distributed,300.0,240.0,54.38,76.67,75.62,60.0,27.04,8.77,133280601.44,291521667.38,48790.0
myanmar03_8,concentration2_cluster_9_group_none,300.0,240.0,54.38,76.67,75.62,60.0,27.73,8.77,140769464.6,298717702.58,49492.0
russia08_2,distributed,300.0,264.0,87.24,83.33,81.5,75.0,71.17,30.77,51702971.72,398723605.81,39468.0
russia08_2,concentration2_cluster_9_group_none,300.0,264.0,93.55,85.61,82.36,66.67,74.81,46.15,36962502.95,309168504.75,35362.0
congo10_9,distributed,300.0,335.0,144.1,86.27,86.08,0.0,32.78,0.0,0.0,0.0,38485.0
congo10_9,concentration2_cluster_9_group_none,300.0,335.0,144.1,86.27,86.08,0.0,33.13,0.0,0.0,0.0,38485.0
tokyo03_2,distributed,300.0,237.0,107.06,87.34,86.81,66.67,45.77,10.0,45108408.06,808065296.91,25713.0
tokyo03_2,concentration2_cluster_9_group_none,300.0,237.0,107.06,87.34,86.81,66.67,44.81,10.0,39151480.62,578288565.34,25632.0
myanmar11_25,distributed,300.0,235.0,71.95,81.28,80.47,100.0,47.11,11.11,157412683.36,226099220.65,38533.0
myanmar11_25,concentration2_cluster_9_group_none,300.0,235.0,71.95,81.28,80.47,66.67,49.84,13.33,126448806.78,502785127.9,37983.0
turkey13_13,concentration2_cluster_9_group_none,300.0,254.0,166.76,93.7,92.89,75.0,78.38,23.53,96136565.79,924736474.97,13861.0
turkey13_13,distributed,300.0,254.0,164.49,93.31,92.7,75.0,74.74,23.53,82568562.53,891483193.93,13333.0
philippines30_17,concentration2_cluster_9_group_none,300.0,290.0,96.05,84.14,81.35,61.11,65.32,32.14,32989548.75,224107401.47,43496.0
philippines30_17,distributed,300.0,290.0,92.6,82.76,80.95,54.55,58.04,19.64,61685746.94,328953135.72,46404.0
ukraine01_18,distributed,300.0,284.0,141.22,89.79,88.18,81.82,72.63,33.33,66027265.59,358030677.66,23131.0
ukraine01_18,concentration2_cluster_9_group_none,300.0,284.0,144.36,90.14,88.54,69.23,66.02,39.39,55822468.91,396051323.11,22265.0
singapore20_29,distributed,300.0,208.0,56.46,79.33,78.55,75.0,33.43,9.09,200755988.54,462780303.02,37888.0
singapore20_29,concentration2_cluster_9_group_none,300.0,208.0,56.78,79.33,78.66,60.0,33.26,11.36,169563775.03,625178364.41,37344.0
tokyo03_20,distributed,300.0,237.0,89.22,84.39,83.86,25.0,35.81,10.26,130528317.38,1572844888.85,32642.0
tokyo03_20,concentration2_cluster_9_group_none,300.0,237.0,89.22,84.39,83.86,0.0,35.94,5.13,163826712.28,0.0,34285.0
argentina10_27,distributed,300.0,336.0,92.16,80.36,78.5,36.36,36.94,15.71,91739137.58,432211094.8,58484.0
argentina10_27,concentration2_cluster_9_group_none,300.0,336.0,89.85,79.46,78.22,41.18,32.38,24.29,58586589.32,307626936.29,55262.0
ukraine11_19,distributed,300.0,249.0,81.18,82.33,81.47,75.0,45.93,18.18,158794223.32,534632488.55,34308.0
ukraine11_19,concentration2_cluster_9_group_none,300.0,249.0,81.79,82.73,81.53,91.67,49.05,27.27,106961711.61,328832705.61,32813.0
philippines25_6,distributed,300.0,371.0,112.5,81.67,80.18,25.0,63.84,27.4,55187393.64,741316477.82,57815.0
philippines25_6,concentration2_cluster_9_group_none,300.0,371.0,112.02,81.67,80.1,73.68,63.52,26.03,58968977.86,295300869.5,58056.0
china19_14,concentration2_cluster_9_group_none,300.0,276.0,169.05,94.57,91.31,72.22,97.55,60.0,48335194.53,501795053.69,16608.0
china19_14,distributed,300.0,276.0,172.18,95.29,91.53,85.0,97.99,66.67,42667077.73,369031229.18,15472.0
singapore20_20,distributed,300.0,208.0,81.7,85.58,84.43,66.67,46.25,27.27,73326105.51,292574088.61,25347.0
singapore20_20,concentration2_cluster_9_group_none,300.0,208.0,91.24,88.46,85.97,77.78,44.79,27.27,72615319.63,356636095.04,24855.0
chile01_20,distributed,300.0,375.0,172.33,88.0,87.01,50.0,72.15,37.5,71287490.92,439840447.82,34476.0
chile01_20,concentration2_cluster_9_group_none,300.0,375.0,164.08,86.67,86.33,63.64,64.66,22.92,104958147.23,640794525.66,38626.0
germany17_16,concentration2_cluster_9_group_none,300.0,311.0,86.5,79.74,78.94,100.0,32.69,11.11,131241587.3,378067854.37,52397.0
germany17_16,distributed,300.0,311.0,86.5,79.74,78.94,77.78,32.21,14.29,110592127.25,357173655.6,52332.0
chile23_15,distributed,300.0,334.0,132.87,85.93,84.6,45.45,61.32,21.15,81806646.52,813594079.5,42500.0
chile23_15,concentration2_cluster_9_group_none,300.0,334.0,135.99,86.53,84.92,100.0,63.11,21.15,71866870.11,460741372.61,41342.0
indonesia43_20,distributed,300.0,344.0,113.74,82.56,81.7,72.73,66.4,17.46,87069925.73,377905221.21,52021.0
indonesia43_20,concentration2_cluster_9_group_none,300.0,344.0,117.4,83.72,82.05,87.5,63.16,25.4,45341225.82,245434967.1,48869.0
canada33_8,distributed,300.0,237.0,68.27,81.01,79.32,66.67,56.46,18.37,103887077.53,650461318.22,39994.0
canada33_8,concentration2_cluster_9_group_none,300.0,237.0,68.67,81.01,79.44,100.0,56.85,12.24,182415965.88,481491524.13,41005.0
cuba02_22,distributed,300.0,244.0,70.73,80.74,79.51,87.5,38.18,16.67,70141200.11,210195964.87,39589.0
cuba02_22,concentration2_cluster_9_group_none,300.0,244.0,68.98,80.33,79.11,100.0,37.39,12.5,107216610.09,268029742.07,40242.0
myanmar11,distributed,300.0,235.0,64.97,80.85,78.54,70.0,54.5,19.23,59826137.87,308218490.35,41991.0
myanmar11,concentration2_cluster_9_group_none,300.0,235.0,64.84,80.85,78.5,100.0,53.37,25.0,32966714.92,174969228.44,40518.0
serbia02_27,distributed,300.0,240.0,96.32,85.42,84.89,0.0,36.62,2.86,270209221.22,0.0,30994.0
serbia02_27,concentration2_cluster_9_group_none,300.0,240.0,96.32,85.42,84.89,50.0,38.09,5.71,103702883.54,943294069.98,30795.0
ecuador01_19,distributed,300.0,325.0,201.47,93.85,91.71,73.68,96.7,59.38,48855757.74,514317231.22,20089.0
ecuador01_19,concentration2_cluster_9_group_none,300.0,325.0,198.7,93.54,91.5,71.43,94.93,43.75,54363667.3,656100860.02,21144.0
serbia04_28,distributed,300.0,251.0,69.51,79.68,78.86,66.67,54.71,20.0,82193337.58,350071809.22,36744.0
serbia04_28,concentration2_cluster_9_group_none,300.0,251.0,69.58,79.68,78.88,42.86,52.54,15.56,122735074.91,564306406.41,37265.0
venezuela02_25,distributed,300.0,295.0,206.15,95.25,93.81,100.0,63.47,31.82,94305322.32,999892777.05,16425.0
venezuela02_25,concentration2_cluster_9_group_none,300.0,295.0,208.55,95.59,93.97,90.91,65.26,50.0,57147824.61,728703821.57,14327.0
indonesia43_2,distributed,300.0,344.0,130.93,84.88,83.96,54.55,62.66,22.0,85434304.54,329212663.36,39822.0
indonesia43_2,concentration2_cluster_9_group_none,300.0,344.0,129.75,84.88,83.78,44.44,67.18,18.0,111553333.47,345105301.74,40460.0
germany08_3,distributed,300.0,269.0,93.43,84.01,82.33,70.59,77.64,35.42,78761210.59,277576810.18,34441.0
germany08_3,concentration2_cluster_9_group_none,300.0,269.0,89.48,82.53,81.83,56.25,81.31,33.33,78737847.07,343032672.99,34514.0
italy16_27,distributed,300.0,214.0,69.84,83.18,81.29,100.0,86.42,29.27,63356730.09,262831490.74,30539.0
italy16_27,concentration2_cluster_9_group_none,300.0,214.0,73.03,84.58,81.85,84.62,79.07,31.71,58238049.93,312656650.16,29947.0
new-zealand20_4,distributed,300.0,330.0,140.62,86.97,85.73,63.16,83.87,39.58,61284939.14,559127487.52,34232.0
new-zealand20_4,concentration2_cluster_9_group_none,300.0,330.0,148.84,89.09,86.39,66.67,79.49,43.75,55374621.52,487972770.05,32907.0
america35_16,concentration2_cluster_9_group_none,300.0,342.0,108.39,82.16,80.95,63.64,31.48,17.19,72931071.52,348221258.76,52772.0
america35_16,distributed,300.0,342.0,108.11,81.87,80.97,42.86,31.22,10.94,123949780.95,509071700.27,54768.0
ibaragi_14,distributed,300.0,258.0,97.99,84.5,84.01,100.0,38.73,7.5,92191109.09,271767460.92,34162.0
ibaragi_14,concentration2_cluster_9_group_none,300.0,258.0,97.99,84.5,84.01,40.0,42.18,12.5,76062790.84,266428159.68,33194.0
venezuela01_29,distributed,300.0,299.0,231.57,97.32,95.43,90.91,98.42,73.33,48506687.65,537331914.97,7414.0
venezuela01_29,concentration2_cluster_9_group_none,300.0,299.0,222.47,95.99,94.91,88.89,90.4,60.0,56715438.85,793430567.87,8739.0
new-zealand20_2,distributed,300.0,330.0,174.3,91.21,89.07,83.33,79.07,41.86,64726340.24,432655838.23,29371.0
new-zealand20_2,concentration2_cluster_9_group_none,300.0,330.0,164.63,89.7,88.27,100.0,83.66,27.91,81493331.86,473442376.6,33217.0
myanmar15_29,distributed,300.0,255.0,68.86,79.22,78.48,25.0,34.14,16.0,64749285.53,246636786.05,41961.0
myanmar15_29,concentration2_cluster_9_group_none,300.0,255.0,68.86,79.22,78.48,80.0,34.14,10.0,89225073.34,201589582.6,42972.0
philippines22_8,concentration2_cluster_9_group_none,300.0,329.0,98.23,81.76,79.85,0.0,28.2,1.47,451878860.06,0.0,60235.0
philippines22_8,distributed,300.0,329.0,98.23,81.76,79.85,0.0,27.62,1.47,498646573.45,0.0,60373.0
russia08_8,distributed,300.0,264.0,83.28,82.95,80.66,61.54,71.86,24.53,96368413.35,390077535.11,41545.0
russia08_8,concentration2_cluster_9_group_none,300.0,264.0,84.16,83.33,80.78,64.29,77.7,26.42,86658266.95,338924471.87,41295.0
america35_10,distributed,300.0,342.0,73.91,76.02,74.84,63.64,38.93,12.79,106735685.33,505725696.88,71949.0
america35_10,concentration2_cluster_9_group_none,300.0,342.0,75.02,76.9,74.91,53.33,38.05,17.44,66218499.5,514964982.63,71336.0
philippines22_1,distributed,300.0,329.0,75.98,76.29,76.1,0.0,25.31,2.74,189691306.52,0.0,64718.0
philippines22_1,concentration2_cluster_9_group_none,300.0,329.0,75.98,76.29,76.1,0.0,25.2,2.74,201537389.04,0.0,64775.0
peru24_19,distributed,300.0,326.0,224.02,94.79,93.57,100.0,88.8,42.86,71288615.3,756448210.27,14793.0
peru24_19,concentration2_cluster_9_group_none,300.0,326.0,227.42,94.79,93.87,100.0,89.73,23.81,135100816.5,1099187119.33,16897.0
indonesia43_14,concentration2_cluster_9_group_none,300.0,344.0,109.77,82.27,81.06,91.67,62.51,19.05,62870175.44,240970876.94,51690.0
indonesia43_14,distributed,300.0,344.0,105.74,81.1,80.6,54.55,68.22,17.46,83328257.06,418828663.94,52318.0
turkey13_29,distributed,300.0,254.0,142.34,92.13,90.06,77.78,67.35,33.33,59005864.38,478510083.09,20175.0
turkey13_29,concentration2_cluster_9_group_none,300.0,254.0,142.28,91.34,90.22,100.0,74.9,33.33,58642562.05,454985122.68,19197.0
belize04_29,distributed,300.0,338.0,100.32,81.36,79.83,60.0,53.57,14.71,103145619.79,464300901.67,57382.0
belize04_29,concentration2_cluster_9_group_none,300.0,338.0,103.47,81.95,80.3,66.67,50.51,17.65,76849939.11,385492952.6,55670.0
canada33_23,distributed,300.0,237.0,56.88,78.9,76.2,37.5,51.48,13.79,174217148.91,851826560.49,48503.0
canada33_23,concentration2_cluster_9_group_none,300.0,237.0,57.31,78.9,76.35,61.54,52.19,22.41,105873091.87,392243292.47,46500.0
america04_20,distributed,300.0,290.0,77.78,79.66,78.23,57.14,40.16,11.29,178521980.22,585456637.08,53146.0
america04_20,concentration2_cluster_9_group_none,300.0,290.0,78.52,79.66,78.42,77.78,37.46,14.52,123436393.26,357307503.12,52235.0
america04_18,distributed,300.0,290.0,98.72,83.45,82.07,77.78,47.49,17.31,113686092.58,479686520.65,42628.0
america04_18,concentration2_cluster_9_group_none,300.0,290.0,98.64,83.1,82.13,66.67,49.74,11.54,150460877.38,805336407.68,43708.0
philippines34_12,distributed,300.0,346.0,99.64,80.64,79.41,72.73,48.68,16.18,66966989.39,259979110.14,56334.0
philippines34_12,concentration2_cluster_9_group_none,300.0,346.0,104.22,81.79,80.02,75.0,49.26,17.65,65110962.64,258717705.14,55148.0
nara01_28,distributed,300.0,319.0,102.7,82.45,81.19,66.67,28.61,10.34,58893789.58,496418673.65,49435.0
nara01_28,concentration2_cluster_9_group_none,300.0,319.0,101.88,82.13,81.11,100.0,30.11,1.72,278342480.27,1516165565.69,51516.0
china19_29,distributed,300.0,276.0,192.94,94.93,93.88,90.0,94.37,50.0,76351773.82,733330986.24,12508.0
china19_29,concentration2_cluster_9_group_none,300.0,276.0,197.99,95.65,94.25,100.0,80.21,40.0,91523339.1,629060941.76,13470.0
slovenia06_14,distributed,300.0,320.0,162.75,90.31,88.52,80.0,55.4,26.32,66507672.83,469102830.07,29692.0
slovenia06_14,concentration2_cluster_9_group_none,300.0,320.0,160.74,90.0,88.34,100.0,53.85,21.05,65196968.88,480262899.57,30390.0
slovenia06_25,distributed,300.0,320.0,132.54,86.56,85.26,84.62,57.41,26.0,70536942.14,378321126.74,39166.0
slovenia06_25,concentration2_cluster_9_group_none,300.0,320.0,129.86,85.94,84.99,42.86,57.53,28.0,56920451.58,733758484.18,38811.0
greece22_14,distributed,300.0,348.0,121.3,83.91,82.43,50.0,55.51,20.0,76185991.49,580272001.06,48474.0
greece22_14,concentration2_cluster_9_group_none,300.0,348.0,121.71,83.62,82.57,80.0,51.09,16.67,73393486.29,517247478.78,48971.0
canada34_9,distributed,300.0,279.0,98.38,84.23,82.59,84.62,60.84,27.08,104852084.27,339817177.24,36077.0
canada34_9,concentration2_cluster_9_group_none,300.0,279.0,98.8,84.23,82.67,81.82,58.38,22.92,124132666.88,402976813.06,36973.0
myanmar12_15,distributed,300.0,226.0,57.42,78.32,77.48,0.0,32.68,0.0,0.0,562530199.29,43855.0
myanmar12_15,concentration2_cluster_9_group_none,300.0,226.0,57.42,78.32,77.48,0.0,32.41,0.0,0.0,695692161.61,43855.0
greece06_18,distributed,300.0,342.0,128.35,84.5,83.77,40.0,41.74,9.09,126851254.12,763642195.12,47864.0
greece06_18,concentration2_cluster_9_group_none,300.0,342.0,128.35,84.5,83.77,60.0,39.98,9.09,132564293.0,888869106.06,47306.0
chile39_11,distributed,300.0,375.0,199.64,92.0,89.06,59.26,97.71,60.0,48647426.52,428709392.84,26328.0
chile39_11,concentration2_cluster_9_group_none,300.0,375.0,200.8,91.2,89.35,42.31,99.7,57.78,50646108.16,670153793.14,27886.0
india10_6,distributed,300.0,247.0,86.46,83.4,82.64,66.67,32.94,7.14,93146269.41,492141805.74,36237.0
india10_6,concentration2_cluster_9_group_none,300.0,247.0,86.46,83.4,82.64,50.0,31.53,9.52,78605771.1,630756625.02,36104.0
italy36_6,distributed,300.0,281.0,118.51,87.9,85.31,58.06,99.32,68.89,36275233.7,333352346.92,26516.0
italy36_6,concentration2_cluster_9_group_none,300.0,281.0,121.64,88.97,85.59,73.91,98.98,51.11,47722814.13,341601577.98,27865.0
america20_14,concentration2_cluster_9_group_none,300.0,323.0,94.98,80.8,79.78,75.0,25.03,6.06,270086467.88,800476090.05,57095.0
america20_14,distributed,300.0,323.0,94.62,80.8,79.71,100.0,26.51,7.58,232468095.38,487245009.89,56275.0
philippines22_28,distributed,300.0,329.0,67.73,75.38,74.04,33.33,26.26,3.61,189648290.58,1055907397.01,73433.0
philippines22_28,concentration2_cluster_9_group_none,300.0,329.0,67.73,75.38,74.04,66.67,29.03,3.61,195645210.36,350472192.91,72959.0
myanmar13_13,distributed,300.0,228.0,60.26,79.82,77.89,100.0,40.33,2.04,177467629.79,708408052.36,43296.0
myanmar13_13,concentration2_cluster_9_group_none,300.0,228.0,60.26,79.82,77.89,50.0,40.04,4.08,97925083.41,728554310.1,42950.0
ejypt04_6,distributed,300.0,250.0,71.25,80.4,79.26,85.71,61.19,14.58,93390415.82,395992988.94,40109.0
ejypt04_6,concentration2_cluster_9_group_none,300.0,250.0,72.63,80.4,79.64,60.0,59.65,10.42,119149675.05,575725370.78,40153.0
sapporo_1,distributed,300.0,253.0,78.68,81.42,80.75,25.0,28.99,8.0,115411888.38,1445110081.32,42979.0
sapporo_1,concentration2_cluster_9_group_none,300.0,253.0,80.41,81.82,81.09,66.67,28.27,6.0,193979849.37,526650908.5,43133.0
india06_5,distributed,300.0,235.0,73.62,82.13,80.72,90.0,75.6,22.73,75359300.78,321123413.57,34582.0
india06_5,concentration2_cluster_9_group_none,300.0,235.0,75.82,82.98,81.11,80.0,72.12,22.73,81643957.81,332096420.34,34720.0
eritrea02_18,distributed,300.0,195.0,92.35,88.21,87.56,80.0,76.67,20.83,102785137.58,484688881.08,18808.0
eritrea02_18,concentration2_cluster_9_group_none,300.0,195.0,92.35,88.21,87.56,100.0,74.44,20.83,92928491.39,533007518.52,18772.0
chile47,distributed,300.0,375.0,236.11,93.6,92.07,95.0,87.45,55.56,50516486.87,376318806.32,21628.0
chile47,concentration2_cluster_9_group_none,300.0,375.0,226.3,93.07,91.34,91.67,87.4,66.67,34745052.28,318784466.59,18831.0
ukraine01_10,distributed,300.0,284.0,95.59,82.75,82.01,85.71,67.39,13.46,205582474.03,530625529.97,43275.0
ukraine01_10,concentration2_cluster_9_group_none,300.0,284.0,99.05,83.8,82.47,80.0,68.93,19.23,141287526.02,527040494.36,41868.0
philippines20_15,distributed,300.0,324.0,103.77,83.33,80.88,87.5,56.85,25.0,53532390.42,197906877.73,50355.0
philippines20_15,concentration2_cluster_9_group_none,300.0,324.0,102.05,82.1,80.84,80.95,57.94,32.81,36446476.21,186488077.58,47116.0
new-zealand02_4,distributed,300.0,258.0,93.38,84.11,83.14,50.0,30.85,4.88,437775625.18,1232219421.29,36021.0
new-zealand02_4,concentration2_cluster_9_group_none,300.0,258.0,95.27,84.88,83.35,50.0,32.0,4.88,372421052.16,704273985.35,35694.0
peru13_23,distributed,300.0,319.0,132.34,86.83,85.23,90.91,67.12,22.45,111454955.4,517864506.72,39062.0
peru13_23,concentration2_cluster_9_group_none,300.0,319.0,130.71,86.52,85.05,90.91,58.22,22.45,104334716.22,523362006.25,39233.0
philippines34_23,distributed,300.0,346.0,91.58,78.9,78.16,50.0,42.34,2.67,483830864.33,735916773.66,66376.0
philippines34_23,concentration2_cluster_9_group_none,300.0,346.0,93.04,79.48,78.32,66.67,40.4,8.0,139776034.65,459730501.9,64737.0
austria13_2,distributed,300.0,188.0,57.82,81.91,80.41,100.0,40.09,10.53,123569578.76,317035796.71,32392.0
austria13_2,concentration2_cluster_9_group_none,300.0,188.0,57.33,81.38,80.37,100.0,37.65,7.89,179375880.31,398831740.66,32675.0
cuba02_27,concentration2_cluster_9_group_none,300.0,244.0,102.19,86.89,85.41,100.0,35.72,11.11,107972048.47,301519768.05,30098.0
cuba02_27,distributed,300.0,244.0,98.09,86.07,84.78,83.33,38.09,16.67,87778632.66,280048045.48,29358.0
austria37_10,distributed,300.0,334.0,123.22,85.33,83.23,81.25,74.79,27.12,96422094.8,481939456.57,43822.0
austria37_10,concentration2_cluster_9_group_none,300.0,334.0,129.14,86.53,83.89,66.67,75.75,45.76,48772217.62,370061833.15,39695.0
serbia02_21,distributed,300.0,240.0,77.34,82.08,81.3,33.33,35.59,6.67,97842391.21,696351223.2,38832.0
serbia02_21,concentration2_cluster_9_group_none,300.0,240.0,77.34,82.08,81.3,50.0,37.21,8.89,90976764.89,601532247.83,38537.0
philippines25_21,distributed,300.0,371.0,124.82,83.02,81.94,68.42,81.73,27.94,59698167.34,311527892.66,52984.0
philippines25_21,concentration2_cluster_9_group_none,300.0,371.0,126.58,83.56,82.09,63.64,83.44,32.35,41693961.04,248883936.76,51412.0
china10_22,distributed,300.0,242.0,116.02,89.26,87.57,81.82,81.79,34.38,76982596.25,528769222.1,23964.0
china10_22,concentration2_cluster_9_group_none,300.0,242.0,116.22,88.84,87.7,91.67,70.31,37.5,70859816.44,413121084.48,22235.0
indonesia79_29,distributed,300.0,318.0,105.44,82.39,81.8,81.25,84.08,29.09,50569420.11,213952201.21,42960.0
indonesia79_29,concentration2_cluster_9_group_none,300.0,318.0,108.01,83.33,82.05,85.71,82.15,25.45,56841930.12,248637068.27,43943.0
indonesia43_15,distributed,300.0,344.0,104.57,81.1,80.37,62.5,64.26,12.31,106627879.29,351041075.45,55011.0
indonesia43_15,concentration2_cluster_9_group_none,300.0,344.0,106.62,81.69,80.62,61.54,67.12,20.0,59807822.32,421836956.56,52105.0
serbia04_27,distributed,300.0,251.0,72.43,80.88,79.39,87.5,45.53,15.69,146211143.28,270646501.96,42574.0
serbia04_27,concentration2_cluster_9_group_none,300.0,251.0,71.89,80.88,79.24,87.5,40.62,15.69,120512304.09,260648008.85,42349.0
india10_17,distributed,300.0,247.0,68.05,79.76,78.74,66.67,34.52,6.0,143259003.47,441323686.2,43664.0
india10_17,concentration2_cluster_9_group_none,300.0,247.0,68.05,79.76,78.74,25.0,35.09,8.0,92683815.43,1076934715.88,43327.0
myanmar13_12,distributed,300.0,228.0,63.31,81.14,78.55,75.0,43.39,8.16,56140196.55,266494170.73,42324.0
myanmar13_12,concentration2_cluster_9_group_none,300.0,228.0,61.94,80.26,78.33,33.33,44.13,6.12,54845353.86,1060831643.51,42601.0
austria13_27,distributed,300.0,188.0,61.57,83.51,81.28,100.0,50.86,14.29,124744446.45,370411058.83,28386.0
austria13_27,concentration2_cluster_9_group_none,300.0,188.0,66.3,85.64,82.25,100.0,42.56,22.86,82980223.93,235556341.88,26550.0
indonesia80_21,distributed,300.0,344.0,99.08,80.23,79.51,60.0,51.62,7.46,131336509.18,473933417.02,58535.0
indonesia80_21,concentration2_cluster_9_group_none,300.0,344.0,99.41,80.23,79.58,63.64,54.39,16.42,53836213.71,254451889.03,55730.0
philippines30_26,distributed,300.0,290.0,89.16,81.03,80.62,20.0,56.51,9.43,139224423.98,1312875850.6,45501.0
philippines30_26,concentration2_cluster_9_group_none,300.0,290.0,93.91,82.76,81.23,87.5,55.24,15.09,84778429.24,380487922.65,43506.0
canada34_3,distributed,300.0,279.0,73.2,79.93,77.72,50.0,66.86,15.63,165989431.85,819851679.03,52974.0
canada34_3,concentration2_cluster_9_group_none,300.0,279.0,74.08,79.93,77.96,75.0,61.15,18.75,136347254.1,530706701.0,52738.0
india06_1,distributed,300.0,235.0,87.95,85.11,83.57,81.82,75.04,26.83,64716625.54,367905057.88,31383.0
india06_1,concentration2_cluster_9_group_none,300.0,235.0,89.92,85.53,83.91,75.0,76.46,29.27,59913162.61,406594147.2,31838.0
italy36_29,concentration2_cluster_9_group_none,300.0,281.0,143.3,89.68,88.71,62.5,80.8,51.61,53468885.11,404364849.12,20478.0
italy36_29,distributed,300.0,281.0,145.18,90.39,88.81,58.33,86.89,38.71,76071520.5,662381857.46,22651.0
spain07_15,distributed,300.0,364.0,131.92,84.07,83.17,55.56,61.28,15.25,114112992.62,473978265.72,49862.0
spain07_15,concentration2_cluster_9_group_none,300.0,364.0,129.88,83.79,82.93,92.31,57.09,22.03,68762698.74,315961623.24,47872.0
croatia07_12,distributed,300.0,221.0,60.94,79.19,78.9,0.0,35.36,2.27,375919685.57,724461366.79,38977.0
croatia07_12,concentration2_cluster_9_group_none,300.0,221.0,60.94,79.19,78.9,0.0,34.82,2.27,425064634.62,1195947072.79,38815.0
myanmar14_24,distributed,300.0,241.0,61.56,79.25,77.35,100.0,33.16,2.0,125346631.3,772798216.76,43993.0
myanmar14_24,concentration2_cluster_9_group_none,300.0,241.0,60.21,78.84,77.02,0.0,30.93,0.0,0.0,0.0,44750.0
myanmar03_19,distributed,300.0,240.0,95.08,85.42,84.63,50.0,22.55,16.67,47706646.48,501266484.88,29757.0
myanmar03_19,concentration2_cluster_9_group_none,300.0,240.0,95.08,85.42,84.63,33.33,26.14,8.33,107275450.06,1857830356.94,31272.0
myanmar12_27,distributed,300.0,226.0,72.13,82.74,80.95,66.67,26.03,6.82,56422107.72,308589013.46,38129.0
myanmar12_27,concentration2_cluster_9_group_none,300.0,226.0,70.64,81.86,80.75,0.0,24.59,0.0,0.0,0.0,39380.0
germany08_26,distributed,300.0,269.0,91.03,83.64,81.9,66.67,72.51,23.08,105419909.09,472699859.45,40360.0
germany08_26,concentration2_cluster_9_group_none,300.0,269.0,90.64,84.39,81.64,68.75,77.04,30.77,75873424.29,338638130.14,38841.0
germany17_20,distributed,300.0,311.0,59.14,73.95,72.84,80.0,37.52,6.33,267350463.44,467505633.49,69176.0
germany17_20,concentration2_cluster_9_group_none,300.0,311.0,59.43,74.28,72.85,55.56,37.9,11.39,146785350.89,421957151.94,66421.0
romania06_18,distributed,300.0,234.0,122.62,91.03,88.96,63.16,92.58,63.33,46252820.78,483488871.36,17753.0
romania06_18,concentration2_cluster_9_group_none,300.0,234.0,119.0,90.17,88.54,53.33,74.12,50.0,54462351.01,755384536.09,19092.0
philippines20_1,distributed,300.0,324.0,99.16,82.1,80.27,75.0,49.3,19.05,49847569.04,176942584.47,51723.0
philippines20_1,concentration2_cluster_9_group_none,300.0,324.0,104.76,83.33,81.06,90.91,45.86,17.46,47396617.04,155034868.35,50689.0
philippines22_6,distributed,300.0,329.0,66.43,74.47,73.9,100.0,24.18,2.38,243200461.79,411890448.67,74287.0
philippines22_6,concentration2_cluster_9_group_none,300.0,329.0,66.43,74.47,73.9,100.0,23.83,2.38,253788969.94,487143852.31,74230.0
philippines34_18,distributed,300.0,346.0,102.3,80.92,79.86,44.44,43.09,12.68,99211445.91,609093933.05,59963.0
philippines34_18,concentration2_cluster_9_group_none,300.0,346.0,106.78,82.66,80.3,92.31,46.57,18.31,56687242.93,256891287.98,57880.0
austria37_21,distributed,300.0,334.0,126.59,86.23,83.56,87.5,86.29,29.09,79594504.95,401205832.54,41262.0
austria37_21,concentration2_cluster_9_group_none,300.0,334.0,131.74,86.83,84.22,72.73,90.94,40.0,63689028.15,383424186.92,38211.0
america52_6,concentration2_cluster_9_group_none,300.0,375.0,124.38,82.93,81.67,81.82,50.32,16.42,125492335.38,467700162.36,55040.0
america52_6,distributed,300.0,375.0,124.44,82.93,81.68,50.0,52.66,17.91,117855739.23,635260073.22,54790.0
argeria07_9,concentration2_cluster_9_group_none,300.0,182.0,81.37,87.91,86.48,87.5,70.27,29.63,51155351.62,372495086.7,19897.0
argeria07_9,distributed,300.0,182.0,81.42,88.46,86.36,60.0,81.52,37.04,60378887.6,463179295.83,20012.0
mongolia05_16,distributed,300.0,250.0,146.11,92.4,90.84,81.82,94.1,45.83,81129134.8,495767262.32,16054.0
mongolia05_16,concentration2_cluster_9_group_none,300.0,250.0,151.45,93.6,91.3,80.0,92.92,62.5,58607831.55,482519547.35,13422.0
sapporo_19,distributed,300.0,253.0,75.3,81.42,79.87,60.0,36.31,10.0,91351734.52,433172412.67,42639.0
sapporo_19,concentration2_cluster_9_group_none,300.0,253.0,75.09,81.42,79.82,100.0,34.45,8.0,96861942.92,289994554.39,42310.0
philippines20_16,distributed,300.0,324.0,75.89,77.78,76.0,100.0,54.59,11.54,76871364.33,216859433.68,65598.0
philippines20_16,concentration2_cluster_9_group_none,300.0,324.0,79.76,78.7,76.75,76.47,52.94,21.79,36119417.71,183912078.74,62881.0
philippines34_16,distributed,300.0,346.0,85.3,78.03,76.96,41.67,47.81,15.58,46087477.78,431156495.12,63620.0
philippines34_16,concentration2_cluster_9_group_none,300.0,346.0,85.84,78.32,77.01,61.54,45.77,16.88,48980010.73,241933386.58,63052.0
china10_7,distributed,300.0,242.0,128.99,90.91,89.32,76.92,83.33,46.43,57481128.02,467398593.83,19776.0
china10_7,concentration2_cluster_9_group_none,300.0,242.0,140.39,93.39,90.48,83.33,86.32,42.86,56519285.15,395767548.86,18883.0
philippines30_7,distributed,300.0,290.0,91.16,81.72,80.89,63.64,59.52,20.0,62817456.94,323871711.36,44555.0
philippines30_7,concentration2_cluster_9_group_none,300.0,290.0,89.7,81.38,80.65,70.0,64.56,18.18,46609255.81,314932069.46,45072.0
peru17_28,distributed,300.0,334.0,225.04,94.31,93.27,53.85,89.87,54.17,62075295.49,977419278.45,16490.0
peru17_28,concentration2_cluster_9_group_none,300.0,334.0,228.52,94.91,93.45,90.91,90.79,45.83,69929556.06,767040704.01,16864.0
myanmar13_17,distributed,300.0,228.0,63.67,79.82,78.99,25.0,32.28,8.89,53281103.17,443964829.18,38465.0
myanmar13_17,concentration2_cluster_9_group_none,300.0,228.0,63.67,79.82,78.99,33.33,34.68,6.67,67832994.5,570717728.01,39264.0
new-zealand20_18,distributed,300.0,330.0,208.42,93.64,92.12,87.5,73.04,29.63,108884344.47,551415171.99,19498.0
new-zealand20_18,concentration2_cluster_9_group_none,300.0,330.0,210.85,93.94,92.29,90.0,72.99,37.04,81877266.92,524818229.74,18815.0
myanmar12_14,distributed,300.0,226.0,58.22,78.32,77.76,50.0,31.47,8.16,74284264.93,301369305.49,41661.0
myanmar12_14,concentration2_cluster_9_group_none,300.0,226.0,58.22,78.32,77.76,66.67,35.53,6.12,76000372.21,408559974.44,42121.0
america20_2,distributed,300.0,323.0,86.44,79.26,78.29,66.67,27.43,4.29,258607861.55,1099068029.35,61405.0
america20_2,concentration2_cluster_9_group_none,300.0,323.0,88.97,79.88,78.71,100.0,25.32,5.71,222763080.03,766850330.6,61098.0
bulgaria05_14,distributed,300.0,180.0,41.5,77.22,75.82,83.33,38.1,15.0,77441863.89,187386045.6,32173.0
bulgaria05_14,concentration2_cluster_9_group_none,300.0,180.0,41.5,77.22,75.82,83.33,40.25,15.0,93821037.24,228562265.73,32116.0
serbia04_16,distributed,300.0,251.0,78.58,81.27,80.92,75.0,54.13,8.89,174167695.49,529413784.3,38348.0
serbia04_16,concentration2_cluster_9_group_none,300.0,251.0,79.13,81.67,80.96,100.0,51.12,13.33,90087000.98,345996240.39,37224.0
serbia02_15,distributed,300.0,240.0,95.11,85.0,84.74,50.0,34.08,5.56,130235508.02,821338505.36,31606.0
serbia02_15,concentration2_cluster_9_group_none,300.0,240.0,95.11,85.0,84.74,50.0,36.58,5.56,164021375.05,1161756963.54,31462.0
argentina10_24,distributed,300.0,336.0,91.1,79.46,78.5,50.0,37.08,5.56,360064682.96,777096182.48,62459.0
argentina10_24,concentration2_cluster_9_group_none,300.0,336.0,90.57,79.46,78.38,42.86,37.37,9.72,179813069.4,1191278391.8,61262.0
ibaragi_10,distributed,300.0,258.0,72.51,79.46,79.21,0.0,41.24,5.66,114242085.75,0.0,46277.0
ibaragi_10,concentration2_cluster_9_group_none,300.0,258.0,72.51,79.46,79.21,50.0,44.96,7.55,73207185.85,737192007.68,46009.0
philippines20_25,distributed,300.0,324.0,92.0,80.86,79.07,78.57,60.44,20.29,54134867.14,195638916.25,54913.0
philippines20_25,concentration2_cluster_9_group_none,300.0,324.0,91.77,80.56,79.1,55.56,57.37,26.09,39958787.58,283696817.59,55002.0
hungary01_25,distributed,300.0,241.0,103.72,86.72,85.99,75.0,72.76,11.76,138264626.8,910422127.48,28944.0
hungary01_25,concentration2_cluster_9_group_none,300.0,241.0,100.92,85.89,85.63,80.0,62.57,14.71,147508919.48,493386008.85,28574.0
italy54_11,distributed,300.0,336.0,103.13,82.44,80.24,100.0,59.33,10.29,192048405.29,575016211.75,56935.0
italy54_11,concentration2_cluster_9_group_none,300.0,336.0,99.3,81.25,79.77,25.0,62.91,17.65,108740237.96,1134894686.12,56612.0
netherlands04_4,distributed,300.0,342.0,83.79,78.36,76.75,80.0,49.85,19.74,90668294.92,252768169.6,62470.0
netherlands04_4,concentration2_cluster_9_group_none,300.0,342.0,83.61,78.36,76.7,62.5,48.68,21.05,78707869.28,281661747.71,62325.0
canada33_29,distributed,300.0,237.0,81.39,83.97,82.12,100.0,50.78,9.52,275188121.81,487748967.13,36014.0
canada33_29,concentration2_cluster_9_group_none,300.0,237.0,80.32,83.54,81.95,100.0,47.08,9.52,157678688.62,587016035.72,35753.0
indonesia43_22,distributed,300.0,344.0,117.19,82.56,82.3,60.0,58.49,8.62,196429617.4,562252439.87,49829.0
indonesia43_22,concentration2_cluster_9_group_none,300.0,344.0,115.55,82.27,82.09,18.18,58.43,18.97,70101935.91,622259440.08,47165.0
burundi03_3,distributed,300.0,236.0,76.53,82.63,81.29,0.0,30.23,4.55,174137928.0,0.0,38802.0
burundi03_3,concentration2_cluster_9_group_none,300.0,236.0,76.53,82.63,81.29,33.33,30.6,6.82,128426588.81,722486483.87,38198.0
burundi03_13,distributed,300.0,236.0,54.23,77.12,75.79,100.0,36.54,1.82,384173640.08,597372114.12,49059.0
burundi03_13,concentration2_cluster_9_group_none,300.0,236.0,54.86,77.54,75.91,100.0,34.01,3.64,151773624.99,264681188.23,48500.0
greece22,distributed,300.0,348.0,110.2,81.9,81.0,50.0,60.41,9.09,223411950.97,905218355.25,57138.0
greece22,concentration2_cluster_9_group_none,300.0,348.0,110.2,81.9,81.0,66.67,59.39,9.09,181635506.05,999349786.87,57429.0
yamanashi_22,distributed,300.0,320.0,84.53,79.38,78.0,71.43,35.48,10.61,80176879.16,282796467.85,55568.0
yamanashi_22,concentration2_cluster_9_group_none,300.0,320.0,87.61,80.63,78.4,40.0,36.36,15.15,58302586.3,257185479.27,53780.0
philippines20_9,distributed,300.0,324.0,88.71,80.56,78.42,76.92,57.44,18.31,59376946.83,231321868.75,58405.0
philippines20_9,concentration2_cluster_9_group_none,300.0,324.0,92.79,82.41,78.86,84.62,58.23,18.31,48569409.29,245244999.81,58372.0
philippines22_4,distributed,300.0,329.0,74.56,77.2,75.49,0.0,25.73,1.23,344175473.8,0.0,72011.0
philippines22_4,concentration2_cluster_9_group_none,300.0,329.0,74.56,77.2,75.49,0.0,24.56,1.23,406274684.44,0.0,71993.0
germany08_4,distributed,300.0,269.0,116.51,87.73,85.88,80.0,64.93,25.0,76825617.14,431443289.24,31581.0
germany08_4,concentration2_cluster_9_group_none,300.0,269.0,118.56,88.48,86.06,66.67,72.72,30.0,71898327.6,510910981.3,30292.0
peru13_9,distributed,300.0,319.0,127.88,86.21,84.69,46.67,70.85,28.85,83151737.09,640424484.48,39682.0
peru13_9,concentration2_cluster_9_group_none,300.0,319.0,132.75,87.15,85.22,55.0,66.72,38.46,52945602.75,438677402.94,36758.0
austria08_25,distributed,300.0,220.0,64.15,82.27,79.25,90.0,46.21,22.22,98977531.3,289554361.16,35651.0
austria08_25,concentration2_cluster_9_group_none,300.0,220.0,60.57,80.0,78.67,81.82,49.48,24.44,81769042.88,306216658.94,35707.0
serbia02_2,distributed,300.0,240.0,83.6,82.92,82.66,50.0,31.79,5.13,229084903.85,1251092566.98,33772.0
serbia02_2,concentration2_cluster_9_group_none,300.0,240.0,83.6,82.92,82.66,66.67,32.24,7.69,144252710.85,607785587.83,33549.0
bolivia01_5,distributed,300.0,243.0,85.3,83.95,82.56,50.0,54.12,9.76,109380690.79,254202295.91,34291.0
bolivia01_5,concentration2_cluster_9_group_none,300.0,243.0,89.84,85.19,83.31,100.0,45.88,19.51,59590849.49,220529122.5,33051.0
germany17_25,distributed,300.0,311.0,71.65,77.17,75.82,87.5,32.66,11.27,126294391.83,514176197.29,59274.0
germany17_25,concentration2_cluster_9_group_none,300.0,311.0,71.4,77.17,75.75,50.0,33.68,11.27,63914288.49,795955002.89,59802.0
philippines34_29,distributed,300.0,346.0,100.06,80.64,79.49,42.86,59.02,10.45,128364353.48,825140312.19,57696.0
philippines34_29,concentration2_cluster_9_group_none,300.0,346.0,99.98,80.35,79.55,75.0,55.44,11.94,88114354.69,468943516.86,56243.0
romania06_12,distributed,300.0,234.0,146.76,94.44,91.81,81.25,78.13,64.0,52353650.03,417556687.22,14364.0
romania06_12,concentration2_cluster_9_group_none,300.0,234.0,145.91,93.59,91.88,90.91,85.1,44.0,79038645.83,508246445.96,16139.0
greece22_27,distributed,300.0,348.0,123.96,83.91,82.86,50.0,58.95,13.11,127563558.79,808596196.85,52043.0
greece22_27,concentration2_cluster_9_group_none,300.0,348.0,123.98,83.62,82.94,88.89,59.31,14.75,87537895.71,525173838.52,50929.0
ecuador01_10,distributed,300.0,325.0,206.56,93.54,92.27,55.56,91.06,64.29,47646518.83,631525749.92,16732.0
ecuador01_10,concentration2_cluster_9_group_none,300.0,325.0,213.15,95.08,92.57,100.0,85.91,53.57,55015965.12,400111876.06,17869.0
new-zealand20_23,distributed,300.0,330.0,159.32,89.09,87.75,83.33,79.56,28.57,83043413.44,520225567.39,32556.0
new-zealand20_23,concentration2_cluster_9_group_none,300.0,330.0,164.35,89.7,88.23,75.0,82.1,28.57,91315888.03,615926470.73,31101.0
austria08_26,concentration2_cluster_9_group_none,300.0,220.0,63.89,80.45,79.62,45.45,47.79,25.0,45362845.28,544769717.38,35373.0
austria08_26,distributed,300.0,220.0,67.1,82.27,80.15,62.5,55.67,36.36,33007508.49,369064052.67,33013.0
congo10_19,concentration2_cluster_9_group_none,300.0,335.0,115.44,83.28,82.35,100.0,33.77,1.69,266562212.58,679690848.3,52639.0
congo10_19,distributed,300.0,335.0,115.44,83.28,82.35,100.0,33.77,1.69,384928640.38,671250989.81,52597.0
indonesia63_25,distributed,300.0,340.0,95.56,79.71,79.15,33.33,42.13,4.35,209124858.3,1303126994.36,60675.0
indonesia63_25,concentration2_cluster_9_group_none,300.0,340.0,95.56,79.71,79.15,100.0,43.67,2.9,225732680.67,798850722.33,60619.0
india06_29,distributed,300.0,235.0,82.03,84.26,82.38,55.56,70.5,22.5,93514922.67,546086364.83,32197.0
india06_29,concentration2_cluster_9_group_none,300.0,235.0,88.34,86.38,83.36,92.31,66.7,32.5,61434257.98,259705079.28,30258.0
cuba02_1,distributed,300.0,244.0,66.34,80.33,78.33,60.0,44.4,19.23,83110657.86,289439362.84,42537.0
cuba02_1,concentration2_cluster_9_group_none,300.0,244.0,64.4,79.1,78.05,90.0,42.23,19.23,76538263.66,236547646.66,42069.0
chile39_12,distributed,300.0,375.0,230.57,94.93,91.31,92.0,96.86,64.1,46205155.9,345577046.34,22706.0
chile39_12,concentration2_cluster_9_group_none,300.0,375.0,221.4,92.53,91.01,90.0,97.95,51.28,58214453.67,405734604.0,26320.0
iceland06_13,distributed,300.0,209.0,112.66,91.39,89.44,81.82,86.12,44.0,76256279.86,681219566.45,16670.0
iceland06_13,concentration2_cluster_9_group_none,300.0,209.0,112.53,91.39,89.42,72.73,83.39,44.0,74877832.46,750505273.96,16808.0
myanmar13_20,distributed,300.0,228.0,53.4,77.19,76.15,33.33,38.88,5.45,75250928.22,719272561.17,47563.0
myanmar13_20,concentration2_cluster_9_group_none,300.0,228.0,53.42,77.19,76.15,25.0,39.89,7.27,58511415.26,566092471.11,47010.0
china10_1,distributed,300.0,242.0,125.53,91.32,88.69,84.62,82.58,46.43,46806870.4,354850268.41,17985.0
china10_1,concentration2_cluster_9_group_none,300.0,242.0,130.27,92.56,89.16,77.78,91.09,64.29,36821959.29,290704805.59,15691.0
peru17_26,distributed,300.0,334.0,219.77,93.71,92.93,50.0,84.84,56.0,57264541.45,1036368999.25,16058.0
peru17_26,concentration2_cluster_9_group_none,300.0,334.0,220.85,94.01,92.96,63.64,94.0,44.0,74638909.43,994020586.52,17519.0
italy54_27,distributed,300.0,336.0,112.86,83.04,81.9,66.67,66.41,20.0,124504560.15,622564322.82,48225.0
italy54_27,concentration2_cluster_9_group_none,300.0,336.0,121.95,85.42,82.88,87.5,67.22,26.67,91090347.15,383795871.91,45398.0
singapore20_8,distributed,300.0,208.0,76.54,84.62,83.35,100.0,45.56,2.94,802617736.8,1858487949.61,29937.0
singapore20_8,concentration2_cluster_9_group_none,300.0,208.0,77.39,84.62,83.57,75.0,44.18,11.76,153660327.45,725758024.12,28827.0
chile47_20,distributed,300.0,375.0,186.66,90.13,88.12,66.67,88.38,62.5,40730472.77,370905156.86,27885.0
chile47_20,concentration2_cluster_9_group_none,300.0,375.0,196.96,92.0,88.79,67.65,92.96,70.83,38393416.97,316703244.53,25271.0
austria32_3,distributed,300.0,327.0,129.94,86.54,84.43,60.87,75.28,41.07,57032278.61,329726228.2,39489.0
austria32_3,concentration2_cluster_9_group_none,300.0,327.0,122.68,85.32,83.57,73.68,75.03,33.93,68662065.04,270902764.89,40903.0
chile23_10,distributed,300.0,334.0,131.01,85.33,84.46,33.33,55.33,23.08,69503198.03,821678372.33,41650.0
chile23_10,concentration2_cluster_9_group_none,300.0,334.0,134.7,86.53,84.73,69.23,60.01,25.0,58876784.5,458868146.67,41229.0
ukraine11_23,distributed,300.0,249.0,76.8,81.53,80.56,75.0,55.14,26.09,107440652.66,413134321.93,34519.0
ukraine11_23,concentration2_cluster_9_group_none,300.0,249.0,76.53,81.53,80.49,85.71,58.44,30.43,105324151.74,264109719.49,34040.0
yamanashi_29,distributed,300.0,320.0,105.93,83.13,81.59,28.57,44.96,12.07,85709189.98,361895288.51,49515.0
yamanashi_29,concentration2_cluster_9_group_none,300.0,320.0,106.58,83.44,81.63,57.14,43.74,12.07,89231518.48,346151478.4,49590.0
philippines30_16,distributed,300.0,290.0,71.92,79.31,76.75,85.71,54.89,10.14,91882446.71,571161200.08,59504.0
philippines30_16,concentration2_cluster_9_group_none,300.0,290.0,76.16,81.03,77.46,87.5,57.31,23.19,34069404.68,215948915.24,55880.0
okayama_24,distributed,300.0,293.0,137.5,88.05,87.41,50.0,58.36,5.41,325478203.93,1131290477.14,32456.0
okayama_24,concentration2_cluster_9_group_none,300.0,293.0,137.5,88.05,87.41,66.67,60.63,8.11,184189414.87,779962194.92,31873.0
russia08_16,concentration2_cluster_9_group_none,300.0,264.0,108.65,87.88,84.83,80.0,69.29,42.55,59876013.63,337028154.37,32463.0
russia08_16,distributed,300.0,264.0,104.77,86.74,84.36,77.78,71.11,38.3,69534503.96,382347840.7,33344.0
iceland06_18,distributed,300.0,209.0,111.02,90.43,89.36,54.55,85.21,45.83,69269722.72,971667314.06,16846.0
iceland06_18,concentration2_cluster_9_group_none,300.0,209.0,114.22,90.91,89.82,90.91,79.76,45.83,70166766.24,552198808.82,16033.0
america35_8,distributed,300.0,342.0,89.06,79.24,77.74,50.0,44.32,13.16,122943082.99,593487649.53,64089.0
america35_8,concentration2_cluster_9_group_none,300.0,342.0,87.79,78.95,77.53,77.78,44.35,11.84,149632788.0,443674494.62,64105.0
italy16_18,distributed,300.0,214.0,74.73,83.64,82.53,66.67,86.75,23.08,87302265.88,417463413.55,31839.0
italy16_18,concentration2_cluster_9_group_none,300.0,214.0,78.8,85.51,83.15,90.0,83.38,25.64,79785913.55,322338096.1,29609.0
bolivia01_13,distributed,300.0,243.0,110.58,87.24,86.98,100.0,59.91,3.33,336104121.7,1205383557.6,26402.0
bolivia01_13,concentration2_cluster_9_group_none,300.0,243.0,111.58,87.65,87.07,100.0,59.01,6.67,168345090.51,728665620.05,25633.0
ishikawa_16,distributed,300.0,310.0,110.58,83.55,82.98,100.0,46.33,7.55,148071599.84,456903785.23,45622.0
ishikawa_16,concentration2_cluster_9_group_none,300.0,310.0,109.83,83.23,82.92,50.0,47.47,3.77,226456254.82,1462143485.59,46563.0
serbia04_13,distributed,300.0,251.0,96.27,85.26,84.02,71.43,65.11,17.95,105528650.41,488877219.31,31781.0
serbia04_13,concentration2_cluster_9_group_none,300.0,251.0,96.52,85.66,83.98,70.0,58.17,25.64,67215887.22,286615231.94,31016.0
italy54,concentration2_cluster_9_group_none,300.0,336.0,109.14,82.44,81.37,47.37,69.24,30.65,68892662.86,657044313.33,45850.0
italy54,distributed,300.0,336.0,111.59,83.33,81.6,66.67,61.95,29.03,77914054.29,496459839.77,46403.0
serbia04_23,distributed,300.0,251.0,82.99,82.47,81.72,66.67,53.12,12.77,114276057.03,697311562.59,39704.0
serbia04_23,concentration2_cluster_9_group_none,300.0,251.0,83.8,82.87,81.82,100.0,52.69,14.89,80306313.3,413987314.32,39271.0
indonesia63_9,concentration2_cluster_9_group_none,300.0,340.0,98.3,80.88,79.42,60.0,40.89,7.69,85024904.43,283367813.1,56352.0
indonesia63_9,distributed,300.0,340.0,99.02,81.18,79.5,20.0,41.89,7.69,83936300.23,571988141.07,56679.0
indonesia79_20,distributed,300.0,318.0,90.29,81.13,79.0,76.19,83.06,30.88,41468305.89,170590964.91,52820.0
indonesia79_20,concentration2_cluster_9_group_none,300.0,318.0,89.15,80.5,78.9,56.52,81.9,33.82,32197248.02,257929551.98,52557.0
tokyo12_13,concentration2_cluster_9_group_none,300.0,352.0,94.01,78.98,78.32,75.0,39.29,5.19,165281470.66,580110607.41,67303.0
tokyo12_13,distributed,300.0,352.0,94.19,79.26,78.28,50.0,42.23,5.19,177610898.63,888978175.88,67576.0
myanmar14,concentration2_cluster_9_group_none,300.0,241.0,86.49,83.82,83.04,0.0,26.43,2.56,242573933.32,0.0,34370.0
myanmar14,distributed,300.0,241.0,86.49,83.82,83.04,0.0,26.88,0.0,0.0,0.0,34905.0
belize01,concentration2_cluster_9_group_none,300.0,324.0,96.81,81.17,80.01,100.0,24.75,1.54,460277463.45,467454941.75,57766.0
belize01,distributed,300.0,324.0,96.81,81.17,80.01,50.0,25.12,3.08,196309135.88,375727555.8,57426.0
new-zealand02_6,concentration2_cluster_9_group_none,300.0,258.0,80.83,81.78,80.81,75.0,31.81,8.16,183178587.17,550432725.3,42078.0
new-zealand02_6,distributed,300.0,258.0,80.83,81.78,80.81,80.0,33.2,10.2,165002929.33,306987104.61,41798.0
sapporo_4,distributed,300.0,253.0,69.3,79.45,78.7,83.33,28.98,11.54,95552899.77,311646781.35,44212.0
sapporo_4,concentration2_cluster_9_group_none,300.0,253.0,70.04,79.84,78.82,100.0,26.82,5.77,170620590.71,390468001.8,44935.0
myanmar03_11,distributed,300.0,240.0,49.59,75.42,74.11,66.67,23.29,5.17,162438535.29,356985618.8,50830.0
myanmar03_11,concentration2_cluster_9_group_none,300.0,240.0,49.59,75.42,74.11,100.0,25.63,6.9,141173377.76,286501549.9,50283.0
myanmar11_23,concentration2_cluster_9_group_none,300.0,235.0,69.04,81.7,79.54,87.5,44.25,17.78,59936421.51,294713753.39,36901.0
myanmar11_23,distributed,300.0,235.0,68.22,80.85,79.51,66.67,47.98,13.33,77983184.99,371707580.37,38358.0
indonesia79_9,distributed,300.0,318.0,84.64,79.25,78.18,75.0,81.7,29.85,45974384.58,163191685.26,50666.0
indonesia79_9,concentration2_cluster_9_group_none,300.0,318.0,84.15,78.93,78.14,86.36,80.3,32.84,33393625.28,139771408.8,51414.0
chile39_6,distributed,300.0,375.0,219.74,93.87,90.58,75.86,98.52,69.05,42877827.74,372454356.02,23617.0
chile39_6,concentration2_cluster_9_group_none,300.0,375.0,219.48,92.8,90.78,75.0,99.52,57.14,50256490.07,456143278.87,25365.0
myanmar03_18,distributed,300.0,240.0,53.67,76.25,75.47,66.67,25.42,5.26,151908076.27,594088505.28,49272.0
myanmar03_18,concentration2_cluster_9_group_none,300.0,240.0,53.67,76.25,75.47,66.67,24.06,5.26,132709834.0,628481876.91,49254.0
america35_5,distributed,300.0,342.0,104.4,81.58,80.34,81.82,35.44,15.49,89851630.97,336351038.13,57648.0
america35_5,concentration2_cluster_9_group_none,300.0,342.0,103.14,81.58,80.1,85.71,35.29,19.72,58883987.56,332352101.18,57273.0
mongolia05_14,concentration2_cluster_9_group_none,300.0,250.0,164.12,94.4,92.73,100.0,79.77,52.17,69299984.2,530113634.11,13739.0
mongolia05_14,distributed,300.0,250.0,162.8,94.4,92.57,92.86,77.82,60.87,50650452.93,480381195.32,13200.0
ejypt04_2,distributed,300.0,250.0,61.76,78.4,76.9,75.0,67.66,13.79,103835155.78,401907535.94,48896.0
ejypt04_2,concentration2_cluster_9_group_none,300.0,250.0,64.68,79.2,77.62,78.57,68.81,24.14,54091229.02,272752059.67,45746.0
turkey13_21,concentration2_cluster_9_group_none,300.0,254.0,151.15,92.52,91.17,100.0,63.89,20.83,98628038.81,645179460.18,18307.0
turkey13_21,distributed,300.0,254.0,154.15,92.91,91.48,100.0,58.47,16.67,113569804.76,656022437.2,19109.0
china10,distributed,300.0,242.0,176.62,96.28,94.46,71.43,85.74,46.67,68475951.36,838199173.63,10682.0
china10,concentration2_cluster_9_group_none,300.0,242.0,190.1,97.11,95.76,87.5,78.53,53.33,64250395.22,627841198.37,8593.0
chile47_29,concentration2_cluster_9_group_none,300.0,375.0,259.79,96.0,93.48,85.71,89.26,67.74,40494924.57,387186935.15,16987.0
chile47_29,distributed,300.0,375.0,249.07,95.2,92.8,83.33,96.05,58.06,42087445.42,402136778.55,19762.0
america03_9,distributed,300.0,334.0,117.92,83.53,82.78,72.73,50.34,19.3,105346525.7,397726855.46,45985.0
america03_9,concentration2_cluster_9_group_none,300.0,334.0,117.87,83.83,82.7,84.62,53.37,22.81,70786410.93,284587184.41,45104.0
bulgaria05_21,distributed,300.0,180.0,52.97,80.0,80.0,50.0,30.59,6.06,151134313.46,679770195.4,29149.0
bulgaria05_21,concentration2_cluster_9_group_none,300.0,180.0,52.97,80.0,80.0,100.0,28.52,3.03,263770231.52,796271417.38,29207.0
italy54_15,distributed,300.0,336.0,125.25,84.82,83.56,70.0,60.32,18.18,109413816.1,693810070.5,44274.0
italy54_15,concentration2_cluster_9_group_none,300.0,336.0,125.16,84.82,83.54,70.59,63.25,30.91,57553442.91,461350967.6,41903.0
romania06_26,distributed,300.0,234.0,151.47,94.44,92.44,75.0,91.54,57.14,61976519.65,584528154.57,12849.0
romania06_26,concentration2_cluster_9_group_none,300.0,234.0,154.16,94.87,92.71,53.85,98.47,61.9,57843041.33,833393629.41,12323.0
bulgaria05_20,distributed,300.0,180.0,51.72,81.67,79.11,71.43,38.19,19.44,72247114.78,312763003.12,28727.0
bulgaria05_20,concentration2_cluster_9_group_none,300.0,180.0,50.54,80.56,78.92,60.0,37.72,13.89,75050734.92,546394646.63,29401.0
america20_3,distributed,300.0,323.0,88.99,79.57,78.79,50.0,23.33,9.23,182942584.29,1037088444.2,55499.0
america20_3,concentration2_cluster_9_group_none,300.0,323.0,89.57,79.88,78.84,40.0,23.47,7.69,190307956.2,1591509622.95,55935.0
venezuela02_15,distributed,300.0,295.0,209.7,94.92,94.22,87.5,67.37,42.11,82178048.9,875774380.97,12806.0
venezuela02_15,concentration2_cluster_9_group_none,300.0,295.0,214.95,95.93,94.5,90.0,71.19,52.63,60729263.38,691653618.59,11994.0
netherlands04_8,distributed,300.0,342.0,100.27,80.7,79.75,57.14,38.2,10.45,187213162.89,867246777.91,57108.0
netherlands04_8,concentration2_cluster_9_group_none,300.0,342.0,99.53,80.41,79.67,16.67,37.76,8.96,239855574.0,3764736294.64,56644.0
myanmar13_25,distributed,300.0,228.0,66.34,80.7,79.6,0.0,46.76,4.55,107674882.99,0.0,38592.0
myanmar13_25,concentration2_cluster_9_group_none,300.0,228.0,67.01,81.14,79.69,33.33,46.44,6.82,103847087.8,1422141896.03,38594.0
myanmar13_22,distributed,300.0,228.0,57.05,78.07,77.24,0.0,39.01,2.08,148812387.31,640825945.53,42347.0
myanmar13_22,concentration2_cluster_9_group_none,300.0,228.0,57.05,78.07,77.24,0.0,41.75,2.08,223262138.37,967319234.57,42338.0
ukraine11_1,distributed,300.0,249.0,70.28,82.33,78.59,93.75,58.44,26.67,96101579.0,259336269.23,45188.0
ukraine11_1,concentration2_cluster_9_group_none,300.0,249.0,68.17,81.12,78.27,73.68,63.74,31.67,77216646.2,287957026.48,44336.0
myanmar13_23,distributed,300.0,228.0,74.01,82.46,81.35,50.0,33.59,4.55,59462471.16,609114799.86,38235.0
myanmar13_23,concentration2_cluster_9_group_none,300.0,228.0,74.01,82.46,81.35,0.0,34.68,4.55,88760488.62,0.0,37944.0
congo10_6,distributed,300.0,335.0,127.39,85.37,83.83,60.0,37.53,8.77,85050777.22,929213823.15,48388.0
congo10_6,concentration2_cluster_9_group_none,300.0,335.0,126.47,85.37,83.68,100.0,35.68,5.26,116769795.15,562579703.41,49302.0
bolivia01_7,distributed,300.0,243.0,72.8,81.07,80.09,100.0,52.26,4.0,237029727.33,539795566.83,43857.0
bolivia01_7,concentration2_cluster_9_group_none,300.0,243.0,72.88,81.07,80.11,100.0,54.17,6.0,153512222.08,335594274.43,43166.0
austria13_1,distributed,300.0,188.0,48.8,79.79,77.54,85.71,54.33,16.28,76214564.55,318766673.52,34794.0
austria13_1,concentration2_cluster_9_group_none,300.0,188.0,48.26,79.26,77.45,100.0,52.88,9.3,147232927.67,366373664.32,36342.0
china41_6,distributed,300.0,241.0,154.18,93.78,92.35,77.78,74.31,45.0,51743850.08,629864548.5,13364.0
china41_6,concentration2_cluster_9_group_none,300.0,241.0,153.84,92.95,92.49,42.86,50.23,35.0,66162590.36,955602627.63,14155.0
ukraine01_27,distributed,300.0,284.0,93.48,83.1,81.48,77.78,75.54,17.65,138555584.43,485041283.45,41571.0
ukraine01_27,concentration2_cluster_9_group_none,300.0,284.0,91.57,82.75,81.15,63.64,69.48,21.57,111571141.17,756910589.65,41584.0
argeria01,distributed,300.0,235.0,117.04,88.94,88.4,36.36,77.55,40.74,59933067.99,947470425.27,20074.0
argeria01,concentration2_cluster_9_group_none,300.0,235.0,117.04,88.94,88.4,54.55,68.4,40.74,59500730.4,613499791.68,20887.0
eritrea02_10,distributed,300.0,195.0,114.99,91.79,91.15,50.0,80.97,37.5,63845311.24,716861538.34,11623.0
eritrea02_10,concentration2_cluster_9_group_none,300.0,195.0,115.67,92.31,91.16,100.0,69.83,25.0,86742096.88,315569031.63,12102.0
philippines30_23,distributed,300.0,290.0,101.83,83.79,82.61,85.71,57.1,14.29,93586609.61,381463686.72,40647.0
philippines30_23,concentration2_cluster_9_group_none,300.0,290.0,105.99,85.17,83.08,90.0,56.33,20.41,51189760.8,202407667.54,39102.0
peru17_7,distributed,300.0,334.0,208.4,94.31,91.74,65.22,95.43,71.88,46364723.62,482480112.56,17250.0
peru17_7,concentration2_cluster_9_group_none,300.0,334.0,195.41,92.22,90.9,80.0,93.03,31.25,109022730.53,937954707.99,23704.0
indonesia80_22,distributed,300.0,344.0,135.84,85.17,84.63,100.0,50.68,1.96,429400776.39,1287020174.98,45266.0
indonesia80_22,concentration2_cluster_9_group_none,300.0,344.0,136.56,85.47,84.66,100.0,45.45,3.92,200874253.81,968800511.54,45034.0
eritrea02_13,distributed,300.0,195.0,95.91,89.23,88.09,100.0,88.16,21.74,87575476.66,430006633.52,17970.0
eritrea02_13,concentration2_cluster_9_group_none,300.0,195.0,92.41,87.69,87.69,66.67,77.73,26.09,75522334.06,713312030.42,17093.0
germany17_26,distributed,300.0,311.0,67.32,76.21,74.83,60.0,38.92,6.33,150514734.71,628459328.84,68459.0
germany17_26,concentration2_cluster_9_group_none,300.0,311.0,66.68,75.88,74.72,60.0,37.6,6.33,99534128.99,686091902.12,68828.0
tokyo03_5,distributed,300.0,237.0,85.25,84.39,82.95,75.0,37.46,10.81,68981988.91,341299033.85,31608.0
tokyo03_5,concentration2_cluster_9_group_none,300.0,237.0,84.87,84.39,82.86,50.0,33.54,10.81,53593645.84,464429361.54,31806.0
cuba02_4,distributed,300.0,244.0,77.81,82.38,81.02,75.0,34.68,8.51,167572263.37,367943003.74,40093.0
cuba02_4,concentration2_cluster_9_group_none,300.0,244.0,76.27,81.97,80.72,100.0,32.72,6.38,235647257.15,335680138.4,40412.0
spain07_18,distributed,300.0,364.0,124.07,83.24,82.14,77.78,62.55,13.64,109754658.64,513868365.41,55353.0
spain07_18,concentration2_cluster_9_group_none,300.0,364.0,124.73,83.79,82.12,90.91,56.06,16.67,86102116.39,360678468.5,54172.0
belgium04_23,distributed,300.0,326.0,85.91,79.45,77.93,71.43,32.74,9.59,103897339.55,406095777.15,61857.0
belgium04_23,concentration2_cluster_9_group_none,300.0,326.0,85.96,79.45,77.94,100.0,32.66,9.59,76495287.53,267141416.24,61641.0
canada33_21,concentration2_cluster_9_group_none,300.0,237.0,85.33,84.81,82.86,80.0,47.02,23.26,106655108.6,499286413.43,33795.0
canada33_21,distributed,300.0,237.0,87.86,85.65,83.25,63.64,48.32,25.58,91241849.76,588772934.38,33869.0
germany08_11,distributed,300.0,269.0,127.55,89.96,87.19,71.43,65.84,35.9,72524005.8,441981529.88,27997.0
germany08_11,concentration2_cluster_9_group_none,300.0,269.0,115.11,86.99,85.81,53.85,59.28,33.33,68015971.97,518923094.12,29006.0
chile47_3,distributed,300.0,375.0,242.0,93.6,92.56,76.92,82.85,44.83,74217897.68,592100184.19,19867.0
chile47_3,concentration2_cluster_9_group_none,300.0,375.0,245.58,94.4,92.69,94.44,87.41,62.07,58183106.95,396402844.25,16643.0
indonesia80_24,concentration2_cluster_9_group_none,300.0,344.0,119.77,83.14,82.59,77.78,51.03,15.52,63449858.92,378739538.08,48928.0
indonesia80_24,distributed,300.0,344.0,121.19,83.43,82.76,50.0,51.11,13.79,86744491.1,656142027.04,49472.0
belize01_2,distributed,300.0,324.0,121.88,84.26,83.87,0.0,28.45,2.04,189975355.53,0.0,43263.0
belize01_2,concentration2_cluster_9_group_none,300.0,324.0,121.88,84.26,83.87,100.0,28.1,2.04,166561506.64,2095571446.45,43125.0
ecuador01_7,distributed,300.0,325.0,166.7,90.46,88.65,76.47,93.68,38.64,63966348.99,506967371.29,30900.0
ecuador01_7,concentration2_cluster_9_group_none,300.0,325.0,165.65,90.46,88.53,65.0,96.27,45.45,54708956.81,574961112.48,30651.0
china10_5,distributed,300.0,242.0,110.14,88.43,86.71,66.67,70.28,33.33,74605995.41,435388520.34,26439.0
china10_5,concentration2_cluster_9_group_none,300.0,242.0,108.12,88.02,86.44,61.11,91.31,50.0,55552991.15,405235492.87,23070.0
burundi03_29,distributed,300.0,236.0,99.51,86.44,85.64,100.0,27.03,9.09,76611368.86,349310403.82,27555.0
burundi03_29,concentration2_cluster_9_group_none,300.0,236.0,99.51,86.44,85.64,100.0,26.45,6.06,120851370.39,511161817.34,28189.0
burundi03_20,distributed,300.0,236.0,74.56,81.78,80.98,66.67,25.41,7.14,100518091.02,245393751.36,36504.0
burundi03_20,concentration2_cluster_9_group_none,300.0,236.0,74.56,81.78,80.98,100.0,24.74,4.76,142014460.36,232093015.99,36505.0
myanmar15_19,distributed,300.0,255.0,90.03,84.31,82.59,100.0,32.22,4.55,128245091.26,500526847.24,38769.0
myanmar15_19,concentration2_cluster_9_group_none,300.0,255.0,90.03,84.31,82.59,66.67,33.84,13.64,51254381.28,368491799.07,37886.0
myanmar11_29,distributed,300.0,235.0,74.14,83.4,80.56,75.0,50.23,25.53,47076647.97,277808827.54,37406.0
myanmar11_29,concentration2_cluster_9_group_none,300.0,235.0,75.1,83.4,80.81,72.73,46.3,23.4,52147719.72,333506164.74,37083.0
china10_15,distributed,300.0,242.0,112.38,88.84,87.03,76.47,78.55,44.74,52764312.25,337925209.68,25452.0
china10_15,concentration2_cluster_9_group_none,300.0,242.0,117.69,90.5,87.58,77.27,83.34,57.89,40053688.44,270821958.24,22489.0
hungary01_28,distributed,300.0,241.0,68.53,80.91,79.09,62.5,60.92,15.09,93443228.45,329670602.02,44667.0
hungary01_28,concentration2_cluster_9_group_none,300.0,241.0,69.51,81.33,79.27,100.0,51.66,11.32,115285801.5,273291489.83,44576.0
austria37_15,distributed,300.0,334.0,126.55,86.23,83.55,76.47,79.47,30.36,85458297.6,452165644.15,42897.0
austria37_15,concentration2_cluster_9_group_none,300.0,334.0,123.73,85.03,83.38,80.0,84.62,26.79,97599180.69,515204505.34,43130.0
cuba02_15,distributed,300.0,244.0,68.05,79.51,79.05,71.43,40.66,14.29,101278672.92,246897947.18,40968.0
cuba02_15,concentration2_cluster_9_group_none,300.0,244.0,67.87,79.51,78.99,33.33,40.82,18.37,67804290.19,526953552.96,39718.0
austria37_12,distributed,300.0,334.0,138.73,86.83,85.25,50.0,92.94,37.74,84783656.89,600687642.65,38391.0
austria37_12,concentration2_cluster_9_group_none,300.0,334.0,139.81,87.13,85.34,50.0,91.23,41.51,73728831.57,509837365.76,37672.0
argeria07_21,distributed,300.0,182.0,88.66,90.11,87.7,76.92,85.3,52.0,44592815.67,289903033.75,15711.0
argeria07_21,concentration2_cluster_9_group_none,300.0,182.0,88.33,90.11,87.63,90.91,78.07,44.0,41581125.85,172350764.48,15974.0
chile47_4,distributed,300.0,375.0,191.55,90.13,88.64,73.68,92.28,40.43,75539437.59,572852628.77,33415.0
chile47_4,concentration2_cluster_9_group_none,300.0,375.0,196.84,91.73,88.84,83.33,93.44,51.06,53633363.18,384168204.99,30182.0
indonesia43_27,distributed,300.0,344.0,123.3,84.3,82.89,69.23,59.91,22.81,58157069.25,272832724.12,45287.0
indonesia43_27,concentration2_cluster_9_group_none,300.0,344.0,121.86,83.72,82.8,44.44,58.32,31.58,41399896.09,251131142.26,42258.0
america04_22,distributed,300.0,290.0,88.21,82.07,80.15,75.0,42.3,13.56,145728564.51,450385353.09,49800.0
america04_22,concentration2_cluster_9_group_none,300.0,290.0,87.0,81.72,79.96,62.5,42.41,13.56,124949822.89,810664572.54,49749.0
tokyo21_18,distributed,300.0,293.0,92.09,81.57,80.93,0.0,33.85,0.0,0.0,0.0,49225.0
tokyo21_18,concentration2_cluster_9_group_none,300.0,293.0,92.58,81.91,80.95,50.0,34.66,3.64,191450749.48,1032882119.13,48293.0
america20_24,concentration2_cluster_9_group_none,300.0,323.0,91.61,80.19,79.21,100.0,27.38,8.06,164041983.17,403046209.67,52977.0
america20_24,distributed,300.0,323.0,91.61,80.19,79.21,33.33,27.98,9.68,146262107.5,853362685.16,53006.0
indonesia80_17,distributed,300.0,344.0,114.48,82.56,81.83,66.67,49.82,10.17,95700065.59,395483860.91,50504.0
indonesia80_17,concentration2_cluster_9_group_none,300.0,344.0,114.48,82.56,81.83,14.29,49.34,11.86,77509034.37,440022137.3,49858.0
germany08_17,distributed,300.0,269.0,102.79,86.62,83.63,78.57,68.07,30.43,56917108.67,314278385.09,34271.0
germany08_17,concentration2_cluster_9_group_none,300.0,269.0,100.99,85.13,83.63,71.43,61.66,30.43,58555689.99,509936319.52,35372.0
bulgaria06_1,distributed,300.0,241.0,66.7,79.67,78.85,83.33,74.62,24.49,62264498.36,228871945.78,38047.0
bulgaria06_1,concentration2_cluster_9_group_none,300.0,241.0,67.09,80.08,78.87,78.57,74.98,28.57,49281305.98,204961435.06,38048.0
hungary01_12,distributed,300.0,241.0,86.45,84.23,82.93,100.0,60.53,14.63,111344918.02,308871556.31,33884.0
hungary01_12,concentration2_cluster_9_group_none,300.0,241.0,87.86,84.65,83.15,33.33,51.73,14.63,88370024.06,888696413.13,34184.0
greece22_28,distributed,300.0,348.0,140.49,85.92,84.89,50.0,47.73,15.38,124268713.48,795610179.79,42491.0
greece22_28,concentration2_cluster_9_group_none,300.0,348.0,139.98,85.63,84.89,57.14,47.9,13.46,133852982.75,781581115.46,43389.0
italy36_22,distributed,300.0,281.0,109.56,86.12,84.15,41.18,92.01,38.64,76432646.53,722671253.95,31449.0
italy36_22,concentration2_cluster_9_group_none,300.0,281.0,102.99,84.34,83.33,27.27,87.47,50.0,55641108.71,619392589.58,29623.0
america35_14,distributed,300.0,342.0,103.21,81.29,80.18,66.67,42.46,4.48,299656852.18,987263389.84,59140.0
america35_14,concentration2_cluster_9_group_none,300.0,342.0,105.15,81.87,80.41,66.67,43.04,8.96,152063418.97,705194049.74,57574.0
germany08_6,distributed,300.0,269.0,131.21,88.85,88.01,75.0,73.66,25.0,114027260.83,703809677.91,25125.0
germany08_6,concentration2_cluster_9_group_none,300.0,269.0,128.57,88.48,87.68,72.73,75.93,34.38,80126686.62,592245260.73,24486.0
ishikawa_8,distributed,300.0,310.0,125.63,85.81,85.0,60.0,41.79,11.36,83854980.97,550651467.2,36510.0
ishikawa_8,concentration2_cluster_9_group_none,300.0,310.0,125.63,85.81,85.0,60.0,40.23,11.36,99609152.4,606464581.08,36489.0
greece22_9,distributed,300.0,348.0,139.78,85.92,84.79,33.33,48.0,16.98,103660045.61,574217791.13,43364.0
greece22_9,concentration2_cluster_9_group_none,300.0,348.0,134.08,84.77,84.23,75.0,45.05,15.09,117716256.67,612721912.61,44337.0
ibaragi_26,distributed,300.0,258.0,67.41,78.68,77.95,66.67,40.53,5.17,136807529.48,559406746.66,50986.0
ibaragi_26,concentration2_cluster_9_group_none,300.0,258.0,67.41,78.68,77.95,100.0,38.42,1.72,349083846.33,1435007412.31,51279.0
china10_16,distributed,300.0,242.0,127.16,90.08,89.22,63.64,67.04,39.29,75355011.65,602953581.18,20423.0
china10_16,concentration2_cluster_9_group_none,300.0,242.0,129.96,90.91,89.47,88.89,71.26,32.14,85335270.78,537689698.67,21457.0
bulgaria06_29,distributed,300.0,241.0,76.54,83.82,80.59,73.33,67.52,29.41,70956544.88,354427473.85,37980.0
bulgaria06_29,concentration2_cluster_9_group_none,300.0,241.0,76.35,83.82,80.54,73.33,63.02,29.41,63022320.49,368520136.46,38313.0
belize01_23,distributed,300.0,324.0,102.56,81.79,81.01,0.0,29.16,5.0,101843694.45,0.0,52269.0
belize01_23,concentration2_cluster_9_group_none,300.0,324.0,102.56,81.79,81.01,0.0,29.06,5.0,99089695.45,0.0,52518.0
slovenia06_16,distributed,300.0,320.0,137.88,86.56,86.05,85.71,52.9,15.56,95157749.72,660161496.65,36539.0
slovenia06_16,concentration2_cluster_9_group_none,300.0,320.0,141.44,87.5,86.34,69.23,55.69,28.89,46060975.45,445591487.51,33992.0
india13_6,distributed,300.0,243.0,98.69,85.19,85.19,100.0,50.6,18.18,85624789.58,360872575.25,26334.0
india13_6,concentration2_cluster_9_group_none,300.0,243.0,98.69,85.19,85.19,80.0,53.18,15.15,95436879.35,675536514.25,27121.0
india13_27,distributed,300.0,243.0,109.17,87.24,86.73,100.0,46.46,12.5,127559096.04,484063713.9,26443.0
india13_27,concentration2_cluster_9_group_none,300.0,243.0,109.17,87.24,86.73,100.0,43.81,9.38,168903100.42,527983848.23,27212.0
china19_19,distributed,300.0,276.0,175.01,93.84,92.16,66.67,98.78,60.0,52989917.43,643465046.89,14959.0
china19_19,concentration2_cluster_9_group_none,300.0,276.0,175.81,95.29,91.95,93.33,92.87,60.0,52196313.44,420056289.64,15412.0
india13_8,distributed,300.0,243.0,102.44,86.42,85.64,100.0,58.83,15.63,123284261.2,487931096.37,26625.0
india13_8,concentration2_cluster_9_group_none,300.0,243.0,102.44,86.42,85.64,71.43,57.03,21.88,85470334.73,640623718.79,25657.0
nara01_20,distributed,300.0,319.0,104.09,82.13,81.54,0.0,30.11,3.51,134125561.14,0.0,50380.0
nara01_20,concentration2_cluster_9_group_none,300.0,319.0,104.09,82.13,81.54,50.0,30.81,3.51,122443548.52,1550029874.91,50236.0
chile01_5,distributed,300.0,375.0,152.96,86.4,84.99,58.33,76.26,21.05,108248103.45,616347691.62,45765.0
chile01_5,concentration2_cluster_9_group_none,300.0,375.0,153.68,85.87,85.21,76.92,66.58,22.81,92906444.73,475254217.42,43913.0
myanmar14_17,distributed,300.0,241.0,76.04,81.74,80.96,33.33,24.56,6.82,107571816.59,755113092.23,38291.0
myanmar14_17,concentration2_cluster_9_group_none,300.0,241.0,76.04,81.74,80.96,0.0,23.64,0.0,0.0,0.0,39380.0
chile39_13,distributed,300.0,375.0,222.79,93.33,90.97,61.54,97.5,63.41,45957027.61,479384002.2,23316.0
chile39_13,concentration2_cluster_9_group_none,300.0,375.0,232.26,94.93,91.46,72.41,100.0,70.73,39641762.01,398600094.84,21525.0
peru24_4,distributed,300.0,326.0,204.45,94.17,91.87,64.71,98.12,60.71,45784117.0,558685297.41,16301.0
peru24_4,concentration2_cluster_9_group_none,300.0,326.0,209.8,95.09,92.19,93.75,74.64,57.14,46218182.28,437915012.12,16290.0
belize01_19,concentration2_cluster_9_group_none,300.0,324.0,75.27,76.54,76.15,0.0,26.02,0.0,0.0,0.0,68020.0
belize01_19,distributed,300.0,324.0,75.27,76.54,76.15,0.0,26.95,2.63,214845421.21,0.0,66779.0
ibaragi_23,distributed,300.0,258.0,93.37,84.11,83.13,100.0,41.12,9.09,110980302.97,246091140.13,37774.0
ibaragi_23,concentration2_cluster_9_group_none,300.0,258.0,95.22,84.88,83.34,83.33,42.6,13.64,59163291.37,346507034.84,36785.0
belize01_17,distributed,300.0,324.0,109.72,82.41,82.21,0.0,23.2,1.82,241110349.66,0.0,48801.0
belize01_17,concentration2_cluster_9_group_none,300.0,324.0,109.72,82.41,82.21,75.0,23.12,7.27,58786263.57,484017855.22,47403.0
myanmar13_11,distributed,300.0,228.0,84.82,84.21,83.66,0.0,46.23,2.7,157982923.31,0.0,32766.0
myanmar13_11,concentration2_cluster_9_group_none,300.0,228.0,84.82,84.21,83.66,0.0,47.06,2.7,139185201.62,527094855.83,32601.0
cuba02,distributed,300.0,244.0,82.09,83.2,81.89,66.67,37.8,14.29,71266523.98,279135538.92,35136.0
cuba02,concentration2_cluster_9_group_none,300.0,244.0,83.74,83.61,82.19,50.0,38.7,19.05,70037208.68,449047788.71,34318.0
indonesia43_23,distributed,300.0,344.0,116.87,82.85,82.17,72.73,69.28,18.03,81098089.11,379317819.79,50075.0
indonesia43_23,concentration2_cluster_9_group_none,300.0,344.0,117.2,83.14,82.16,80.0,68.67,16.39,81756215.29,454049658.97,50151.0
myanmar14_12,concentration2_cluster_9_group_none,300.0,241.0,65.94,79.25,78.73,100.0,28.56,4.0,148142305.68,358040716.07,43995.0
myanmar14_12,distributed,300.0,241.0,65.94,79.25,78.73,0.0,27.91,2.0,326790731.51,0.0,44464.0
bolivia01_22,concentration2_cluster_9_group_none,300.0,243.0,85.24,83.54,82.65,40.0,55.08,11.36,76574576.48,541194227.81,37155.0
bolivia01_22,distributed,300.0,243.0,84.81,83.54,82.54,100.0,55.01,4.55,165036935.66,385162057.01,38256.0
india10,distributed,300.0,247.0,78.2,81.78,81.02,100.0,38.45,2.13,311456693.41,864225017.85,41338.0
india10,concentration2_cluster_9_group_none,300.0,247.0,78.2,81.78,81.02,80.0,36.74,10.64,68403744.67,243435386.18,40059.0
philippines30_29,distributed,300.0,290.0,62.68,76.55,74.71,80.0,54.39,14.08,83972395.96,300086346.08,59755.0
philippines30_29,concentration2_cluster_9_group_none,300.0,290.0,61.65,75.86,74.56,81.82,54.83,15.49,59471974.39,210744431.25,58506.0
myanmar12_18,distributed,300.0,226.0,56.62,78.32,77.21,0.0,34.5,0.0,0.0,0.0,45645.0
myanmar12_18,concentration2_cluster_9_group_none,300.0,226.0,56.62,78.32,77.21,0.0,32.45,0.0,0.0,0.0,45645.0
canada33_6,distributed,300.0,237.0,84.67,83.97,82.91,80.0,53.35,12.5,168770798.8,464323466.7,33542.0
canada33_6,concentration2_cluster_9_group_none,300.0,237.0,85.1,83.97,83.01,85.71,52.78,17.5,118819993.01,479324583.87,32754.0
indonesia63_16,distributed,300.0,340.0,89.43,79.12,77.97,40.0,37.49,6.85,120252311.08,517932876.55,63857.0
indonesia63_16,concentration2_cluster_9_group_none,300.0,340.0,88.76,78.82,77.9,42.86,37.69,9.59,80988786.26,583264550.08,63165.0
india13_14,distributed,300.0,243.0,128.66,89.71,89.45,100.0,52.59,8.0,250712637.78,618738561.88,21482.0
india13_14,concentration2_cluster_9_group_none,300.0,243.0,128.66,89.71,89.45,100.0,51.3,4.0,325410031.17,1614527306.4,21738.0
ishikawa_17,distributed,300.0,310.0,90.76,80.32,79.82,66.67,36.23,10.17,126178202.71,337225860.61,49943.0
ishikawa_17,concentration2_cluster_9_group_none,300.0,310.0,90.86,80.32,79.84,50.0,37.74,6.78,168372903.12,1005336167.17,51352.0
chile03_6,distributed,300.0,319.0,101.69,82.45,81.0,90.0,47.48,15.63,102124899.36,557878591.38,51660.0
chile03_6,concentration2_cluster_9_group_none,300.0,319.0,99.41,82.45,80.54,87.5,45.92,12.5,125423705.05,638633531.83,53315.0
bulgaria05,distributed,300.0,180.0,75.01,86.11,85.48,100.0,38.19,4.35,225677553.33,677263366.59,20122.0
bulgaria05,concentration2_cluster_9_group_none,300.0,180.0,75.81,86.11,85.7,33.33,35.9,13.04,87258106.31,549009528.03,19496.0
myanmar11_8,distributed,300.0,235.0,76.8,82.98,81.37,75.0,48.44,17.78,77352042.51,305450659.72,37267.0
myanmar11_8,concentration2_cluster_9_group_none,300.0,235.0,74.74,82.13,81.03,85.71,46.28,15.56,93451368.51,285885472.71,37622.0
chile21_29,distributed,300.0,147.0,56.8,87.76,83.59,64.29,86.23,48.28,43461856.36,209631117.89,18150.0
chile21_29,concentration2_cluster_9_group_none,300.0,147.0,54.5,87.07,82.92,80.0,87.8,51.72,46182737.45,157768573.43,18872.0
romania06_23,distributed,300.0,234.0,134.59,92.31,90.54,60.0,89.15,40.0,65855512.95,864210957.38,17838.0
romania06_23,concentration2_cluster_9_group_none,300.0,234.0,136.83,91.88,90.96,100.0,83.67,32.0,107063217.18,594272942.48,17882.0
china10_2,distributed,300.0,242.0,149.8,94.21,91.6,85.71,81.13,56.0,48990127.82,386840854.73,16223.0
china10_2,concentration2_cluster_9_group_none,300.0,242.0,156.9,94.63,92.44,100.0,63.72,52.0,32870415.92,365460899.61,15126.0
austria22_24,distributed,300.0,315.0,76.27,77.78,76.66,71.43,55.27,9.59,162448159.98,513493669.17,61965.0
austria22_24,concentration2_cluster_9_group_none,300.0,315.0,76.68,78.1,76.69,41.67,63.64,16.44,92682455.15,642129137.24,60838.0
america04_16,distributed,300.0,290.0,112.09,85.52,84.12,85.71,49.52,15.22,122530239.64,420216465.56,38520.0
america04_16,concentration2_cluster_9_group_none,300.0,290.0,112.22,85.52,84.14,88.89,47.83,19.57,92269796.04,433093657.3,36559.0
eritrea02_9,distributed,300.0,195.0,92.27,88.72,87.43,100.0,75.57,30.77,53271106.12,284425984.37,19167.0
eritrea02_9,concentration2_cluster_9_group_none,300.0,195.0,92.27,88.72,87.43,88.89,77.12,34.62,58046873.23,326869256.83,18491.0
austria08_29,distributed,300.0,220.0,66.41,82.27,79.95,57.14,45.54,15.91,132978452.66,541223844.83,37093.0
austria08_29,concentration2_cluster_9_group_none,300.0,220.0,66.75,81.82,80.16,66.67,43.54,13.64,158175432.74,513468329.45,37148.0
chile03_16,distributed,300.0,319.0,134.45,86.52,85.62,100.0,47.91,19.15,103263801.23,458430190.13,38480.0
chile03_16,concentration2_cluster_9_group_none,300.0,319.0,132.68,85.89,85.5,90.91,46.6,23.4,84753169.94,436487093.51,36048.0
myanmar11_7,distributed,300.0,235.0,72.89,82.13,80.53,92.31,55.32,27.66,59244790.14,163018088.73,36592.0
myanmar11_7,concentration2_cluster_9_group_none,300.0,235.0,76.7,83.4,81.24,87.5,61.01,17.02,92662914.83,385692687.92,39132.0
myanmar11_28,distributed,300.0,235.0,75.01,82.13,81.1,66.67,52.54,26.67,84216254.36,344282084.4,35688.0
myanmar11_28,concentration2_cluster_9_group_none,300.0,235.0,74.87,82.13,81.06,70.0,54.62,22.22,87237952.47,368887913.79,36368.0
peru13_12,concentration2_cluster_9_group_none,300.0,319.0,130.38,86.52,85.0,83.33,60.36,24.49,93211314.36,474367615.14,37459.0
peru13_12,distributed,300.0,319.0,126.82,85.58,84.67,75.0,64.07,24.49,96023758.47,487243034.27,38980.0
america04_2,distributed,300.0,290.0,80.43,80.34,78.73,57.14,39.74,11.86,166969117.51,600325410.6,50410.0
america04_2,concentration2_cluster_9_group_none,300.0,290.0,83.93,81.38,79.32,77.78,39.82,15.25,104999846.71,408163587.78,48407.0
peru17_10,distributed,300.0,334.0,197.27,92.22,91.09,58.33,94.91,40.0,79402095.04,1015244441.33,21789.0
peru17_10,concentration2_cluster_9_group_none,300.0,334.0,194.94,91.92,90.92,80.0,93.47,33.33,101746625.95,1027711510.94,22334.0
china19_11,distributed,300.0,276.0,158.42,92.75,90.4,53.33,90.67,51.72,68319575.23,631120853.71,19835.0
china19_11,concentration2_cluster_9_group_none,300.0,276.0,160.28,92.75,90.63,71.43,95.93,48.28,74477522.6,552674500.47,19788.0
turkey18_12,distributed,300.0,253.0,89.0,84.58,82.45,66.67,66.42,27.27,71532205.22,417709815.23,33629.0
turkey18_12,concentration2_cluster_9_group_none,300.0,253.0,92.03,85.38,82.94,81.82,69.67,25.0,64494393.38,309407051.62,34167.0
philippines34_6,distributed,300.0,346.0,118.88,83.24,82.3,71.43,50.54,12.73,62582183.79,325934172.52,46521.0
philippines34_6,concentration2_cluster_9_group_none,300.0,346.0,117.46,82.95,82.13,75.0,49.46,7.27,88874126.13,494511992.08,47913.0
ukraine01_23,distributed,300.0,284.0,100.02,84.86,82.41,61.54,76.89,26.0,93653160.76,420194328.59,39025.0
ukraine01_23,concentration2_cluster_9_group_none,300.0,284.0,100.46,84.51,82.58,70.0,73.06,20.0,108666967.25,606221587.1,39889.0
chile21_11,distributed,300.0,147.0,48.66,85.03,81.13,81.82,85.35,36.67,56250575.21,256799214.96,21748.0
chile21_11,concentration2_cluster_9_group_none,300.0,147.0,48.1,84.35,81.06,100.0,87.49,33.33,61630362.82,197317136.23,22286.0
ibaragi_5,distributed,300.0,258.0,90.84,83.72,82.68,66.67,38.04,6.67,59544538.9,313389190.79,39075.0
ibaragi_5,concentration2_cluster_9_group_none,300.0,258.0,90.09,83.33,82.6,100.0,39.86,6.67,70766711.85,410202172.42,38607.0
america03_13,distributed,300.0,334.0,91.96,79.64,78.76,78.57,57.69,19.44,81594585.92,352377244.57,57943.0
america03_13,concentration2_cluster_9_group_none,300.0,334.0,93.08,79.94,78.93,75.0,56.66,16.67,95399387.97,447977903.62,58491.0
hungary01,distributed,300.0,241.0,80.44,82.99,81.78,55.56,66.39,20.93,78191083.31,380098292.58,35296.0
hungary01,concentration2_cluster_9_group_none,300.0,241.0,83.85,84.65,82.22,66.67,61.14,20.93,65890421.27,370160456.85,35047.0
venezuela01_16,distributed,300.0,299.0,237.62,96.99,96.02,77.78,94.5,60.0,51564534.98,982696341.17,9096.0
venezuela01_16,concentration2_cluster_9_group_none,300.0,299.0,236.3,96.99,95.9,100.0,89.14,46.67,51741636.4,930185238.51,9911.0
austria22_12,distributed,300.0,315.0,117.07,84.76,83.51,57.14,52.37,13.21,117204700.31,760189518.86,44092.0
austria22_12,concentration2_cluster_9_group_none,300.0,315.0,121.47,86.03,83.95,81.82,50.1,20.75,67016704.34,426603821.0,42438.0
indonesia63_12,distributed,300.0,340.0,106.67,81.76,80.84,50.0,41.99,3.08,151878639.73,1416031757.4,57399.0
indonesia63_12,concentration2_cluster_9_group_none,300.0,340.0,106.67,81.76,80.84,66.67,40.2,4.62,126256904.19,1032127485.92,57182.0
india06_3,distributed,300.0,235.0,116.08,88.94,88.24,60.0,59.75,18.52,105842713.44,678425371.32,21766.0
india06_3,concentration2_cluster_9_group_none,300.0,235.0,116.61,88.94,88.33,66.67,64.61,22.22,70138738.98,464612988.38,22170.0
canada33_3,distributed,300.0,237.0,85.64,84.39,83.04,55.56,56.6,22.5,113505002.32,611532704.8,32524.0
canada33_3,concentration2_cluster_9_group_none,300.0,237.0,87.59,85.65,83.19,90.0,57.64,25.0,100317108.3,274841265.74,31587.0
myanmar14_28,distributed,300.0,241.0,59.42,78.42,76.86,0.0,31.56,3.51,142237057.46,0.0,50377.0
myanmar14_28,concentration2_cluster_9_group_none,300.0,241.0,59.42,78.42,76.86,0.0,31.89,1.75,281539691.46,0.0,50909.0
yamanashi_9,distributed,300.0,320.0,96.94,80.94,80.35,66.67,35.22,4.76,226980795.9,496022759.62,55086.0
yamanashi_9,concentration2_cluster_9_group_none,300.0,320.0,99.56,81.88,80.65,100.0,36.0,6.35,156235961.22,325171646.24,54179.0
hungary01_17,distributed,300.0,241.0,93.45,85.89,84.1,100.0,61.56,17.95,76751520.98,374184143.17,30920.0
hungary01_17,concentration2_cluster_9_group_none,300.0,241.0,94.75,85.89,84.37,85.71,55.74,17.95,67951100.17,432086751.96,31346.0
new-zealand02_16,distributed,300.0,258.0,72.5,80.23,79.02,100.0,29.26,10.2,179868922.74,234360881.94,41642.0
new-zealand02_16,concentration2_cluster_9_group_none,300.0,258.0,72.5,80.23,79.02,83.33,30.1,12.24,147069418.46,254765316.71,41425.0
ejypt04_25,distributed,300.0,250.0,62.77,78.0,77.33,80.0,58.51,9.8,163925512.14,355958434.52,43177.0
ejypt04_25,concentration2_cluster_9_group_none,300.0,250.0,68.25,80.0,78.5,75.0,52.45,23.53,71405833.38,242525027.21,39171.0
burundi03,distributed,300.0,236.0,70.87,80.93,80.17,100.0,30.82,8.89,93505633.84,269286924.73,38522.0
burundi03,concentration2_cluster_9_group_none,300.0,236.0,70.84,80.93,80.16,100.0,32.49,8.89,80106697.56,241619908.25,38594.0
venezuela01_3,distributed,300.0,299.0,248.34,98.33,96.62,75.0,95.51,85.71,35155196.43,673040293.67,6179.0
venezuela01_3,concentration2_cluster_9_group_none,300.0,299.0,231.68,96.66,95.58,100.0,92.29,71.43,43861416.16,611693344.37,7216.0
indonesia43_28,concentration2_cluster_9_group_none,300.0,344.0,110.24,81.98,81.21,80.0,65.86,16.13,77840563.41,417580020.92,51292.0
indonesia43_28,distributed,300.0,344.0,111.97,82.27,81.46,71.43,65.09,11.29,101536826.49,482605791.22,52615.0
congo10_2,distributed,300.0,335.0,109.19,82.09,81.53,0.0,31.72,1.67,436376573.48,0.0,53213.0
congo10_2,concentration2_cluster_9_group_none,300.0,335.0,109.19,82.09,81.53,0.0,32.77,1.67,327789522.84,0.0,53558.0
myanmar13_5,distributed,300.0,228.0,57.22,78.51,77.19,33.33,46.52,6.0,79506215.83,350221119.56,43511.0
myanmar13_5,concentration2_cluster_9_group_none,300.0,228.0,56.25,78.07,76.96,100.0,44.85,2.0,201310733.7,348030406.37,44350.0
congo10_3,distributed,300.0,335.0,105.23,81.19,81.01,0.0,26.63,0.0,0.0,0.0,53700.0
congo10_3,concentration2_cluster_9_group_none,300.0,335.0,105.23,81.19,81.01,0.0,26.05,1.67,383670018.97,0.0,53195.0
austria08_17,concentration2_cluster_9_group_none,300.0,220.0,66.45,82.73,79.85,76.47,47.49,36.17,49979888.06,201026807.58,33324.0
austria08_17,distributed,300.0,220.0,59.73,80.0,78.39,83.33,42.99,25.53,74293163.67,223159971.45,36362.0
turkey33_16,distributed,300.0,267.0,124.36,88.76,87.1,92.31,86.63,35.14,83856497.49,419904157.11,27381.0
turkey33_16,concentration2_cluster_9_group_none,300.0,267.0,128.26,89.51,87.55,100.0,86.03,29.73,77265963.53,431365293.09,28751.0
ukraine11_27,distributed,300.0,249.0,72.51,82.73,79.12,64.71,60.88,30.91,70433322.48,325748587.7,41783.0
ukraine11_27,concentration2_cluster_9_group_none,300.0,249.0,69.19,81.12,78.57,88.89,64.92,16.36,134020628.36,378898913.15,44335.0
philippines34_28,distributed,300.0,346.0,93.4,79.77,78.33,78.57,52.44,17.95,57396971.37,304261518.28,63928.0
philippines34_28,concentration2_cluster_9_group_none,300.0,346.0,93.57,80.06,78.29,80.0,53.31,19.23,53433623.19,286840056.61,62775.0
germany17_9,concentration2_cluster_9_group_none,300.0,311.0,77.07,77.81,77.12,44.44,34.58,13.43,101572535.09,637711744.12,56353.0
germany17_9,distributed,300.0,311.0,78.12,78.14,77.3,100.0,35.4,10.45,168679901.81,471504475.42,55911.0
ukraine11_26,distributed,300.0,249.0,78.34,82.73,80.66,61.54,59.53,26.53,78831179.65,466579112.15,39216.0
ukraine11_26,concentration2_cluster_9_group_none,300.0,249.0,82.73,84.34,81.37,90.91,58.43,22.45,94710617.72,365061594.99,38126.0
yamanashi_27,distributed,300.0,320.0,113.09,83.75,82.74,100.0,35.35,9.26,135760805.11,286779820.17,46507.0
yamanashi_27,concentration2_cluster_9_group_none,300.0,320.0,115.25,84.38,82.97,100.0,38.07,9.26,125968099.15,324671768.52,45544.0
ishikawa_14,distributed,300.0,310.0,116.89,84.52,83.86,66.67,36.17,12.0,91038736.18,357234440.13,41759.0
ishikawa_14,concentration2_cluster_9_group_none,300.0,310.0,116.04,84.19,83.79,100.0,34.58,6.0,176173245.94,417081787.03,43022.0
okayama_6,distributed,300.0,293.0,117.48,85.32,84.9,75.0,47.44,9.3,151547845.73,659897890.7,36480.0
okayama_6,concentration2_cluster_9_group_none,300.0,293.0,117.48,85.32,84.9,100.0,57.18,13.95,87243362.5,370037476.82,34786.0
india10_12,distributed,300.0,247.0,86.48,83.4,82.64,25.0,37.85,9.76,61232523.2,387660424.79,35209.0
india10_12,concentration2_cluster_9_group_none,300.0,247.0,86.48,83.4,82.64,0.0,35.39,2.44,230321735.63,1475958941.11,36436.0
bolivia01_8,distributed,300.0,243.0,90.11,84.36,83.56,60.0,45.07,13.16,66673793.49,352755144.12,31797.0
bolivia01_8,concentration2_cluster_9_group_none,300.0,243.0,87.99,83.54,83.28,100.0,42.25,7.89,85633593.96,304945470.96,32387.0
ukraine11_9,distributed,300.0,249.0,67.28,79.52,78.41,88.89,49.64,18.0,130328056.35,438294352.79,40193.0
ukraine11_9,concentration2_cluster_9_group_none,300.0,249.0,68.47,80.72,78.46,85.71,53.09,28.0,78467996.68,256597595.7,37410.0
tokyo03_7,distributed,300.0,237.0,70.48,81.01,79.96,33.33,40.64,6.67,137789253.48,1827132768.51,39411.0
tokyo03_7,concentration2_cluster_9_group_none,300.0,237.0,70.48,81.01,79.96,0.0,39.35,0.0,0.0,0.0,40275.0
turkey18_27,distributed,300.0,253.0,73.72,80.24,79.74,83.33,72.21,26.09,92071796.7,237867521.04,34816.0
turkey18_27,concentration2_cluster_9_group_none,300.0,253.0,74.29,80.63,79.8,75.0,73.42,34.78,61727112.98,220039833.51,33255.0
china41_7,distributed,300.0,241.0,98.36,86.72,84.93,83.33,54.41,17.65,145615460.7,618106558.16,26920.0
china41_7,concentration2_cluster_9_group_none,300.0,241.0,97.34,85.89,84.91,85.71,46.15,20.59,106549775.93,616153187.49,26544.0
croatia07,distributed,300.0,221.0,100.92,87.78,86.93,50.0,34.01,7.69,172023808.31,708897317.73,22323.0
croatia07,concentration2_cluster_9_group_none,300.0,221.0,100.92,87.78,86.93,33.33,32.22,11.54,126617360.84,1170017139.52,22142.0
turkey18_10,distributed,300.0,253.0,103.41,86.56,84.99,93.75,70.94,43.24,47058099.58,239093239.93,24522.0
turkey18_10,concentration2_cluster_9_group_none,300.0,253.0,106.1,87.35,85.32,83.33,77.19,48.65,43492236.88,230538661.97,24196.0
slovenia10_18,distributed,300.0,201.0,72.74,84.08,83.14,50.0,40.13,5.88,176773898.18,1236753546.44,29243.0
slovenia10_18,concentration2_cluster_9_group_none,300.0,201.0,72.74,84.08,83.14,50.0,41.72,11.76,125300340.57,833524229.27,28548.0
argeria07_5,distributed,300.0,182.0,80.95,86.81,86.63,60.0,93.37,20.0,58786640.94,799518963.6,19679.0
argeria07_5,concentration2_cluster_9_group_none,300.0,182.0,81.76,87.91,86.57,57.14,83.57,28.0,46425599.69,714011802.35,19299.0
singapore20_25,distributed,300.0,208.0,88.44,86.54,85.79,100.0,49.39,23.33,67411914.52,318223752.13,22760.0
singapore20_25,concentration2_cluster_9_group_none,300.0,208.0,95.05,88.94,86.68,88.89,45.31,30.0,55403414.38,320807692.74,21831.0
bolivia01_26,distributed,300.0,243.0,96.1,85.6,84.56,100.0,56.66,8.33,130761859.72,497200502.83,31077.0
bolivia01_26,concentration2_cluster_9_group_none,300.0,243.0,96.18,85.6,84.57,100.0,54.15,5.56,169031906.26,891429398.23,31411.0
slovenia10_7,distributed,300.0,201.0,73.89,84.08,83.45,50.0,33.63,6.25,204894603.36,472621466.03,28185.0
slovenia10_7,concentration2_cluster_9_group_none,300.0,201.0,73.89,84.08,83.45,0.0,32.24,0.0,0.0,0.0,28640.0
canada33_14,distributed,300.0,237.0,73.04,81.86,80.46,100.0,50.41,8.7,304857277.35,504457522.21,39969.0
canada33_14,concentration2_cluster_9_group_none,300.0,237.0,74.84,82.28,80.85,60.0,49.41,21.74,129259957.83,429599779.35,37221.0
chile01_29,distributed,300.0,375.0,163.3,87.47,86.05,66.67,73.65,18.0,131684985.37,401598801.39,40928.0
chile01_29,concentration2_cluster_9_group_none,300.0,375.0,161.13,86.93,85.91,81.82,69.88,22.0,98894212.49,313418068.87,39693.0
belgium04_10,distributed,300.0,326.0,97.25,81.9,79.8,50.0,30.29,6.06,195489382.96,660586736.16,57884.0
belgium04_10,concentration2_cluster_9_group_none,300.0,326.0,95.35,81.29,79.56,66.67,30.54,9.09,114836518.51,365403098.46,56775.0
new-zealand02_20,distributed,300.0,258.0,76.38,81.78,79.68,57.14,29.45,14.58,98324238.65,431986481.06,40181.0
new-zealand02_20,concentration2_cluster_9_group_none,300.0,258.0,78.56,82.56,80.05,70.0,29.72,20.83,69871053.15,284068620.57,38927.0
austria13_22,distributed,300.0,188.0,59.75,81.91,81.06,66.67,41.76,18.18,128998590.48,309123130.0,26874.0
austria13_22,concentration2_cluster_9_group_none,300.0,188.0,60.56,82.45,81.2,100.0,38.74,9.09,275238764.52,363585627.37,27969.0
okayama_2,concentration2_cluster_9_group_none,300.0,293.0,112.79,84.98,84.16,75.0,57.2,18.18,78364350.16,319644682.97,35985.0
okayama_2,distributed,300.0,293.0,112.6,84.98,84.13,85.71,53.68,15.91,88272981.33,327842912.54,36427.0
spain07_28,distributed,300.0,364.0,129.88,84.07,82.86,100.0,60.91,15.87,101528917.48,407762107.99,51674.0
spain07_28,concentration2_cluster_9_group_none,300.0,364.0,129.48,84.07,82.8,75.0,57.59,19.05,66710761.6,581455020.64,51063.0
indonesia80_20,distributed,300.0,344.0,128.0,84.59,83.57,100.0,47.02,5.56,183921812.34,417668841.1,46968.0
indonesia80_20,concentration2_cluster_9_group_none,300.0,344.0,128.52,84.59,83.65,75.0,48.2,7.41,130728020.28,805639087.97,46571.0
peru13_4,distributed,300.0,319.0,144.53,88.71,86.56,90.91,63.03,22.92,99246900.7,529855415.49,37774.0
peru13_4,concentration2_cluster_9_group_none,300.0,319.0,143.34,89.03,86.33,63.64,59.15,22.92,77423755.13,901087983.92,38266.0
nara01_22,distributed,300.0,319.0,75.31,77.43,76.24,33.33,27.79,4.0,168589282.68,1199242074.45,66237.0
nara01_22,concentration2_cluster_9_group_none,300.0,319.0,75.31,77.43,76.24,0.0,30.13,2.67,238427678.16,0.0,65944.0
nara01_9,distributed,300.0,319.0,105.12,82.13,81.74,0.0,26.42,0.0,0.0,0.0,52805.0
nara01_9,concentration2_cluster_9_group_none,300.0,319.0,105.12,82.13,81.74,0.0,25.59,0.0,0.0,0.0,52805.0
argeria01_2,distributed,300.0,235.0,148.66,93.62,92.16,57.14,71.98,36.84,59582363.09,732957796.03,14718.0
argeria01_2,concentration2_cluster_9_group_none,300.0,235.0,154.66,94.47,92.77,85.71,59.05,36.84,57368601.29,377213426.33,13656.0
bulgaria05_12,distributed,300.0,180.0,31.85,72.22,71.87,60.0,35.5,10.64,90487163.54,409735123.27,39813.0
bulgaria05_12,concentration2_cluster_9_group_none,300.0,180.0,31.85,72.22,71.87,20.0,35.45,10.64,78511309.31,1000174029.67,39606.0
argeria07_15,distributed,300.0,182.0,91.02,91.76,87.86,100.0,85.43,46.43,54069585.13,249496695.94,18042.0
argeria07_15,concentration2_cluster_9_group_none,300.0,182.0,89.83,91.21,87.72,91.67,79.49,42.86,56923762.83,296061041.31,18664.0
china41_21,distributed,300.0,241.0,100.28,87.55,85.12,80.0,60.02,28.57,107207889.38,392636557.27,25915.0
china41_21,concentration2_cluster_9_group_none,300.0,241.0,99.65,86.31,85.28,66.67,47.63,17.14,188573853.23,831936811.61,28571.0
venezuela01_22,distributed,300.0,299.0,238.8,97.32,96.05,87.5,92.92,57.14,64344206.59,783309011.55,8532.0
venezuela01_22,concentration2_cluster_9_group_none,300.0,299.0,230.13,96.32,95.51,100.0,91.08,50.0,71810331.72,737500501.91,8467.0
china41_17,distributed,300.0,241.0,117.07,89.21,87.84,100.0,55.98,14.81,198878492.6,568097601.15,21848.0
china41_17,concentration2_cluster_9_group_none,300.0,241.0,111.88,87.97,87.22,100.0,53.84,14.81,184606479.72,783526211.49,21548.0
america35_13,distributed,300.0,342.0,96.49,80.99,78.91,62.5,40.24,10.81,92589780.99,511263910.66,63204.0
america35_13,concentration2_cluster_9_group_none,300.0,342.0,98.35,81.29,79.22,53.85,39.77,17.57,50956841.96,386831396.37,61705.0
congo10_27,distributed,300.0,335.0,125.44,84.48,83.73,75.0,36.42,7.41,69398942.65,291274925.38,46994.0
congo10_27,concentration2_cluster_9_group_none,300.0,335.0,125.44,84.48,83.73,60.0,35.59,9.26,53921555.39,403258215.43,46801.0
hungary01_13,distributed,300.0,241.0,88.38,85.89,82.98,75.0,55.91,27.91,50436996.02,245830014.56,32722.0
hungary01_13,concentration2_cluster_9_group_none,300.0,241.0,83.62,83.82,82.36,100.0,57.39,16.28,87388429.97,270127149.86,35793.0
cuba02_29,distributed,300.0,244.0,86.87,84.43,82.73,66.67,41.88,13.95,81646596.66,508528783.18,35134.0
cuba02_29,concentration2_cluster_9_group_none,300.0,244.0,86.2,84.43,82.58,80.0,40.25,11.63,111452046.78,445494536.41,36275.0
ejypt04_28,distributed,300.0,250.0,43.89,72.8,71.55,66.67,56.66,18.75,99853469.37,249114654.37,50803.0
ejypt04_28,concentration2_cluster_9_group_none,300.0,250.0,44.32,72.8,71.75,53.33,53.88,23.44,69535185.44,378355574.97,51208.0
argeria07_25,distributed,300.0,182.0,62.97,83.52,82.38,81.82,76.09,31.43,66666086.71,249386296.25,25332.0
argeria07_25,concentration2_cluster_9_group_none,300.0,182.0,64.03,84.07,82.58,88.89,85.86,25.71,79346941.24,363098804.53,26450.0
greece06_29,distributed,300.0,342.0,129.5,84.8,83.88,66.67,46.41,10.91,109463319.05,645736422.97,46771.0
greece06_29,concentration2_cluster_9_group_none,300.0,342.0,130.82,85.09,84.01,83.33,45.95,21.82,51032216.96,324967488.1,44560.0
tokyo21_4,distributed,300.0,293.0,92.09,81.57,80.93,100.0,31.45,1.85,313845017.11,582326310.98,47831.0
tokyo21_4,concentration2_cluster_9_group_none,300.0,293.0,92.09,81.57,80.93,0.0,30.84,0.0,0.0,1454523925.43,48330.0
burundi03_8,distributed,300.0,236.0,52.8,76.69,75.36,66.67,35.91,5.26,140367441.38,373308461.32,50340.0
burundi03_8,concentration2_cluster_9_group_none,300.0,236.0,53.55,77.12,75.53,100.0,34.73,3.51,223941968.25,469675975.99,50494.0
bulgaria06_11,distributed,300.0,241.0,63.48,78.84,78.08,85.71,66.34,13.73,147653047.61,274021475.25,42731.0
bulgaria06_11,concentration2_cluster_9_group_none,300.0,241.0,64.85,79.25,78.4,82.35,66.31,33.33,59541940.85,172355610.38,37336.0
philippines22_21,distributed,300.0,329.0,93.71,80.85,79.13,0.0,26.13,2.86,244950245.51,0.0,62051.0
philippines22_21,concentration2_cluster_9_group_none,300.0,329.0,94.45,81.16,79.22,100.0,27.41,2.86,191975602.91,1010465895.75,61994.0
serbia04_21,distributed,300.0,251.0,74.09,80.48,79.94,75.0,60.63,8.16,158373234.03,475037824.29,42024.0
serbia04_21,concentration2_cluster_9_group_none,300.0,251.0,73.91,80.48,79.89,80.0,56.34,10.2,157235951.1,384709532.13,41774.0
iceland07_17,distributed,300.0,244.0,90.95,86.48,83.17,57.14,84.11,47.73,65522031.99,339367014.82,29069.0
iceland07_17,concentration2_cluster_9_group_none,300.0,244.0,89.3,85.66,82.99,56.25,72.49,36.36,81111128.25,426557320.31,32575.0
singapore20_2,distributed,300.0,208.0,85.24,85.58,85.27,66.67,46.47,10.0,112720359.85,870231123.31,25479.0
singapore20_2,concentration2_cluster_9_group_none,300.0,208.0,90.88,87.5,86.11,100.0,44.36,10.0,114505117.69,458316279.34,25074.0
america20,distributed,300.0,323.0,96.67,81.11,80.06,33.33,25.51,4.69,386562635.54,2565857390.5,56299.0
america20,concentration2_cluster_9_group_none,300.0,323.0,97.04,81.11,80.14,33.33,25.56,4.69,419718517.76,2451098216.81,55945.0
austria37_24,distributed,300.0,334.0,124.34,85.33,83.41,73.91,84.63,40.35,60510549.29,365344235.66,40516.0
austria37_24,concentration2_cluster_9_group_none,300.0,334.0,128.02,86.23,83.78,59.09,89.36,38.6,60230943.02,459823671.91,41546.0
hungary01_26,distributed,300.0,241.0,70.55,82.57,79.26,90.0,64.32,20.41,93899345.36,260974501.36,38601.0
hungary01_26,concentration2_cluster_9_group_none,300.0,241.0,72.97,82.99,79.83,100.0,58.82,22.45,83274673.26,259394869.94,38099.0
venezuela02_14,distributed,300.0,295.0,205.93,94.92,93.85,66.67,68.92,40.91,79887147.24,1277805463.99,14323.0
venezuela02_14,concentration2_cluster_9_group_none,300.0,295.0,204.53,94.92,93.72,100.0,68.47,27.27,113657114.97,1202300527.08,15949.0
italy54_12,distributed,300.0,336.0,100.26,80.65,80.11,25.0,58.63,24.62,109944389.62,1301443858.47,51331.0
italy54_12,concentration2_cluster_9_group_none,300.0,336.0,104.19,81.85,80.59,56.25,59.14,24.62,105760215.83,576472195.21,50428.0
austria20_4,distributed,300.0,173.0,45.68,79.77,77.89,66.67,59.41,16.22,83228120.73,264081697.92,30286.0
austria20_4,concentration2_cluster_9_group_none,300.0,173.0,43.4,78.61,77.16,80.0,57.53,13.51,83270245.93,146649008.89,31175.0
venezuela02_24,distributed,300.0,295.0,208.13,94.58,94.14,75.0,80.77,21.05,138443824.23,2326335829.51,14988.0
venezuela02_24,concentration2_cluster_9_group_none,300.0,295.0,215.76,95.93,94.57,100.0,82.07,42.11,67233646.25,839835375.82,12563.0
america04_1,distributed,300.0,290.0,67.93,77.24,76.14,56.25,49.69,22.86,70492394.6,534492448.84,55032.0
america04_1,concentration2_cluster_9_group_none,300.0,290.0,69.55,78.28,76.34,72.22,48.44,25.71,59364154.16,371127198.89,53065.0
india13_7,distributed,300.0,243.0,109.43,88.89,86.4,70.0,44.56,27.78,75039611.68,437655795.14,27467.0
india13_7,concentration2_cluster_9_group_none,300.0,243.0,105.76,87.65,86.0,77.78,51.97,25.0,72283257.76,426051928.46,27729.0
peru13_7,distributed,300.0,319.0,147.47,88.71,86.96,63.64,65.11,25.0,104365143.95,573483549.16,34386.0
peru13_7,concentration2_cluster_9_group_none,300.0,319.0,148.12,88.4,87.12,90.91,65.01,25.0,110487059.99,477166770.97,33678.0
peru24_29,distributed,300.0,326.0,230.07,95.09,94.04,75.0,90.17,60.0,53051370.78,825769675.74,11777.0
peru24_29,concentration2_cluster_9_group_none,300.0,326.0,241.82,96.32,94.78,92.31,84.87,65.0,49853374.11,620542300.21,10537.0
america20_29,distributed,300.0,323.0,94.18,81.73,79.38,66.67,24.72,13.64,121913064.1,307385758.13,54627.0
america20_29,concentration2_cluster_9_group_none,300.0,323.0,93.45,81.42,79.31,72.73,24.33,16.67,97740982.21,260566495.82,53887.0
ibaragi_12,distributed,300.0,258.0,93.41,83.72,83.24,50.0,43.98,4.88,231650742.29,1330798349.33,36255.0
ibaragi_12,concentration2_cluster_9_group_none,300.0,258.0,93.41,83.72,83.24,50.0,42.42,9.76,95818482.21,537313929.75,34924.0
china41_22,distributed,300.0,241.0,100.97,86.72,85.45,75.0,54.81,25.0,116326443.51,339606419.68,25179.0
china41_22,concentration2_cluster_9_group_none,300.0,241.0,106.64,88.38,86.16,70.0,58.64,31.25,96898797.94,341511991.84,23386.0
india06_16,distributed,300.0,235.0,101.51,87.23,85.94,100.0,71.15,17.65,103419935.98,357360632.48,27619.0
india06_16,concentration2_cluster_9_group_none,300.0,235.0,101.16,87.66,85.78,66.67,71.58,26.47,66456656.67,371835920.2,26368.0
ibaragi_15,distributed,300.0,258.0,53.47,75.58,74.12,50.0,47.39,9.23,103939415.25,424309584.84,55784.0
ibaragi_15,concentration2_cluster_9_group_none,300.0,258.0,53.47,75.58,74.12,75.0,48.0,6.15,145151112.01,339644071.76,56554.0
america35_28,distributed,300.0,342.0,89.3,78.65,77.95,83.33,42.96,8.7,215114184.54,531111106.61,58455.0
america35_28,concentration2_cluster_9_group_none,300.0,342.0,89.87,78.95,78.0,66.67,42.85,13.04,147512702.88,578279409.36,57519.0
peru24,distributed,300.0,326.0,219.06,94.48,93.18,61.54,93.04,52.0,61206730.23,761767141.73,16974.0
peru24,concentration2_cluster_9_group_none,300.0,326.0,217.16,93.87,93.14,88.89,84.72,36.0,81100576.31,782138364.63,17791.0
singapore20_5,distributed,300.0,208.0,77.13,84.62,83.5,80.0,46.98,14.71,111554000.92,509546820.49,28805.0
singapore20_5,concentration2_cluster_9_group_none,300.0,208.0,76.69,84.62,83.38,100.0,46.12,8.82,172596466.15,656127720.92,29266.0
myanmar11_18,distributed,300.0,235.0,51.53,75.74,75.21,63.64,46.77,19.3,43724264.8,243742145.39,46447.0
myanmar11_18,concentration2_cluster_9_group_none,300.0,235.0,51.53,75.74,75.21,33.33,45.26,15.79,42381920.3,437407365.57,46569.0
iceland06_11,distributed,300.0,209.0,85.6,87.08,84.91,84.21,74.33,52.78,54700349.65,361607732.01,22535.0
iceland06_11,concentration2_cluster_9_group_none,300.0,209.0,86.56,87.56,85.03,81.25,56.7,44.44,63319149.26,425946166.91,23288.0
iceland06_7,distributed,300.0,209.0,111.15,89.95,89.49,85.71,78.79,33.33,102809847.89,831937310.79,15185.0
iceland06_7,concentration2_cluster_9_group_none,300.0,209.0,111.8,90.43,89.5,80.0,73.73,23.81,156823144.62,1024714205.6,15778.0
hungary01_27,distributed,300.0,241.0,78.89,82.57,81.5,66.67,63.48,13.64,109318444.59,460725809.78,36806.0
hungary01_27,concentration2_cluster_9_group_none,300.0,241.0,76.04,81.74,80.96,66.67,60.46,13.64,103235210.58,830902845.28,36371.0
argeria07_19,distributed,300.0,182.0,52.32,81.32,79.2,66.67,88.44,30.77,54058504.47,271174254.38,29412.0
argeria07_19,concentration2_cluster_9_group_none,300.0,182.0,55.93,83.52,80.01,73.33,86.95,38.46,54537349.95,190865956.3,27879.0
hungary01_21,distributed,300.0,241.0,83.21,83.4,82.36,75.0,52.84,18.6,61014066.83,239774714.96,34478.0
hungary01_21,concentration2_cluster_9_group_none,300.0,241.0,85.24,84.65,82.55,100.0,52.82,18.6,58974559.19,200343868.57,34964.0
ibaragi_6,distributed,300.0,258.0,80.84,81.4,80.91,66.67,48.69,6.25,141852537.21,460591005.38,41757.0
ibaragi_6,concentration2_cluster_9_group_none,300.0,258.0,80.84,81.4,80.91,50.0,48.75,16.67,46962639.35,223559144.75,38983.0
croatia07_4,distributed,300.0,221.0,90.29,85.97,85.12,50.0,37.56,5.88,172044378.86,853966092.53,29843.0
croatia07_4,concentration2_cluster_9_group_none,300.0,221.0,90.79,86.43,85.13,100.0,36.14,8.82,116842980.45,350326607.36,29281.0
china41_12,distributed,300.0,241.0,100.92,86.31,85.54,57.14,56.96,21.21,114728700.94,1041648672.34,26075.0
china41_12,concentration2_cluster_9_group_none,300.0,241.0,107.46,87.97,86.41,80.0,52.66,15.15,160580975.03,580076731.99,27028.0
tokyo12_12,distributed,300.0,352.0,111.94,82.1,81.03,100.0,43.05,4.48,210569470.84,671829350.95,58486.0
tokyo12_12,concentration2_cluster_9_group_none,300.0,352.0,114.16,82.67,81.29,83.33,43.43,8.96,93812202.57,482942662.11,57604.0
belgium04_18,distributed,300.0,326.0,117.52,84.05,83.07,100.0,28.63,3.7,250757337.6,699959044.78,47209.0
belgium04_18,concentration2_cluster_9_group_none,300.0,326.0,116.52,83.74,82.97,100.0,28.0,1.85,488186071.42,1177820023.9,47825.0
belize04_20,distributed,300.0,338.0,123.04,84.32,83.2,33.33,53.38,5.45,284633644.96,3481176117.21,48235.0
belize04_20,concentration2_cluster_9_group_none,300.0,338.0,123.04,84.32,83.2,42.86,54.05,12.73,85622703.32,1102551077.29,46140.0
nara01_21,distributed,300.0,319.0,102.07,82.13,81.15,50.0,30.56,3.39,158915571.04,1397902997.67,51669.0
nara01_21,concentration2_cluster_9_group_none,300.0,319.0,102.07,82.13,81.15,50.0,30.97,3.39,115142187.65,778201477.4,51642.0
tokyo03_4,distributed,300.0,237.0,91.55,85.23,84.17,100.0,41.64,2.94,247458083.51,259137436.36,29841.0
tokyo03_4,concentration2_cluster_9_group_none,300.0,237.0,91.55,85.23,84.17,0.0,41.45,2.94,175656635.99,0.0,29799.0
america20_5,distributed,300.0,323.0,57.95,73.37,71.83,60.0,21.56,5.56,383487693.9,829579403.53,78184.0
america20_5,concentration2_cluster_9_group_none,300.0,323.0,57.72,73.07,71.84,50.0,21.64,6.67,248331685.81,635744969.92,78408.0
myanmar15_25,distributed,300.0,255.0,84.76,82.75,81.76,100.0,29.83,4.44,233265222.24,473758967.98,39769.0
myanmar15_25,concentration2_cluster_9_group_none,300.0,255.0,84.76,82.75,81.76,100.0,31.63,4.44,206710518.04,599094436.83,39622.0
america04_24,distributed,300.0,290.0,115.7,85.86,84.67,100.0,44.27,16.67,136402922.53,277502946.28,34448.0
america04_24,concentration2_cluster_9_group_none,300.0,290.0,115.98,85.86,84.72,83.33,41.86,14.29,136457358.1,485639272.93,34659.0
belgium04_26,distributed,300.0,326.0,81.01,77.91,77.15,33.33,30.02,4.11,274188016.53,1603246273.94,64711.0
belgium04_26,concentration2_cluster_9_group_none,300.0,326.0,82.87,78.53,77.44,100.0,30.32,1.37,602628846.14,605141355.21,64911.0
hukuoka01_16,concentration2_cluster_9_group_none,300.0,367.0,181.41,89.92,88.03,83.33,81.34,37.5,56110626.97,424591629.71,34581.0
hukuoka01_16,distributed,300.0,367.0,176.24,89.65,87.52,90.91,76.93,22.92,113110117.33,517295453.39,38218.0
venezuela01_12,distributed,300.0,299.0,234.15,96.99,95.72,100.0,95.24,52.94,70083722.04,736426359.14,9935.0
venezuela01_12,concentration2_cluster_9_group_none,300.0,299.0,236.68,97.66,95.8,100.0,97.35,58.82,63328872.5,646204652.9,9070.0
china41_1,concentration2_cluster_9_group_none,300.0,241.0,99.26,87.14,85.01,100.0,78.05,25.0,77144089.31,449382092.62,28065.0
china41_1,distributed,300.0,241.0,99.34,86.72,85.12,69.23,79.48,36.11,58340772.75,504540416.33,26459.0
belize01_14,distributed,300.0,324.0,100.01,81.48,80.59,100.0,23.67,1.61,453139127.03,659627578.58,54841.0
belize01_14,concentration2_cluster_9_group_none,300.0,324.0,98.69,81.17,80.4,0.0,23.39,0.0,0.0,0.0,55490.0
italy36_11,distributed,300.0,281.0,120.61,88.97,85.42,56.52,90.93,54.76,51150992.19,308166782.3,27394.0
italy36_11,concentration2_cluster_9_group_none,300.0,281.0,119.71,87.9,85.51,83.33,90.92,42.86,56075464.01,259240728.51,28344.0
iceland07_10,concentration2_cluster_9_group_none,300.0,244.0,100.46,86.07,85.25,75.0,85.35,34.29,86172528.88,437808908.09,25067.0
iceland07_10,distributed,300.0,244.0,104.79,87.3,85.81,58.33,77.55,34.29,82305960.09,626309956.37,25340.0
america03_19,distributed,300.0,334.0,101.31,81.74,80.17,100.0,58.94,21.43,80987228.87,312981177.11,55387.0
america03_19,concentration2_cluster_9_group_none,300.0,334.0,100.56,81.74,80.03,88.24,65.41,24.29,71670524.68,339763688.88,55364.0
philippines25_7,distributed,300.0,371.0,143.1,85.18,84.16,7.69,78.66,21.67,58296324.92,2658246431.28,49172.0
philippines25_7,concentration2_cluster_9_group_none,300.0,371.0,145.38,85.98,84.28,37.5,79.85,26.67,38905135.27,517143133.39,48143.0
china19_9,distributed,300.0,276.0,142.49,90.94,88.68,47.83,84.63,60.53,43319795.06,534263120.15,22203.0
china19_9,concentration2_cluster_9_group_none,300.0,276.0,145.91,92.03,88.91,64.0,95.47,65.79,40374463.87,388858408.62,20017.0
philippines22_2,distributed,300.0,329.0,97.37,80.24,80.05,33.33,23.67,4.76,162935679.24,1333435991.91,54696.0
philippines22_2,concentration2_cluster_9_group_none,300.0,329.0,97.37,80.24,80.05,100.0,23.14,1.59,488813032.28,665120104.07,55721.0
greece22_22,concentration2_cluster_9_group_none,300.0,348.0,144.54,86.21,85.4,78.57,56.49,26.92,80793760.16,468065227.61,39944.0
greece22_22,distributed,300.0,348.0,138.96,85.63,84.74,29.41,56.41,32.69,66760643.27,894898769.25,39344.0
okayama,distributed,300.0,293.0,148.6,89.42,88.66,83.33,56.05,18.75,90304921.8,486779800.9,25691.0
okayama,concentration2_cluster_9_group_none,300.0,293.0,149.16,89.76,88.66,87.5,59.05,25.0,64903825.39,375275898.97,24927.0
okayama_28,distributed,300.0,293.0,126.76,87.03,86.02,62.5,55.82,19.51,90924087.71,561573566.04,33294.0
okayama_28,concentration2_cluster_9_group_none,300.0,293.0,130.86,87.37,86.58,88.89,56.77,21.95,59207694.66,529840676.77,31778.0
peru13_3,distributed,300.0,319.0,147.55,89.03,86.9,70.59,72.25,36.96,47230086.36,473900505.91,33659.0
peru13_3,concentration2_cluster_9_group_none,300.0,319.0,146.81,88.71,86.87,61.11,62.09,39.13,39416722.03,517900481.5,32920.0
philippines30_22,distributed,300.0,290.0,103.29,84.48,82.73,44.44,51.58,18.37,97986971.94,347203827.42,40240.0
philippines30_22,concentration2_cluster_9_group_none,300.0,290.0,100.69,83.45,82.46,57.14,55.18,14.29,84585512.29,433996702.07,40359.0
turkey13_14,distributed,300.0,254.0,148.36,92.13,90.89,87.5,69.37,38.1,52759613.18,379376562.46,14971.0
turkey13_14,concentration2_cluster_9_group_none,300.0,254.0,143.24,90.94,90.44,66.67,72.18,28.57,83417198.48,578909852.68,16287.0
hukuoka01_7,distributed,300.0,367.0,181.38,89.65,88.09,85.71,79.44,29.79,82417690.99,534040004.33,35544.0
hukuoka01_7,concentration2_cluster_9_group_none,300.0,367.0,186.38,90.19,88.51,93.33,79.52,31.91,62764921.92,488600525.02,35024.0
indonesia80_29,distributed,300.0,344.0,140.97,86.05,85.16,66.67,55.98,5.88,184349032.19,1002268503.99,44541.0
indonesia80_29,concentration2_cluster_9_group_none,300.0,344.0,141.0,86.05,85.17,75.0,56.53,7.84,131864477.67,752187925.67,44132.0
germany17_23,distributed,300.0,311.0,86.37,80.06,78.82,100.0,33.81,9.23,158253519.87,409264110.9,55508.0
germany17_23,concentration2_cluster_9_group_none,300.0,311.0,84.77,79.42,78.61,80.0,33.72,7.69,174071241.92,799135249.44,55491.0
bulgaria05_6,distributed,300.0,180.0,46.9,78.33,77.98,25.0,36.05,10.26,106737730.91,896490706.08,32708.0
bulgaria05_6,concentration2_cluster_9_group_none,300.0,180.0,47.26,78.89,78.0,100.0,37.84,12.82,88629004.73,164473262.2,31837.0
peru13_21,distributed,300.0,319.0,123.06,86.52,83.85,71.43,70.55,38.18,52694016.47,345470679.1,40405.0
peru13_21,concentration2_cluster_9_group_none,300.0,319.0,121.58,85.89,83.75,82.35,59.95,30.91,54652730.44,371780992.51,41420.0
romania06_29,distributed,300.0,234.0,133.38,92.74,90.27,81.82,80.05,45.83,78569871.65,497720437.58,15868.0
romania06_29,concentration2_cluster_9_group_none,300.0,234.0,132.9,92.31,90.29,90.0,82.55,41.67,73739104.24,449188448.39,17510.0
indonesia79_21,distributed,300.0,318.0,122.96,86.16,83.97,66.67,83.55,33.96,42695978.86,246740867.53,40097.0
indonesia79_21,concentration2_cluster_9_group_none,300.0,318.0,120.59,84.59,83.95,86.67,79.7,28.3,38809818.1,235633169.75,40784.0
italy36_7,distributed,300.0,281.0,126.72,87.9,86.65,61.11,91.87,47.37,58462358.28,370256790.02,24635.0
italy36_7,concentration2_cluster_9_group_none,300.0,281.0,130.18,88.26,87.11,83.33,90.67,47.37,55479690.25,273538916.26,24815.0
russia08_14,distributed,300.0,264.0,121.63,88.64,86.91,64.71,80.88,45.95,46726007.51,402843684.14,25313.0
russia08_14,concentration2_cluster_9_group_none,300.0,264.0,125.62,89.77,87.3,71.43,83.02,37.84,60225688.15,428893672.25,27167.0
philippines22_15,distributed,300.0,329.0,94.63,80.24,79.48,100.0,28.83,3.03,181270970.32,260518006.9,58480.0
philippines22_15,concentration2_cluster_9_group_none,300.0,329.0,94.63,80.24,79.48,100.0,28.67,3.03,222605932.72,357071879.74,58363.0
america35_4,distributed,300.0,342.0,106.07,81.58,80.66,57.14,31.73,10.77,112705408.01,783002239.77,55543.0
america35_4,concentration2_cluster_9_group_none,300.0,342.0,107.72,82.16,80.82,66.67,34.0,9.23,124792852.66,766385672.33,55301.0
indonesia79_3,distributed,300.0,318.0,89.47,80.5,78.97,48.28,85.43,45.31,32456772.06,209091125.12,47990.0
indonesia79_3,concentration2_cluster_9_group_none,300.0,318.0,93.64,82.08,79.5,78.26,86.56,35.94,38862409.95,163950255.79,48899.0
hukuoka01_13,distributed,300.0,367.0,228.45,93.46,91.87,81.25,79.35,48.48,67039775.99,483228047.81,21191.0
hukuoka01_13,concentration2_cluster_9_group_none,300.0,367.0,242.12,94.55,92.8,93.33,79.17,45.45,64478756.37,425097152.73,21387.0
canada34_17,distributed,300.0,279.0,89.82,82.8,81.11,83.33,63.22,11.32,256545294.38,499585561.84,44966.0
canada34_17,concentration2_cluster_9_group_none,300.0,279.0,91.33,83.87,81.18,91.67,59.11,22.64,106869184.71,399694714.11,41615.0
turkey13_25,distributed,300.0,254.0,163.76,93.31,92.61,100.0,59.09,30.0,86644754.63,503647740.08,14819.0
turkey13_25,concentration2_cluster_9_group_none,300.0,254.0,173.14,95.67,93.22,80.0,52.61,50.0,48891389.97,480448244.7,13006.0
netherlands04_27,distributed,300.0,342.0,85.43,78.36,77.13,85.71,45.94,9.09,172446666.21,489795974.37,65659.0
netherlands04_27,concentration2_cluster_9_group_none,300.0,342.0,84.57,78.07,77.01,85.71,46.61,9.09,202072340.29,403618142.86,65266.0
belgium04_4,distributed,300.0,326.0,93.56,80.37,79.4,25.0,30.76,6.15,153723876.07,1027020870.28,57118.0
belgium04_4,concentration2_cluster_9_group_none,300.0,326.0,93.56,80.37,79.4,33.33,31.33,4.62,180716305.2,1334429561.34,57146.0
canada34_27,concentration2_cluster_9_group_none,300.0,279.0,89.41,82.8,81.02,90.0,47.56,18.52,155651314.39,472514949.42,42476.0
canada34_27,distributed,300.0,279.0,86.18,81.72,80.54,63.64,53.53,20.37,143131378.32,566693568.26,42766.0
argentina10_9,distributed,300.0,336.0,99.76,81.25,79.87,55.56,38.86,13.64,129569092.74,549277082.79,55047.0
argentina10_9,concentration2_cluster_9_group_none,300.0,336.0,100.69,81.55,79.98,63.64,36.03,16.67,108186580.66,529939068.06,54187.0
peru24_17,concentration2_cluster_9_group_none,300.0,326.0,234.48,95.71,94.29,100.0,82.3,43.48,70833717.52,609783826.4,15424.0
peru24_17,distributed,300.0,326.0,234.78,96.01,94.25,63.64,90.22,47.83,71180015.26,1034859993.76,15414.0
croatia07_5,concentration2_cluster_9_group_none,300.0,221.0,77.05,83.71,82.48,75.0,31.73,10.53,98366915.77,560954029.38,32353.0
croatia07_5,distributed,300.0,221.0,77.36,84.16,82.45,75.0,32.34,10.53,81436009.24,307223261.6,32419.0
bulgaria05_29,distributed,300.0,180.0,49.41,79.44,78.75,100.0,36.54,2.94,243494864.34,654887863.22,30102.0
bulgaria05_29,concentration2_cluster_9_group_none,300.0,180.0,49.41,79.44,78.75,33.33,36.96,8.82,112958082.01,1007058093.25,29107.0
austria20_28,distributed,300.0,173.0,57.4,82.66,81.74,50.0,44.49,18.75,78414181.91,510410706.87,25139.0
austria20_28,concentration2_cluster_9_group_none,300.0,173.0,56.93,82.08,81.72,50.0,45.11,18.75,95891845.33,298464939.2,25043.0
philippines20_18,distributed,300.0,324.0,76.2,77.47,76.16,64.29,47.27,17.72,53092072.18,211347521.04,64763.0
philippines20_18,concentration2_cluster_9_group_none,300.0,324.0,79.53,79.01,76.62,91.67,48.68,15.19,43466196.39,181588528.73,65731.0
italy16_15,distributed,300.0,214.0,99.9,89.25,87.04,80.0,86.34,34.48,47843785.92,331176051.4,21952.0
italy16_15,concentration2_cluster_9_group_none,300.0,214.0,101.03,89.25,87.26,77.78,89.85,31.03,57989006.23,450271791.34,22529.0
cuba02_5,distributed,300.0,244.0,84.26,84.02,82.22,66.67,40.38,13.95,110372290.45,400795484.29,36538.0
cuba02_5,concentration2_cluster_9_group_none,300.0,244.0,84.43,83.61,82.36,100.0,39.59,11.63,115147624.65,308128098.82,36251.0
india13_4,distributed,300.0,243.0,75.46,81.48,80.71,66.67,40.24,20.0,57890222.78,367050627.39,36330.0
india13_4,concentration2_cluster_9_group_none,300.0,243.0,75.46,81.48,80.71,91.67,45.13,26.67,47577313.46,257456905.65,35169.0
iceland07_24,distributed,300.0,244.0,61.23,78.69,77.14,63.64,80.75,21.15,132726404.91,575555435.74,41951.0
iceland07_24,concentration2_cluster_9_group_none,300.0,244.0,66.25,81.15,78.1,100.0,74.77,23.08,117627813.66,454226760.1,39775.0
argentina10_19,distributed,300.0,336.0,103.46,82.14,80.38,83.33,30.24,8.96,185534113.25,525973821.69,57577.0
argentina10_19,concentration2_cluster_9_group_none,300.0,336.0,103.13,81.85,80.38,83.33,27.53,8.96,159405387.51,461764805.42,57106.0
ejypt04_16,distributed,300.0,250.0,59.11,77.6,76.23,71.43,56.0,11.86,115257700.55,410059361.85,49711.0
ejypt04_16,concentration2_cluster_9_group_none,300.0,250.0,60.21,78.4,76.39,66.67,54.28,20.34,78508496.31,304860481.98,47591.0
india13_2,distributed,300.0,243.0,94.98,84.77,84.52,50.0,51.99,16.22,71783061.26,1057036787.08,30469.0
india13_2,concentration2_cluster_9_group_none,300.0,243.0,96.86,85.6,84.71,66.67,53.36,16.22,69536690.79,693812418.96,30496.0
indonesia80_5,distributed,300.0,344.0,112.67,81.98,81.65,66.67,54.47,15.25,88610704.65,209306777.17,49586.0
indonesia80_5,concentration2_cluster_9_group_none,300.0,344.0,113.39,82.27,81.71,77.78,53.51,15.25,70638409.73,249445252.68,49379.0
myanmar13_18,distributed,300.0,228.0,68.21,80.26,80.26,100.0,39.08,4.65,148873413.0,228710884.18,37781.0
myanmar13_18,concentration2_cluster_9_group_none,300.0,228.0,68.21,80.26,80.26,100.0,41.02,6.98,102274446.55,200803350.04,37252.0
hukuoka01_27,distributed,300.0,367.0,226.78,93.19,91.78,85.71,79.89,38.89,71851474.1,443875992.99,26095.0
hukuoka01_27,concentration2_cluster_9_group_none,300.0,367.0,234.38,94.01,92.27,100.0,91.2,41.67,61551934.28,408226832.48,23535.0
romania06_15,distributed,300.0,234.0,166.97,95.73,94.12,88.89,85.19,52.94,71183058.4,634510949.53,10985.0
romania06_15,concentration2_cluster_9_group_none,300.0,234.0,164.98,95.3,93.97,85.71,84.73,41.18,83374816.99,829859151.59,11554.0
singapore20_26,distributed,300.0,208.0,71.57,83.65,82.23,25.0,42.67,10.53,145903393.9,1916949349.17,32380.0
singapore20_26,concentration2_cluster_9_group_none,300.0,208.0,71.46,83.65,82.2,75.0,41.01,10.53,136087373.65,669688917.96,32689.0
cuba02_26,distributed,300.0,244.0,92.12,84.84,83.81,100.0,36.05,7.69,110051216.94,685875863.56,33318.0
cuba02_26,concentration2_cluster_9_group_none,300.0,244.0,92.12,84.84,83.81,100.0,37.84,12.82,84053357.97,560877915.31,32050.0
chile23_4,distributed,300.0,334.0,101.81,81.74,80.27,83.33,60.0,18.18,84481795.9,473636695.96,53568.0
chile23_4,concentration2_cluster_9_group_none,300.0,334.0,104.03,82.34,80.56,100.0,61.0,18.18,80353532.35,401863868.16,53313.0
austria08_14,distributed,300.0,220.0,66.15,81.36,80.09,55.56,40.65,20.93,86422509.32,400786034.69,35248.0
austria08_14,concentration2_cluster_9_group_none,300.0,220.0,64.36,80.91,79.65,55.56,38.36,20.93,72886978.44,424084025.03,34846.0
canada34_2,distributed,300.0,279.0,81.62,81.0,79.63,71.43,62.0,26.92,91814653.22,435322824.28,40520.0
canada34_2,concentration2_cluster_9_group_none,300.0,279.0,82.04,81.0,79.73,53.33,60.57,28.85,81266246.16,665005904.29,40396.0
germany17_10,distributed,300.0,311.0,77.16,78.14,77.06,36.36,38.74,16.18,100993571.87,738697958.0,56169.0
germany17_10,concentration2_cluster_9_group_none,300.0,311.0,77.65,78.46,77.1,72.73,39.98,16.18,94862198.61,355803725.26,56325.0
russia08_20,distributed,300.0,264.0,104.69,86.36,84.43,76.92,73.76,29.55,88152586.89,393381035.3,31696.0
russia08_20,concentration2_cluster_9_group_none,300.0,264.0,93.39,82.95,82.95,55.0,73.04,45.45,55986025.69,343779465.83,29379.0
hukuoka01_6,concentration2_cluster_9_group_none,300.0,367.0,204.28,91.28,90.11,86.67,86.58,37.5,72751610.08,564036768.09,28024.0
hukuoka01_6,distributed,300.0,367.0,193.65,89.92,89.34,62.5,79.6,20.0,131100812.66,1024745248.22,31754.0
ukraine11_10,distributed,300.0,249.0,60.37,77.51,76.75,62.5,58.14,29.63,69180351.63,465177636.2,41246.0
ukraine11_10,concentration2_cluster_9_group_none,300.0,249.0,66.16,79.92,77.98,80.0,62.14,18.52,111567416.15,527194769.05,43049.0
netherlands04_2,distributed,300.0,342.0,88.25,78.95,77.63,85.71,45.32,9.21,189450108.93,424566855.69,65055.0
netherlands04_2,concentration2_cluster_9_group_none,300.0,342.0,86.38,78.65,77.28,50.0,44.99,7.89,242041125.48,905222954.43,65668.0
tokyo03_13,distributed,300.0,237.0,96.48,85.65,85.12,50.0,39.55,6.06,121084696.89,477611599.54,28660.0
tokyo03_13,concentration2_cluster_9_group_none,300.0,237.0,96.48,85.65,85.12,50.0,37.03,6.06,96496856.38,730329554.45,28903.0
slovenia06_28,distributed,300.0,320.0,127.79,85.31,84.82,71.43,56.64,14.89,89491155.22,598829226.81,38704.0
slovenia06_28,concentration2_cluster_9_group_none,300.0,320.0,127.69,85.31,84.8,77.78,60.25,19.15,82962305.96,565125676.38,38285.0
ukraine01_7,distributed,300.0,284.0,106.81,84.86,83.72,60.0,77.68,31.91,84533643.61,485116780.06,35165.0
ukraine01_7,concentration2_cluster_9_group_none,300.0,284.0,105.88,84.86,83.55,46.67,75.94,31.91,82981389.47,620116094.26,34820.0
bulgaria06_18,distributed,300.0,241.0,69.31,81.74,79.11,71.43,69.62,26.92,55870255.11,284208502.75,40751.0
bulgaria06_18,concentration2_cluster_9_group_none,300.0,241.0,69.25,81.74,79.09,66.67,66.16,23.08,54114746.77,312824222.53,40996.0
america52_16,distributed,300.0,375.0,137.95,85.07,83.23,100.0,50.18,13.56,133630539.46,565705674.2,49683.0
america52_16,concentration2_cluster_9_group_none,300.0,375.0,139.03,85.07,83.39,76.92,49.89,22.03,80736526.01,444683406.48,47476.0
eritrea02_11,distributed,300.0,195.0,106.39,90.26,89.93,100.0,72.92,10.0,178124435.43,696125735.66,16788.0
eritrea02_11,concentration2_cluster_9_group_none,300.0,195.0,106.39,90.26,89.93,100.0,70.14,15.0,109669643.3,418647581.11,16499.0
ejypt04_4,distributed,300.0,250.0,66.58,79.6,78.1,88.89,62.27,17.31,91055161.71,365954779.26,42601.0
ejypt04_4,concentration2_cluster_9_group_none,300.0,250.0,67.33,79.6,78.33,75.0,61.22,15.38,99257876.54,335814311.15,42893.0
ukraine01_17,distributed,300.0,284.0,96.82,84.86,81.76,73.33,76.45,26.79,80366398.98,344409847.57,43010.0
ukraine01_17,concentration2_cluster_9_group_none,300.0,284.0,95.87,83.8,81.81,55.56,64.16,32.14,55265836.68,388734539.69,41597.0
america35_15,distributed,300.0,342.0,94.42,80.12,78.69,88.89,38.68,12.16,135440824.69,345144726.0,61532.0
america35_15,concentration2_cluster_9_group_none,300.0,342.0,95.33,80.99,78.67,81.82,37.63,14.86,99761062.05,332607521.27,61659.0
belize01_9,distributed,300.0,324.0,99.65,81.17,80.59,33.33,25.32,5.08,111891666.77,531796323.11,51392.0
belize01_9,concentration2_cluster_9_group_none,300.0,324.0,99.65,81.17,80.59,50.0,25.93,3.39,244667622.14,1434273117.95,52017.0
singapore20_16,distributed,300.0,208.0,60.96,81.25,79.61,66.67,41.4,6.98,267522079.39,430784048.31,37774.0
singapore20_16,concentration2_cluster_9_group_none,300.0,208.0,61.3,81.25,79.72,100.0,40.01,4.65,401279796.0,580874102.28,37757.0
chile39_4,distributed,300.0,375.0,185.62,91.2,87.78,78.13,96.05,59.26,45131900.25,261285025.48,33388.0
chile39_4,concentration2_cluster_9_group_none,300.0,375.0,190.03,91.47,88.19,66.67,98.11,72.22,35350505.49,269782834.9,29610.0
burundi03_26,concentration2_cluster_9_group_none,300.0,236.0,80.66,83.47,82.14,0.0,31.44,0.0,0.0,0.0,38485.0
burundi03_26,distributed,300.0,236.0,80.66,83.47,82.14,100.0,32.79,2.33,208163369.96,532690622.43,38004.0
iceland06_1,distributed,300.0,209.0,103.71,89.47,88.21,55.56,79.88,34.62,96421059.88,808977378.13,19757.0
iceland06_1,concentration2_cluster_9_group_none,300.0,209.0,109.46,90.91,88.97,88.89,89.7,34.62,95144814.09,557149825.54,19007.0
tokyo03_14,concentration2_cluster_9_group_none,300.0,237.0,84.61,84.39,82.8,66.67,42.42,7.14,73177517.12,496930679.28,36111.0
tokyo03_14,distributed,300.0,237.0,84.88,84.39,82.86,75.0,40.64,9.52,69954341.78,332841606.13,35849.0
italy36_14,concentration2_cluster_9_group_none,300.0,281.0,123.71,87.9,86.17,78.57,96.1,34.15,71949322.13,504298035.04,30153.0
italy36_14,distributed,300.0,281.0,117.85,86.48,85.53,71.43,93.71,34.15,73033528.54,495561750.31,29862.0
peru17_21,distributed,300.0,334.0,247.27,95.51,94.91,88.89,91.7,50.0,79519729.96,1054058674.37,11637.0
peru17_21,concentration2_cluster_9_group_none,300.0,334.0,245.98,95.51,94.8,77.78,90.34,50.0,74880395.69,1075384738.92,11940.0
myanmar11_22,concentration2_cluster_9_group_none,300.0,235.0,62.75,79.57,78.16,45.45,50.41,22.45,65257614.52,199334826.61,38291.0
myanmar11_22,distributed,300.0,235.0,64.71,80.43,78.56,46.67,47.83,30.61,45318578.76,165956455.33,37435.0
hungary01_15,distributed,300.0,241.0,69.24,80.5,79.39,87.5,43.16,17.39,94699960.08,267051419.51,37304.0
hungary01_15,concentration2_cluster_9_group_none,300.0,241.0,71.03,80.91,79.8,71.43,45.75,15.22,108941955.09,330119091.37,37668.0
italy16_5,distributed,300.0,214.0,96.14,89.25,86.27,66.67,86.84,46.88,46634526.5,461628439.89,22166.0
italy16_5,concentration2_cluster_9_group_none,300.0,214.0,97.18,89.72,86.38,100.0,76.75,31.25,60189726.37,418541027.14,23482.0
philippines22_27,distributed,300.0,329.0,129.25,84.8,84.61,0.0,30.18,0.0,0.0,0.0,42065.0
philippines22_27,concentration2_cluster_9_group_none,300.0,329.0,131.0,85.11,84.81,50.0,30.18,4.26,151888587.65,602132650.47,41481.0
ejypt04_26,distributed,300.0,250.0,56.23,76.8,75.44,70.0,46.48,17.54,96637178.17,275073221.86,46589.0
ejypt04_26,concentration2_cluster_9_group_none,300.0,250.0,53.74,75.6,74.85,71.43,53.63,24.56,67006133.03,189335203.65,43957.0
new-zealand02_5,distributed,300.0,258.0,84.83,82.56,81.59,50.0,26.31,12.24,154156461.99,526846722.34,40720.0
new-zealand02_5,concentration2_cluster_9_group_none,300.0,258.0,86.46,82.95,81.87,100.0,25.68,10.2,180371268.1,344065508.21,40958.0
myanmar13_29,distributed,300.0,228.0,70.07,82.02,80.37,100.0,41.92,4.44,62856227.78,281724233.62,39508.0
myanmar13_29,concentration2_cluster_9_group_none,300.0,228.0,70.07,82.02,80.37,100.0,42.58,2.22,147547103.91,483249672.1,39725.0
ishikawa_18,distributed,300.0,310.0,124.57,85.48,84.9,66.67,47.0,13.04,102700597.85,532595390.12,39043.0
ishikawa_18,concentration2_cluster_9_group_none,300.0,310.0,126.94,85.81,85.21,80.0,47.84,21.74,59718603.8,251258194.2,36531.0
chile47_28,distributed,300.0,375.0,204.09,90.93,89.73,87.5,89.33,39.02,61953264.73,457484321.44,28816.0
chile47_28,concentration2_cluster_9_group_none,300.0,375.0,213.77,92.53,90.31,66.67,97.67,58.54,48537608.38,446215481.2,24116.0
iceland06_23,concentration2_cluster_9_group_none,300.0,209.0,92.46,87.56,86.34,100.0,64.09,30.0,104599674.95,477004016.74,22428.0
iceland06_23,distributed,300.0,209.0,96.53,88.52,86.99,66.67,71.67,50.0,63441650.55,450534136.08,19449.0
spain07_3,distributed,300.0,364.0,112.97,81.87,80.6,63.64,63.71,16.42,109641154.2,363960309.58,54989.0
spain07_3,concentration2_cluster_9_group_none,300.0,364.0,114.27,81.87,80.83,64.29,58.82,20.9,66839982.47,354431970.53,52715.0
austria32_13,distributed,300.0,327.0,126.11,85.63,84.05,70.0,77.05,18.18,132943174.45,608933771.64,44700.0
austria32_13,concentration2_cluster_9_group_none,300.0,327.0,120.63,84.4,83.45,61.11,81.07,32.73,71819757.57,463105434.86,40948.0
serbia04_19,distributed,300.0,251.0,78.1,81.67,80.7,50.0,59.16,20.83,65765204.26,461218836.93,39116.0
serbia04_19,concentration2_cluster_9_group_none,300.0,251.0,79.05,82.07,80.84,77.78,55.52,18.75,77130347.88,371434546.6,39675.0
new-zealand20_21,distributed,300.0,330.0,175.01,90.91,89.22,76.92,83.05,35.14,109086805.72,451887631.49,26901.0
new-zealand20_21,concentration2_cluster_9_group_none,300.0,330.0,175.49,90.61,89.34,53.85,79.09,35.14,97729079.55,801965734.06,27387.0
canada34_12,distributed,300.0,279.0,80.34,80.65,79.4,66.67,61.47,15.52,163148587.15,695290516.91,48736.0
canada34_12,concentration2_cluster_9_group_none,300.0,279.0,81.92,81.36,79.62,55.56,60.58,15.52,156557738.11,867647059.82,47842.0
myanmar03_9,distributed,300.0,240.0,47.66,74.58,73.54,75.0,25.21,12.9,75119124.17,283500122.74,51003.0
myanmar03_9,concentration2_cluster_9_group_none,300.0,240.0,47.66,74.58,73.54,80.0,26.78,8.06,126750683.33,253676919.09,52698.0
ukraine11_16,distributed,300.0,249.0,96.72,85.14,84.3,92.86,50.26,37.84,71743499.57,266832580.26,25241.0
ukraine11_16,concentration2_cluster_9_group_none,300.0,249.0,95.92,84.74,84.23,90.0,61.04,27.03,89707752.58,373965754.16,27522.0
sapporo_29,distributed,300.0,253.0,87.4,83.4,82.37,83.33,31.95,14.63,86692230.01,399790954.45,34067.0
sapporo_29,concentration2_cluster_9_group_none,300.0,253.0,90.8,84.19,82.95,85.71,29.03,17.07,63901095.94,255997165.93,33265.0
ejypt04_21,distributed,300.0,250.0,58.02,78.4,75.66,75.0,59.62,20.34,92042490.36,250138663.79,48380.0
ejypt04_21,concentration2_cluster_9_group_none,300.0,250.0,57.76,78.4,75.56,84.62,54.71,22.03,87844028.82,274655257.72,47236.0
ishikawa_15,distributed,300.0,310.0,114.95,84.52,83.52,40.0,43.7,9.8,69357144.69,760218924.14,43408.0
ishikawa_15,concentration2_cluster_9_group_none,300.0,310.0,116.17,84.84,83.66,66.67,42.75,11.76,59637613.95,268341218.51,43431.0
ejypt04_17,concentration2_cluster_9_group_none,300.0,250.0,75.0,81.6,79.99,50.0,47.89,19.23,56765947.29,715501915.72,41214.0
ejypt04_17,distributed,300.0,250.0,71.74,80.4,79.4,55.56,57.84,17.31,70841703.27,796499333.58,42376.0
austria37_11,distributed,300.0,334.0,137.33,86.23,85.19,41.18,77.78,33.33,65454887.32,742758443.85,38512.0
austria37_11,concentration2_cluster_9_group_none,300.0,334.0,139.16,86.83,85.32,68.75,75.86,31.37,69834578.86,498957679.51,37949.0
croatia07_27,concentration2_cluster_9_group_none,300.0,221.0,74.25,82.35,82.07,0.0,26.98,0.0,0.0,0.0,34905.0
croatia07_27,distributed,300.0,221.0,74.25,82.35,82.07,0.0,25.05,0.0,0.0,0.0,34905.0
indonesia43_29,distributed,300.0,344.0,154.72,87.5,86.69,45.45,66.67,23.91,67648530.56,429840745.62,37010.0
indonesia43_29,concentration2_cluster_9_group_none,300.0,344.0,153.98,87.21,86.66,75.0,66.61,17.39,104503043.34,528415173.51,37154.0
austria08_27,distributed,300.0,220.0,94.99,86.82,86.03,80.0,47.1,16.67,112298928.36,521379145.09,24235.0
austria08_27,concentration2_cluster_9_group_none,300.0,220.0,96.7,88.18,86.07,83.33,50.32,20.0,85623441.54,470807734.16,24168.0
italy54_22,distributed,300.0,336.0,107.37,82.14,81.12,66.67,60.66,19.05,99658255.69,683190366.42,50703.0
italy54_22,concentration2_cluster_9_group_none,300.0,336.0,106.64,82.14,80.98,35.71,59.69,22.22,81667406.89,1146714412.23,50734.0
chile03_17,distributed,300.0,319.0,108.85,83.7,82.05,77.78,48.88,15.25,123709369.41,625131223.5,48080.0
chile03_17,concentration2_cluster_9_group_none,300.0,319.0,107.18,83.39,81.82,90.91,44.61,18.64,98876169.26,444766440.79,47379.0
myanmar14_3,distributed,300.0,241.0,75.06,81.74,80.7,50.0,29.81,4.55,70639385.73,851043748.75,38568.0
myanmar14_3,concentration2_cluster_9_group_none,300.0,241.0,75.06,81.74,80.7,0.0,30.06,4.55,58737863.28,0.0,38652.0
ukraine12_16,distributed,300.0,255.0,73.41,80.39,79.46,54.55,58.18,21.15,85286916.36,518407250.19,41696.0
ukraine12_16,concentration2_cluster_9_group_none,300.0,255.0,75.66,81.18,79.87,100.0,54.35,19.23,83992216.94,260376138.57,41670.0
italy16_2,distributed,300.0,214.0,93.28,86.92,86.2,66.67,82.63,20.0,80494573.49,526963895.49,25176.0
italy16_2,concentration2_cluster_9_group_none,300.0,214.0,97.42,88.79,86.64,85.71,84.74,23.33,69826873.05,490002585.6,24395.0
chile23_5,distributed,300.0,334.0,133.33,85.33,84.81,100.0,55.43,6.25,233639899.49,782364226.59,41148.0
chile23_5,concentration2_cluster_9_group_none,300.0,334.0,131.24,85.03,84.56,66.67,55.08,6.25,226639276.25,1947167961.21,41211.0
new-zealand20_22,distributed,300.0,330.0,176.74,91.21,89.35,69.23,81.98,33.33,87147513.55,667479360.19,28607.0
new-zealand20_22,concentration2_cluster_9_group_none,300.0,330.0,170.67,90.3,88.85,92.86,80.04,35.9,74537858.94,469941427.0,28180.0
peru24_26,distributed,300.0,326.0,215.64,94.48,92.87,70.0,91.69,41.67,71947120.39,950214337.49,17537.0
peru24_26,concentration2_cluster_9_group_none,300.0,326.0,222.19,95.09,93.34,81.82,83.12,45.83,60982965.76,817518369.6,16735.0
india06_10,concentration2_cluster_9_group_none,300.0,235.0,92.43,86.38,84.27,87.5,71.9,21.05,79221778.64,411791254.06,31323.0
india06_10,distributed,300.0,235.0,90.55,85.53,84.05,62.5,72.11,21.05,78237519.08,481549766.17,31056.0
iceland06_21,distributed,300.0,209.0,81.44,86.12,84.14,66.67,78.61,45.45,70587118.47,471796159.38,20850.0
iceland06_21,concentration2_cluster_9_group_none,300.0,209.0,85.31,87.56,84.74,80.0,73.21,45.45,68372348.73,388528548.01,21807.0
belize04_26,distributed,300.0,338.0,114.51,83.43,81.97,70.0,66.04,16.13,92419754.43,415299174.49,52306.0
belize04_26,concentration2_cluster_9_group_none,300.0,338.0,114.08,83.14,81.97,84.62,64.57,20.97,67291288.0,380035989.01,49903.0
iceland06_8,distributed,300.0,209.0,102.42,89.47,87.96,81.82,82.73,44.0,73239681.01,539284142.34,15989.0
iceland06_8,concentration2_cluster_9_group_none,300.0,209.0,106.9,90.43,88.6,100.0,74.24,40.0,82545303.91,444664265.13,17205.0
canada33_25,distributed,300.0,237.0,96.1,86.08,84.95,75.0,55.19,21.62,107789165.89,486684157.08,30242.0
canada33_25,concentration2_cluster_9_group_none,300.0,237.0,104.21,88.19,86.08,100.0,55.68,24.32,90762788.9,347447351.0,28933.0
chile03_7,distributed,300.0,319.0,119.56,84.33,83.78,69.23,47.19,26.0,71554472.38,462313450.82,40213.0
chile03_7,concentration2_cluster_9_group_none,300.0,319.0,118.14,84.01,83.62,90.91,46.45,22.0,60722716.91,392953222.81,40299.0
chile01_27,distributed,300.0,375.0,147.99,86.13,84.39,66.67,69.23,20.0,95641509.13,623114311.71,48546.0
chile01_27,concentration2_cluster_9_group_none,300.0,375.0,143.69,85.07,84.05,83.33,64.05,20.0,58768154.38,612489005.46,47682.0
indonesia80_25,distributed,300.0,344.0,136.32,85.76,84.56,55.56,50.56,16.36,69271755.09,426968144.24,45391.0
indonesia80_25,concentration2_cluster_9_group_none,300.0,344.0,135.82,85.47,84.55,100.0,48.76,12.73,79200432.71,289798150.41,46119.0
okayama_26,distributed,300.0,293.0,119.97,86.01,85.16,80.0,54.74,11.63,116591454.89,593816472.04,36278.0
okayama_26,concentration2_cluster_9_group_none,300.0,293.0,121.76,86.35,85.37,91.67,54.88,27.91,62555829.64,272821081.21,32704.0
austria32,distributed,300.0,327.0,115.22,85.02,82.38,76.47,81.02,28.81,89628346.17,352713099.2,45330.0
austria32,concentration2_cluster_9_group_none,300.0,327.0,108.31,83.18,81.58,80.0,77.82,25.42,89907368.8,367264198.63,46532.0
america04_10,distributed,300.0,290.0,66.51,77.59,75.63,46.15,44.37,19.12,104432152.77,560615800.81,55906.0
america04_10,concentration2_cluster_9_group_none,300.0,290.0,66.08,77.24,75.58,58.33,41.16,17.65,106250764.51,496838833.72,56045.0
chile01_4,distributed,300.0,375.0,153.84,86.93,84.98,76.92,77.39,23.64,97844576.59,462345102.55,42570.0
chile01_4,concentration2_cluster_9_group_none,300.0,375.0,151.85,85.87,84.97,69.23,71.29,23.64,85893915.61,506316299.95,42441.0
chile47_9,distributed,300.0,375.0,262.82,96.53,93.6,82.35,96.89,60.71,49394784.71,466567905.83,17711.0
chile47_9,concentration2_cluster_9_group_none,300.0,375.0,272.18,97.07,94.19,81.82,95.88,78.57,39962210.44,385978401.05,13149.0
america04_8,distributed,300.0,290.0,93.35,83.1,81.03,57.14,40.01,12.73,131326581.82,639670468.8,46803.0
america04_8,concentration2_cluster_9_group_none,300.0,290.0,96.42,83.79,81.51,75.0,42.32,14.55,100220565.89,407037713.24,45521.0
nara01_18,distributed,300.0,319.0,94.39,81.19,79.81,50.0,34.69,6.45,105471694.47,777261492.59,54412.0
nara01_18,concentration2_cluster_9_group_none,300.0,319.0,94.39,81.19,79.81,66.67,35.37,4.84,149853655.47,876674135.92,54551.0
turkey33_11,distributed,300.0,267.0,135.26,89.89,88.53,80.0,76.95,30.3,78866507.19,665372083.99,25085.0
turkey33_11,concentration2_cluster_9_group_none,300.0,267.0,138.76,90.26,88.96,75.0,81.28,36.36,52268285.57,608629094.56,23997.0
okayama_20,distributed,300.0,293.0,126.57,86.69,86.07,66.67,52.73,14.63,85294174.52,534402148.96,34217.0
okayama_20,concentration2_cluster_9_group_none,300.0,293.0,127.39,87.03,86.12,62.5,54.34,19.51,53455722.59,522674007.92,33570.0
indonesia43_7,distributed,300.0,344.0,119.56,83.72,82.42,66.67,66.57,20.0,69246813.35,328020742.92,50019.0
indonesia43_7,concentration2_cluster_9_group_none,300.0,344.0,124.81,85.47,82.86,88.89,67.95,30.0,36681587.15,217451525.77,46539.0
ecuador01_20,distributed,300.0,325.0,185.65,92.31,90.4,76.47,89.49,48.57,47893403.7,504513176.84,23589.0
ecuador01_20,concentration2_cluster_9_group_none,300.0,325.0,189.32,92.92,90.66,70.59,90.42,48.57,50895382.44,481126863.95,23601.0
canada33_12,distributed,300.0,237.0,69.39,81.01,79.65,33.33,49.41,19.15,133261037.88,459579334.39,39488.0
canada33_12,concentration2_cluster_9_group_none,300.0,237.0,72.34,81.86,80.27,50.0,45.69,17.02,160360930.71,474787016.52,38301.0
ecuador01_29,distributed,300.0,325.0,161.11,90.46,87.97,81.25,93.85,38.1,82847452.63,422221338.88,29567.0
ecuador01_29,concentration2_cluster_9_group_none,300.0,325.0,162.17,90.15,88.17,70.59,96.33,40.48,61366671.07,470222894.4,30040.0
italy36_1,distributed,300.0,281.0,139.63,90.75,87.95,64.29,94.54,41.18,70511610.88,483326468.26,23621.0
italy36_1,concentration2_cluster_9_group_none,300.0,281.0,138.01,90.39,87.8,40.0,88.84,44.12,62011087.69,733926761.75,23794.0
austria32_12,distributed,300.0,327.0,102.44,81.96,80.77,55.0,75.61,33.33,71470425.71,395322262.94,45379.0
austria32_12,concentration2_cluster_9_group_none,300.0,327.0,104.68,82.57,81.05,70.83,79.96,40.0,49874153.74,273946350.13,44385.0
germany08_22,distributed,300.0,269.0,100.78,85.5,83.5,66.67,75.73,27.27,109367871.52,479041135.17,34499.0
germany08_22,concentration2_cluster_9_group_none,300.0,269.0,93.73,82.9,82.67,75.0,72.17,27.27,107221931.93,350889908.8,34400.0
america35_21,distributed,300.0,342.0,85.03,78.36,77.04,58.82,45.86,21.79,67999215.8,433727105.64,61723.0
america35_21,concentration2_cluster_9_group_none,300.0,342.0,87.18,78.95,77.39,93.33,44.22,19.23,75208464.54,319390167.6,61917.0
philippines25_15,distributed,300.0,371.0,115.85,82.21,80.64,72.22,74.69,25.35,52765008.84,361742688.55,56783.0
philippines25_15,concentration2_cluster_9_group_none,300.0,371.0,120.06,82.75,81.22,58.82,73.63,23.94,41215283.64,436067564.95,56628.0
iceland06_27,distributed,300.0,209.0,88.64,86.6,85.72,62.5,77.33,29.63,127143222.29,911139157.12,20785.0
iceland06_27,concentration2_cluster_9_group_none,300.0,209.0,94.25,88.04,86.62,71.43,48.21,25.93,138519838.98,717675247.45,21029.0
india06_26,distributed,300.0,235.0,85.27,84.26,83.15,100.0,65.39,17.95,105303841.73,306040531.43,31529.0
india06_26,concentration2_cluster_9_group_none,300.0,235.0,82.22,83.4,82.63,83.33,67.21,15.38,114980282.58,447481980.13,32610.0
russia08_9,distributed,300.0,264.0,96.12,84.47,83.17,41.18,80.64,37.78,74842788.74,827137863.35,31855.0
russia08_9,concentration2_cluster_9_group_none,300.0,264.0,103.27,85.61,84.34,56.25,74.78,35.56,78703414.89,539353454.14,32438.0
italy16_17,distributed,300.0,214.0,80.56,85.98,83.48,71.43,85.68,38.89,53856834.77,431469565.66,26257.0
italy16_17,concentration2_cluster_9_group_none,300.0,214.0,81.08,85.51,83.72,64.29,82.94,38.89,48047285.54,449140347.57,26671.0
spain07_27,concentration2_cluster_9_group_none,300.0,364.0,111.41,81.04,80.52,91.67,57.22,17.91,62669653.2,352655697.35,55438.0
spain07_27,distributed,300.0,364.0,111.41,81.04,80.52,71.43,57.91,10.45,140762761.95,619046616.2,56892.0
greece06_2,distributed,300.0,342.0,86.33,78.36,77.34,62.5,40.18,10.81,113435222.87,456654072.7,62763.0
greece06_2,concentration2_cluster_9_group_none,300.0,342.0,86.19,78.65,77.24,100.0,40.34,12.16,92224144.22,329861583.3,61958.0
india10_14,distributed,300.0,247.0,62.27,78.54,77.27,100.0,32.58,3.64,224714458.82,454889108.85,48677.0
india10_14,concentration2_cluster_9_group_none,300.0,247.0,62.27,78.54,77.27,100.0,33.69,1.82,494621323.7,576178388.44,48915.0
austria32_2,concentration2_cluster_9_group_none,300.0,327.0,109.05,83.79,81.57,86.36,77.95,34.38,56970667.01,240101023.93,46923.0
austria32_2,distributed,300.0,327.0,115.86,85.32,82.42,85.71,68.93,32.81,56727731.52,261605634.21,46306.0
venezuela01_5,distributed,300.0,299.0,210.88,95.32,93.98,81.82,95.31,52.38,58029696.63,722752516.26,13675.0
venezuela01_5,concentration2_cluster_9_group_none,300.0,299.0,224.43,96.32,95.01,90.91,91.54,52.38,54892493.53,627783336.2,11803.0
america35_2,distributed,300.0,342.0,90.08,79.53,77.9,60.0,33.13,13.16,103950768.97,347026486.06,64119.0
america35_2,concentration2_cluster_9_group_none,300.0,342.0,92.43,80.41,78.19,63.64,34.09,14.47,82114341.36,320734293.19,63047.0
mongolia05_23,distributed,300.0,250.0,147.07,92.4,90.97,77.78,89.92,37.5,92225320.33,839663907.07,17160.0
mongolia05_23,concentration2_cluster_9_group_none,300.0,250.0,149.67,92.8,91.23,81.82,97.27,45.83,71347238.39,658029386.77,16003.0
germany17_1,distributed,300.0,311.0,95.3,81.67,80.39,42.86,33.85,11.67,169894156.41,455090055.03,51053.0
germany17_1,concentration2_cluster_9_group_none,300.0,311.0,95.86,81.99,80.43,85.71,36.94,11.67,163205876.41,418294941.8,50435.0
indonesia63_5,distributed,300.0,340.0,88.76,78.82,77.9,33.33,44.71,12.33,53322702.22,550716155.28,62626.0
indonesia63_5,concentration2_cluster_9_group_none,300.0,340.0,88.76,78.82,77.9,37.5,44.63,10.96,51818345.01,352650144.18,62639.0
india06_12,distributed,300.0,235.0,127.45,90.64,89.73,50.0,66.55,16.67,155912709.43,1155132576.11,19457.0
india06_12,concentration2_cluster_9_group_none,300.0,235.0,128.64,91.06,89.82,87.5,73.55,33.33,74934308.84,385918649.61,17860.0
chile47_15,distributed,300.0,375.0,209.16,91.2,90.17,65.0,94.45,52.63,55185068.13,526449890.02,24591.0
chile47_15,concentration2_cluster_9_group_none,300.0,375.0,211.53,92.0,90.22,76.92,94.18,68.42,36545309.71,318317928.86,20418.0
myanmar12_10,distributed,300.0,226.0,46.6,75.66,74.0,0.0,33.09,0.0,0.0,268935517.82,51015.0
myanmar12_10,concentration2_cluster_9_group_none,300.0,226.0,48.58,76.99,74.48,100.0,31.98,5.26,61794007.76,154970735.52,50199.0
argentina10_10,distributed,300.0,336.0,130.96,84.82,84.45,25.0,37.16,8.16,142672349.9,4015623157.83,42540.0
argentina10_10,concentration2_cluster_9_group_none,300.0,336.0,132.03,85.12,84.54,100.0,37.37,2.04,611212508.72,3214710964.83,43491.0
ukraine01,distributed,300.0,284.0,87.03,82.75,80.13,55.56,77.02,31.03,75116637.23,442021602.61,43966.0
ukraine01,concentration2_cluster_9_group_none,300.0,284.0,86.5,82.75,80.01,37.5,75.57,27.59,86281909.24,559662668.97,44550.0
ibaragi_17,distributed,300.0,258.0,70.76,79.46,78.73,60.0,45.82,9.26,79674945.57,291148834.88,46051.0
ibaragi_17,concentration2_cluster_9_group_none,300.0,258.0,70.76,79.46,78.73,87.5,43.78,14.81,57445906.39,209758346.44,44614.0
netherlands04_10,distributed,300.0,342.0,96.23,80.41,79.0,33.33,34.46,4.17,419299530.68,1531774726.82,63054.0
netherlands04_10,concentration2_cluster_9_group_none,300.0,342.0,96.89,80.7,79.06,100.0,35.2,8.33,184457575.35,335594499.52,61347.0
peru17_25,distributed,300.0,334.0,221.62,93.71,93.1,100.0,87.38,25.0,132708284.75,1178089504.52,18366.0
peru17_25,concentration2_cluster_9_group_none,300.0,334.0,226.32,94.31,93.39,83.33,84.28,25.0,129169725.9,1413813199.13,18096.0
chile39_2,distributed,300.0,375.0,233.6,94.4,91.69,80.0,94.28,71.43,34960139.63,330046946.9,21204.0
chile39_2,concentration2_cluster_9_group_none,300.0,375.0,229.51,94.4,91.33,63.64,98.18,78.57,34297958.98,385905788.59,19596.0
myanmar12_4,distributed,300.0,226.0,49.23,76.55,74.87,66.67,25.51,5.17,95731242.98,438461811.13,50824.0
myanmar12_4,concentration2_cluster_9_group_none,300.0,226.0,48.58,76.11,74.71,75.0,25.05,6.9,48644694.18,305267078.37,50256.0
cuba02_13,distributed,300.0,244.0,90.94,84.84,83.55,75.0,43.2,10.26,169773084.07,395572387.66,33206.0
cuba02_13,concentration2_cluster_9_group_none,300.0,244.0,90.94,84.84,83.55,100.0,42.83,5.13,299235973.18,491476949.68,33904.0
italy16_20,distributed,300.0,214.0,109.01,90.65,88.47,70.0,76.89,43.48,58816525.85,549748924.87,16399.0
italy16_20,concentration2_cluster_9_group_none,300.0,214.0,111.85,91.12,88.88,100.0,77.47,30.43,71882944.61,429754933.62,17308.0
myanmar11_26,distributed,300.0,235.0,62.15,79.57,77.97,77.78,56.89,17.31,84422739.33,277080366.8,42289.0
myanmar11_26,concentration2_cluster_9_group_none,300.0,235.0,62.15,79.57,77.97,77.78,53.28,17.31,87987555.81,343501147.79,42991.0
india10_18,distributed,300.0,247.0,68.91,80.16,78.89,33.33,29.37,5.77,130518823.65,376309767.95,45601.0
india10_18,concentration2_cluster_9_group_none,300.0,247.0,68.91,80.16,78.89,50.0,29.32,7.69,112738570.32,327626735.16,44697.0
germany17_29,distributed,300.0,311.0,88.27,79.42,79.42,20.0,34.23,8.2,168209819.28,796279734.51,52490.0
germany17_29,concentration2_cluster_9_group_none,300.0,311.0,88.27,79.42,79.42,50.0,32.95,9.84,157095466.61,671930988.4,52114.0
belize04_14,distributed,300.0,338.0,134.15,85.8,84.58,50.0,66.43,30.77,55138032.44,505925599.15,39861.0
belize04_14,concentration2_cluster_9_group_none,300.0,338.0,134.27,85.5,84.67,80.0,67.12,28.85,48348438.72,338725945.54,39943.0
chile39_27,distributed,300.0,375.0,196.69,91.73,88.82,71.88,93.24,64.0,38632245.37,343585596.88,28959.0
chile39_27,concentration2_cluster_9_group_none,300.0,375.0,231.29,95.47,91.26,97.06,99.38,68.0,37938364.98,272570350.36,25051.0
chile01_8,distributed,300.0,375.0,152.36,86.4,84.91,55.56,72.73,31.03,72260293.6,634633415.89,45109.0
chile01_8,concentration2_cluster_9_group_none,300.0,375.0,149.43,85.87,84.65,64.29,70.15,24.14,84311122.71,546704435.42,46247.0
turkey18_14,distributed,300.0,253.0,109.18,86.96,85.99,50.0,73.8,22.22,91223356.09,747367173.7,28876.0
turkey18_14,concentration2_cluster_9_group_none,300.0,253.0,109.2,86.96,85.99,85.71,71.56,19.44,112269893.86,537542592.77,28268.0
canada34_14,distributed,300.0,279.0,96.33,83.51,82.34,58.33,66.11,24.0,112697305.7,595543537.19,40361.0
canada34_14,concentration2_cluster_9_group_none,300.0,279.0,97.37,83.87,82.46,75.0,62.45,24.0,110847091.11,515535528.26,40163.0
slovenia06_9,distributed,300.0,320.0,114.5,84.38,82.84,66.67,50.47,21.82,69879453.09,502337190.8,43621.0
slovenia06_9,concentration2_cluster_9_group_none,300.0,320.0,116.34,84.38,83.16,88.89,46.94,16.36,96533352.69,504338639.25,44920.0
india10_23,distributed,300.0,247.0,92.04,84.62,83.6,50.0,33.15,5.13,134723083.33,749811008.4,34297.0
india10_23,concentration2_cluster_9_group_none,300.0,247.0,93.5,85.02,83.82,100.0,32.89,5.13,126998764.28,514572078.27,33979.0
philippines30_10,distributed,300.0,290.0,97.61,84.14,81.68,83.33,52.81,21.43,66161164.91,265485728.21,44774.0
philippines30_10,concentration2_cluster_9_group_none,300.0,290.0,98.87,84.83,81.77,85.71,52.33,25.0,50049771.61,230333500.22,44256.0
serbia04_14,distributed,300.0,251.0,101.13,85.26,85.01,33.33,57.54,8.57,169448947.03,982486450.82,29909.0
serbia04_14,concentration2_cluster_9_group_none,300.0,251.0,101.13,85.26,85.01,60.0,56.12,14.29,103192116.69,853748441.88,29310.0
italy36,distributed,300.0,281.0,129.17,88.97,86.79,64.71,98.77,42.5,55840255.19,467873930.2,27851.0
italy36,concentration2_cluster_9_group_none,300.0,281.0,123.49,87.9,86.13,94.44,97.0,45.0,57121309.5,343386713.97,26530.0
sapporo_26,distributed,300.0,253.0,99.01,84.58,84.58,100.0,42.11,2.63,288436621.38,1483238138.49,33520.0
sapporo_26,concentration2_cluster_9_group_none,300.0,253.0,99.01,84.58,84.58,100.0,41.11,2.63,296941572.62,1514449025.87,33718.0
germany17_14,distributed,300.0,311.0,82.05,78.78,78.12,100.0,33.09,7.94,210000390.01,529256028.28,54154.0
germany17_14,concentration2_cluster_9_group_none,300.0,311.0,83.07,79.1,78.29,71.43,34.0,11.11,140452763.8,612805890.67,53024.0
slovenia06_11,distributed,300.0,320.0,162.44,90.31,88.48,70.0,60.53,25.64,68142731.04,463462638.14,30470.0
slovenia06_11,concentration2_cluster_9_group_none,300.0,320.0,160.88,90.0,88.35,62.5,65.11,20.51,91433745.16,714025026.6,32215.0
ukraine11_29,distributed,300.0,249.0,70.97,81.12,79.08,60.0,62.07,29.41,87506721.55,411721361.45,37869.0
ukraine11_29,concentration2_cluster_9_group_none,300.0,249.0,68.7,79.92,78.73,100.0,56.27,27.45,92772728.47,229956690.14,37777.0
netherlands04_16,distributed,300.0,342.0,91.7,79.82,78.18,54.55,45.22,14.86,75343740.6,526539979.03,61125.0
netherlands04_16,concentration2_cluster_9_group_none,300.0,342.0,91.63,79.82,78.17,53.85,44.73,17.57,76317259.85,447938727.57,60514.0
nara01_10,concentration2_cluster_9_group_none,300.0,319.0,125.16,85.27,84.48,0.0,33.39,2.13,113614687.31,0.0,41521.0
nara01_10,distributed,300.0,319.0,125.16,85.27,84.48,0.0,32.24,4.26,67290394.63,0.0,41253.0
ecuador01_24,distributed,300.0,325.0,220.68,95.08,93.27,83.33,97.36,50.0,74290072.24,431377861.9,16746.0
ecuador01_24,concentration2_cluster_9_group_none,300.0,325.0,225.16,95.08,93.67,90.0,96.51,41.67,92214820.32,549285017.15,15716.0
italy36_13,distributed,300.0,281.0,110.65,86.48,84.27,58.82,88.19,36.96,66675618.0,448303550.62,32945.0
italy36_13,concentration2_cluster_9_group_none,300.0,281.0,109.69,86.48,84.09,65.22,89.72,50.0,41405757.27,328652552.42,30263.0
tokyo12_27,distributed,300.0,352.0,139.43,86.08,84.48,85.71,38.05,12.73,89722772.31,511349859.39,46176.0
tokyo12_27,concentration2_cluster_9_group_none,300.0,352.0,138.87,85.51,84.53,57.14,38.84,12.73,75691175.76,720919961.79,46668.0
america52_23,distributed,300.0,375.0,144.3,85.87,83.95,69.23,51.74,20.63,77663702.13,383297642.84,51341.0
america52_23,concentration2_cluster_9_group_none,300.0,375.0,141.06,85.07,83.68,88.89,52.49,14.29,116407764.42,483225363.83,52527.0
chile03_5,distributed,300.0,319.0,93.5,80.56,79.78,87.5,47.1,12.31,162796514.78,447310080.1,54204.0
chile03_5,concentration2_cluster_9_group_none,300.0,319.0,93.5,80.56,79.78,80.0,46.41,7.69,238302399.94,700754652.77,55950.0
peru24_6,distributed,300.0,326.0,228.65,95.09,93.91,81.82,90.45,47.83,63865618.12,846045771.68,15798.0
peru24_6,concentration2_cluster_9_group_none,300.0,326.0,229.83,95.4,93.95,84.62,93.17,56.52,54028426.1,683390610.97,14314.0
ejypt04_3,distributed,300.0,250.0,51.39,75.2,74.06,75.0,63.49,18.75,94097006.65,261736631.82,52210.0
ejypt04_3,concentration2_cluster_9_group_none,300.0,250.0,50.9,75.2,73.87,90.91,68.66,17.19,106754077.82,265798796.28,52805.0
romania06_4,distributed,300.0,234.0,131.63,91.88,90.19,75.0,91.57,48.0,74862290.18,511406748.63,16279.0
romania06_4,concentration2_cluster_9_group_none,300.0,234.0,122.59,90.17,89.14,60.0,72.33,20.0,154777974.26,1021059717.82,20594.0
austria20_20,distributed,300.0,173.0,66.86,84.97,84.24,75.0,54.12,14.29,105322540.35,463564527.29,23283.0
austria20_20,concentration2_cluster_9_group_none,300.0,173.0,66.86,84.97,84.24,100.0,55.0,14.29,94549256.51,315965693.62,23052.0
ukraine01_22,distributed,300.0,284.0,96.74,84.15,81.91,53.33,71.3,29.41,76323483.27,536754874.36,38625.0
ukraine01_22,concentration2_cluster_9_group_none,300.0,284.0,105.34,86.27,83.12,94.44,72.29,35.29,55000933.65,245939247.4,36135.0
indonesia79_25,concentration2_cluster_9_group_none,300.0,318.0,96.17,82.08,80.03,87.5,71.75,25.0,38857709.51,215407132.48,52068.0
indonesia79_25,distributed,300.0,318.0,93.21,81.76,79.48,72.73,66.67,17.19,55894580.54,186191453.54,53507.0
america03_28,concentration2_cluster_9_group_none,300.0,334.0,101.34,82.34,80.03,100.0,57.67,24.24,60990642.85,242397630.08,51602.0
america03_28,distributed,300.0,334.0,97.08,80.84,79.54,62.5,54.02,24.24,63776863.08,435198120.8,52703.0
canada33_4,distributed,300.0,237.0,96.92,86.08,85.12,50.0,52.04,16.67,150519048.89,832053101.34,29430.0
canada33_4,concentration2_cluster_9_group_none,300.0,237.0,98.32,86.92,85.21,90.91,53.7,30.56,72415341.15,378355075.28,27760.0
india06_11,distributed,300.0,235.0,83.84,84.26,82.81,85.71,64.8,16.67,100287847.07,378193674.62,34247.0
india06_11,concentration2_cluster_9_group_none,300.0,235.0,85.64,84.68,83.14,90.0,61.46,23.81,65200509.21,244847334.22,33890.0
germany08_28,distributed,300.0,269.0,104.56,85.87,84.15,83.33,80.67,26.09,96937505.36,497009678.69,35626.0
germany08_28,concentration2_cluster_9_group_none,300.0,269.0,107.95,86.99,84.53,100.0,82.7,23.91,91350775.16,435652209.04,35252.0
sapporo_17,distributed,300.0,253.0,66.77,79.05,78.06,100.0,33.37,8.93,116241757.3,318751931.83,47763.0
sapporo_17,concentration2_cluster_9_group_none,300.0,253.0,67.06,79.05,78.15,66.67,32.68,10.71,89254666.37,545327751.73,47588.0
china10_11,distributed,300.0,242.0,107.66,88.43,86.26,84.62,69.49,36.11,66434332.51,506164190.81,25871.0
china10_11,concentration2_cluster_9_group_none,300.0,242.0,103.71,87.19,85.8,81.25,64.97,44.44,45881580.16,372018731.25,24338.0
peru24_7,concentration2_cluster_9_group_none,300.0,326.0,229.99,95.71,93.9,81.82,88.15,47.83,63809649.75,701478888.88,16431.0
peru24_7,distributed,300.0,326.0,237.92,96.32,94.45,83.33,89.63,52.17,60685840.78,716551588.84,15590.0
new-zealand02_19,distributed,300.0,258.0,73.26,80.62,79.13,50.0,32.98,7.41,207949902.48,564374942.16,46637.0
new-zealand02_19,concentration2_cluster_9_group_none,300.0,258.0,72.49,80.23,79.02,100.0,33.87,3.7,330705672.17,610857998.23,47197.0
serbia04_26,distributed,300.0,251.0,98.64,85.26,84.51,62.5,50.93,22.86,62690995.78,203404348.03,27210.0
serbia04_26,concentration2_cluster_9_group_none,300.0,251.0,98.64,85.26,84.51,42.86,48.64,20.0,69528770.41,325051461.4,27658.0
venezuela01_1,distributed,300.0,299.0,204.09,94.98,93.39,63.64,95.8,52.38,57869605.44,794529493.03,12985.0
venezuela01_1,concentration2_cluster_9_group_none,300.0,299.0,196.24,93.98,92.82,33.33,94.27,57.14,52595292.96,1295912771.84,13221.0
hukuoka01_9,distributed,300.0,367.0,209.11,91.55,90.52,78.57,76.11,35.0,70132199.79,443413939.16,28784.0
hukuoka01_9,concentration2_cluster_9_group_none,300.0,367.0,218.69,92.92,91.12,76.19,88.95,52.5,51426823.73,402616867.98,26230.0
germany17_24,distributed,300.0,311.0,74.07,77.17,76.49,75.0,38.76,5.56,203731655.21,477293565.76,62678.0
germany17_24,concentration2_cluster_9_group_none,300.0,311.0,73.92,77.17,76.45,100.0,38.8,6.94,159533290.85,424536824.77,62161.0
russia08_25,distributed,300.0,264.0,96.8,85.61,83.04,63.16,76.04,38.78,57835778.34,368962568.98,34374.0
russia08_25,concentration2_cluster_9_group_none,300.0,264.0,100.05,87.5,83.26,73.91,71.51,46.94,41705945.44,206064101.32,31679.0
philippines30_14,distributed,300.0,290.0,89.17,83.1,80.12,69.23,52.0,23.21,48176367.39,209583571.17,44185.0
philippines30_14,concentration2_cluster_9_group_none,300.0,290.0,90.41,83.1,80.39,84.62,52.29,23.21,46720198.06,203411405.01,45394.0
mongolia05_27,concentration2_cluster_9_group_none,300.0,250.0,126.57,90.0,88.49,90.91,86.01,35.48,92492628.12,579711875.73,22751.0
mongolia05_27,distributed,300.0,250.0,131.18,91.2,88.94,58.82,96.7,54.84,55600187.18,596275757.5,20279.0
germany17_4,concentration2_cluster_9_group_none,300.0,311.0,83.93,79.1,78.49,40.0,33.04,7.69,187505743.84,2120506312.65,56484.0
germany17_4,distributed,300.0,311.0,84.51,79.42,78.55,50.0,33.7,6.15,277391116.95,1902763796.63,56527.0
russia08_10,distributed,300.0,264.0,130.0,90.91,87.74,76.47,88.72,44.74,54380025.79,340037294.87,27033.0
russia08_10,concentration2_cluster_9_group_none,300.0,264.0,121.35,89.39,86.7,62.5,88.85,42.11,57392948.41,437198565.71,26737.0
chile03_9,distributed,300.0,319.0,99.15,81.19,80.8,100.0,42.33,8.62,218065446.93,580786506.82,49292.0
chile03_9,concentration2_cluster_9_group_none,300.0,319.0,99.15,81.19,80.8,85.71,41.97,12.07,137177268.19,522935531.27,47766.0
austria32_20,distributed,300.0,327.0,134.25,86.85,85.01,70.59,80.58,32.69,74630899.52,498650389.08,38186.0
austria32_20,concentration2_cluster_9_group_none,300.0,327.0,139.62,87.77,85.59,86.67,77.89,28.85,76269238.49,451108384.67,39067.0
germany17_12,distributed,300.0,311.0,89.16,79.74,79.54,57.14,31.25,12.07,87402988.59,491553333.58,49590.0
germany17_12,concentration2_cluster_9_group_none,300.0,311.0,90.42,80.06,79.74,88.89,30.83,15.52,72834241.61,332161922.66,48118.0
germany08_21,distributed,300.0,269.0,91.65,83.64,82.04,58.33,70.65,25.0,100518242.56,573191664.08,36879.0
germany08_21,concentration2_cluster_9_group_none,300.0,269.0,91.91,83.64,82.09,80.0,64.24,20.83,100632037.8,555698209.61,38204.0
belgium04_17,distributed,300.0,326.0,92.74,80.37,79.23,60.0,37.31,7.35,138835899.25,481490470.7,58998.0
belgium04_17,concentration2_cluster_9_group_none,300.0,326.0,92.35,80.06,79.22,50.0,37.4,8.82,97963737.94,805765109.73,58550.0
new-zealand20_25,distributed,300.0,330.0,198.86,93.03,91.32,70.0,74.79,33.33,92911851.99,711449675.8,21863.0
new-zealand20_25,concentration2_cluster_9_group_none,300.0,330.0,197.45,92.73,91.24,80.0,81.2,33.33,87661347.66,579245343.33,22532.0
america04_26,distributed,300.0,290.0,70.32,78.28,76.56,100.0,41.04,11.59,133876198.24,297440035.12,57334.0
america04_26,concentration2_cluster_9_group_none,300.0,290.0,72.45,78.97,76.98,66.67,40.07,13.04,105955545.32,422153654.39,57825.0
belize01_5,distributed,300.0,324.0,81.37,79.01,77.08,100.0,24.72,2.63,247888767.48,349176942.11,67616.0
belize01_5,concentration2_cluster_9_group_none,300.0,324.0,81.37,79.01,77.08,100.0,24.75,2.63,179272476.86,432209619.37,67427.0
austria37_22,distributed,300.0,334.0,116.84,84.13,82.45,68.42,85.37,30.65,77420947.18,577365205.37,47674.0
austria37_22,concentration2_cluster_9_group_none,300.0,334.0,118.8,84.43,82.71,54.17,90.18,38.71,58962232.48,586014953.6,44405.0
myanmar03_21,distributed,300.0,240.0,71.55,80.83,80.05,100.0,20.88,2.13,392460397.97,1273562579.32,41629.0
myanmar03_21,concentration2_cluster_9_group_none,300.0,240.0,71.55,80.83,80.05,33.33,22.03,6.38,130645938.42,1546457925.84,41078.0
romania06_22,distributed,300.0,234.0,142.43,93.16,91.49,100.0,94.15,38.1,73300727.47,535958234.65,15337.0
romania06_22,concentration2_cluster_9_group_none,300.0,234.0,150.18,94.02,92.36,87.5,83.79,38.1,72644747.01,619827930.85,14653.0
mongolia05_4,concentration2_cluster_9_group_none,300.0,250.0,179.54,95.6,94.28,88.89,69.19,50.0,55209017.83,717246875.65,11127.0
mongolia05_4,distributed,300.0,250.0,182.58,96.0,94.53,90.91,88.84,61.11,58542125.0,521041290.67,10942.0
austria22_16,concentration2_cluster_9_group_none,300.0,315.0,137.8,87.3,86.18,80.0,54.67,21.28,80335060.75,476430062.86,37033.0
austria22_16,distributed,300.0,315.0,133.84,86.98,85.67,87.5,58.83,17.02,102244145.2,340520945.88,39237.0
philippines34_24,distributed,300.0,346.0,108.95,81.79,80.91,57.14,49.36,10.45,117760456.76,579615704.11,57450.0
philippines34_24,concentration2_cluster_9_group_none,300.0,346.0,106.89,81.21,80.67,50.0,52.11,8.96,118507177.99,904590590.58,57970.0
argentina10_14,concentration2_cluster_9_group_none,300.0,336.0,92.98,79.76,78.83,83.33,36.5,9.09,149493230.11,724697020.87,56202.0
argentina10_14,distributed,300.0,336.0,92.98,79.76,78.83,100.0,38.35,6.06,203885385.69,923142854.79,56882.0
iceland07_27,concentration2_cluster_9_group_none,300.0,244.0,89.49,86.07,82.94,92.31,70.65,31.71,73039458.3,365293716.47,30274.0
iceland07_27,distributed,300.0,244.0,80.12,82.38,81.6,81.82,72.78,26.83,82489231.94,519283399.82,30528.0
yamanashi_17,concentration2_cluster_9_group_none,300.0,320.0,98.38,81.56,80.49,60.0,38.73,8.06,91546976.53,386632873.24,53487.0
yamanashi_17,distributed,300.0,320.0,96.7,81.25,80.22,80.0,38.36,8.06,93843765.06,267844502.62,53337.0
belize04_28,concentration2_cluster_9_group_none,300.0,338.0,112.3,82.54,81.8,88.89,59.98,14.52,93015952.9,509500693.99,51374.0
belize04_28,distributed,300.0,338.0,113.86,83.14,81.93,90.0,61.73,16.13,95796216.02,403853037.84,50863.0
america52_3,distributed,300.0,375.0,153.59,85.87,85.19,37.5,50.65,14.81,112015322.59,1036681064.38,45328.0
america52_3,concentration2_cluster_9_group_none,300.0,375.0,156.85,86.4,85.49,80.0,50.77,18.52,103579558.4,478853966.39,43799.0
austria22_15,distributed,300.0,315.0,125.28,86.35,84.49,62.5,62.34,33.33,66510777.81,334975376.25,34493.0
austria22_15,concentration2_cluster_9_group_none,300.0,315.0,131.42,87.3,85.23,91.67,56.4,25.0,90668352.32,298546140.5,36042.0
ukraine11_17,distributed,300.0,249.0,81.59,82.33,81.57,66.67,56.68,19.57,122430972.99,572031711.75,36919.0
ukraine11_17,concentration2_cluster_9_group_none,300.0,249.0,82.65,82.73,81.73,86.67,56.71,32.61,71599500.6,331473160.68,34372.0
germany08_24,distributed,300.0,269.0,108.85,86.62,84.78,63.64,72.2,26.83,74248713.74,467560979.19,32133.0
germany08_24,concentration2_cluster_9_group_none,300.0,269.0,105.96,85.13,84.59,62.5,81.35,39.02,51777878.75,336554408.29,29035.0
eritrea02_3,concentration2_cluster_9_group_none,300.0,195.0,90.94,87.69,87.37,33.33,66.36,26.09,83211495.95,397135583.02,17081.0
eritrea02_3,distributed,300.0,195.0,94.34,88.72,87.87,100.0,65.43,21.74,100728068.58,246958685.89,17643.0
china10_13,distributed,300.0,242.0,135.72,91.32,90.25,60.0,77.8,38.46,63862013.29,757828851.56,17872.0
china10_13,concentration2_cluster_9_group_none,300.0,242.0,133.13,91.32,89.86,87.5,80.47,30.77,55051796.12,596737915.76,19167.0
myanmar14_21,distributed,300.0,241.0,86.5,83.82,83.04,0.0,24.72,0.0,0.0,0.0,35800.0
myanmar14_21,concentration2_cluster_9_group_none,300.0,241.0,86.5,83.82,83.04,100.0,24.73,2.5,218674686.73,388823001.45,35592.0
serbia02_5,distributed,300.0,240.0,59.6,77.5,77.24,50.0,37.67,4.0,145220928.23,619187998.49,43692.0
serbia02_5,concentration2_cluster_9_group_none,300.0,240.0,59.6,77.5,77.24,50.0,35.96,4.0,163629496.95,700318027.35,43593.0
america04_5,distributed,300.0,290.0,91.75,82.41,80.85,58.33,45.31,21.43,94939059.73,358601217.17,43964.0
america04_5,concentration2_cluster_9_group_none,300.0,290.0,91.93,82.41,80.89,77.78,44.89,16.07,119516872.07,373455969.66,45671.0
austria08_7,distributed,300.0,220.0,63.94,81.36,79.41,60.0,39.97,21.74,84772454.72,299324031.69,37464.0
austria08_7,concentration2_cluster_9_group_none,300.0,220.0,65.62,82.73,79.6,87.5,43.12,17.39,112846206.07,326107866.63,37832.0
bolivia01_28,distributed,300.0,243.0,73.99,81.89,80.21,50.0,51.3,13.33,62242871.97,387377923.12,38493.0
bolivia01_28,concentration2_cluster_9_group_none,300.0,243.0,75.4,81.89,80.59,100.0,47.92,13.33,70930348.99,247149862.35,37272.0
philippines25_14,concentration2_cluster_9_group_none,300.0,371.0,143.83,86.52,83.94,94.44,71.96,28.13,58492833.51,215835440.84,48508.0
philippines25_14,distributed,300.0,371.0,136.63,85.44,83.17,55.56,68.59,28.13,63709866.84,301260136.7,49339.0
ejypt04_1,distributed,300.0,250.0,61.14,79.2,76.5,66.67,61.93,24.19,79966270.53,303720053.49,49496.0
ejypt04_1,concentration2_cluster_9_group_none,300.0,250.0,60.04,78.8,76.24,85.71,57.99,22.58,75567991.83,249101026.97,49242.0
chile21_22,distributed,300.0,147.0,37.34,80.27,76.99,71.43,81.08,38.89,45010013.68,192285390.08,25792.0
chile21_22,concentration2_cluster_9_group_none,300.0,147.0,35.13,78.91,76.11,62.5,78.99,44.44,34222328.06,192907618.46,23720.0
canada33_24,distributed,300.0,237.0,67.86,79.75,79.51,83.33,52.28,12.77,193246316.08,499943936.33,38849.0
canada33_24,concentration2_cluster_9_group_none,300.0,237.0,68.96,80.59,79.63,45.45,53.55,23.4,106361503.11,581510623.87,36915.0
china19_18,distributed,300.0,276.0,175.99,94.57,92.12,80.0,87.01,45.45,75683734.71,590167431.47,15321.0
china19_18,concentration2_cluster_9_group_none,300.0,276.0,187.82,94.93,93.34,84.62,90.86,59.09,58322751.37,477030223.05,12867.0
germany17_5,distributed,300.0,311.0,79.69,79.42,77.38,77.78,37.26,13.04,108555067.48,365778845.36,57900.0
germany17_5,concentration2_cluster_9_group_none,300.0,311.0,75.11,77.49,76.68,75.0,37.35,11.59,118474908.0,405878483.81,57934.0
singapore20_13,distributed,300.0,208.0,74.7,84.13,82.97,100.0,49.32,5.56,339384260.76,810406995.02,30937.0
singapore20_13,concentration2_cluster_9_group_none,300.0,208.0,74.59,84.13,82.94,80.0,46.67,13.89,150273029.03,578743974.09,29860.0
austria13_11,distributed,300.0,188.0,54.0,80.85,79.3,80.0,58.86,13.16,130485362.25,455259479.96,32106.0
austria13_11,concentration2_cluster_9_group_none,300.0,188.0,52.7,80.32,78.95,100.0,56.84,10.53,202183254.51,409086049.24,31909.0
belize04_24,distributed,300.0,338.0,105.97,81.95,80.78,0.0,57.54,22.22,69055675.7,2205185584.05,51406.0
belize04_24,concentration2_cluster_9_group_none,300.0,338.0,105.88,82.25,80.69,33.33,51.37,14.29,117544848.36,1013123354.89,52938.0
chile23_9,distributed,300.0,334.0,129.43,84.73,84.35,75.0,61.38,16.33,104015602.03,592036004.34,40292.0
chile23_9,concentration2_cluster_9_group_none,300.0,334.0,132.12,85.63,84.55,90.91,60.09,22.45,61727843.11,422721058.32,38873.0
argentina10_29,distributed,300.0,336.0,102.68,81.25,80.44,50.0,38.17,12.9,121799040.71,434570084.6,51987.0
argentina10_29,concentration2_cluster_9_group_none,300.0,336.0,103.97,81.55,80.62,81.82,36.85,17.74,87793358.42,288348283.17,50067.0
turkey13_18,distributed,300.0,254.0,172.25,94.49,93.37,100.0,83.66,27.78,83318225.58,733306179.55,14020.0
turkey13_18,concentration2_cluster_9_group_none,300.0,254.0,167.47,93.7,92.97,80.0,87.35,27.78,82340696.58,831156823.36,14560.0
america52_22,distributed,300.0,375.0,135.29,84.0,83.1,77.78,46.55,14.29,157666210.82,487511319.09,52470.0
america52_22,concentration2_cluster_9_group_none,300.0,375.0,137.73,84.53,83.33,76.92,45.9,20.63,118337157.78,459161342.71,51062.0
turkey13_27,distributed,300.0,254.0,175.94,94.49,93.79,100.0,63.31,22.22,112005388.14,689684273.09,14471.0
turkey13_27,concentration2_cluster_9_group_none,300.0,254.0,180.56,95.28,94.14,80.0,74.94,27.78,110888477.52,962955827.56,14293.0
indonesia63_14,distributed,300.0,340.0,112.7,82.35,81.8,0.0,39.66,3.51,214640818.48,0.0,50266.0
indonesia63_14,concentration2_cluster_9_group_none,300.0,340.0,112.7,82.35,81.8,0.0,37.7,0.0,0.0,0.0,51015.0
america52_4,distributed,300.0,375.0,123.68,83.2,81.49,78.57,54.92,19.44,91664907.98,365984683.32,57967.0
america52_4,concentration2_cluster_9_group_none,300.0,375.0,121.42,82.4,81.32,66.67,56.53,20.83,72714327.57,376707501.48,58509.0
america20_28,distributed,300.0,323.0,73.67,76.78,75.72,44.44,26.86,12.0,103681312.47,584330924.91,63411.0
america20_28,concentration2_cluster_9_group_none,300.0,323.0,73.85,76.78,75.77,50.0,25.68,16.0,83513620.52,632780061.87,62160.0
peru24_8,distributed,300.0,326.0,222.33,95.4,93.29,92.86,95.48,58.33,57172332.04,516853855.1,15175.0
peru24_8,concentration2_cluster_9_group_none,300.0,326.0,217.88,94.17,93.14,72.73,85.02,45.83,70601129.58,671200372.2,17125.0
romania06_24,distributed,300.0,234.0,162.16,96.15,93.45,68.75,98.46,84.21,38132759.65,518480152.06,9243.0
romania06_24,concentration2_cluster_9_group_none,300.0,234.0,153.09,94.87,92.57,70.0,98.77,52.63,56929043.48,673223608.3,11781.0
tokyo12_10,distributed,300.0,352.0,123.36,83.52,82.63,75.0,42.04,6.67,133909268.02,724308878.39,52352.0
tokyo12_10,concentration2_cluster_9_group_none,300.0,352.0,125.05,83.81,82.84,66.67,44.19,5.0,176368570.98,905613943.4,52284.0
america35_17,concentration2_cluster_9_group_none,300.0,342.0,85.71,78.65,77.12,76.92,38.07,16.67,96596897.95,264746325.26,64937.0
america35_17,distributed,300.0,342.0,85.43,78.65,77.06,58.33,38.79,15.38,103058516.71,363361054.93,64635.0
tokyo12_16,distributed,300.0,352.0,113.91,82.39,81.31,60.0,45.41,7.58,92349117.14,823777723.28,57562.0
tokyo12_16,concentration2_cluster_9_group_none,300.0,352.0,113.91,82.39,81.31,75.0,44.62,6.06,111080917.22,627201996.61,57191.0
ukraine12_12,concentration2_cluster_9_group_none,300.0,255.0,71.63,80.39,78.97,81.82,51.92,21.57,75396498.93,325803206.13,40993.0
ukraine12_12,distributed,300.0,255.0,72.54,81.18,79.03,70.0,55.54,19.61,108931631.09,395448980.65,41519.0
austria20,concentration2_cluster_9_group_none,300.0,173.0,63.31,84.39,83.29,85.71,49.97,24.14,41690303.77,216252038.63,22588.0
austria20,distributed,300.0,173.0,62.69,83.82,83.23,75.0,52.6,13.79,96402337.01,412031635.63,24181.0
america35_12,distributed,300.0,342.0,103.23,81.29,80.19,100.0,33.97,5.88,252861015.58,829806578.49,58648.0
america35_12,concentration2_cluster_9_group_none,300.0,342.0,103.82,81.29,80.3,100.0,33.35,5.88,245369789.6,938058574.7,58444.0
myanmar03_14,concentration2_cluster_9_group_none,300.0,240.0,58.06,77.92,76.61,100.0,23.66,1.79,566771295.77,465886752.86,49564.0
myanmar03_14,distributed,300.0,240.0,58.06,77.92,76.61,75.0,26.55,7.14,161829841.24,392482160.05,48913.0
singapore20_15,distributed,300.0,208.0,94.51,87.5,86.89,100.0,37.15,7.14,287193020.36,1208634757.79,24158.0
singapore20_15,concentration2_cluster_9_group_none,300.0,208.0,94.51,87.5,86.89,50.0,33.67,7.14,286978015.71,2274563362.98,24524.0
america03_7,distributed,300.0,334.0,121.79,83.83,83.35,78.57,56.51,25.0,74752343.06,380762746.12,43122.0
america03_7,concentration2_cluster_9_group_none,300.0,334.0,122.93,84.13,83.46,70.0,56.99,35.71,51892812.02,315239806.33,41025.0
germany08_18,concentration2_cluster_9_group_none,300.0,269.0,125.41,89.59,86.94,66.67,85.09,39.47,67680841.23,350012654.6,27662.0
germany08_18,distributed,300.0,269.0,126.97,89.22,87.27,81.82,77.84,28.95,93973097.49,379285063.6,28026.0
indonesia63_23,distributed,300.0,340.0,101.25,80.88,80.02,50.0,40.02,6.06,84264049.29,691376919.7,57353.0
indonesia63_23,concentration2_cluster_9_group_none,300.0,340.0,100.96,80.88,79.96,33.33,39.92,4.55,131197388.86,1586306583.93,57756.0
greece06_27,distributed,300.0,342.0,111.04,81.87,81.5,45.45,34.18,18.33,78378501.77,557902175.61,48667.0
greece06_27,concentration2_cluster_9_group_none,300.0,342.0,111.04,81.87,81.5,50.0,35.1,13.33,97781421.08,722627860.33,49711.0
ukraine12_4,concentration2_cluster_9_group_none,300.0,255.0,68.46,79.61,78.26,83.33,49.19,12.24,115480404.53,391543018.98,40996.0
ukraine12_4,distributed,300.0,255.0,71.69,81.18,78.79,61.54,56.02,26.53,71069931.95,218984373.99,39147.0
turkey13_20,distributed,300.0,254.0,150.06,92.13,91.11,80.0,66.15,20.0,112718371.18,705866570.48,19943.0
turkey13_20,concentration2_cluster_9_group_none,300.0,254.0,145.33,91.73,90.56,100.0,75.87,20.0,106924087.17,588775567.85,20714.0
hukuoka01_28,distributed,300.0,367.0,218.38,91.83,91.32,30.0,85.49,31.25,88831354.62,1967830670.15,23827.0
hukuoka01_28,concentration2_cluster_9_group_none,300.0,367.0,226.11,93.19,91.72,80.0,86.45,31.25,89800694.68,578863194.88,23581.0
china41_4,distributed,300.0,241.0,84.3,84.23,82.42,77.78,62.07,20.0,113142857.83,497894491.13,35370.0
china41_4,concentration2_cluster_9_group_none,300.0,241.0,84.46,84.23,82.46,66.67,57.83,26.67,92012845.15,487853988.23,34953.0
philippines34_4,distributed,300.0,346.0,90.07,78.61,77.89,66.67,39.06,8.0,129295066.82,503316113.45,65076.0
philippines34_4,concentration2_cluster_9_group_none,300.0,346.0,89.57,78.61,77.78,60.0,42.36,6.67,141785065.31,560823529.63,65518.0
indonesia43_25,distributed,300.0,344.0,111.39,82.56,81.28,56.25,71.14,25.0,55217360.4,267593965.6,51540.0
indonesia43_25,concentration2_cluster_9_group_none,300.0,344.0,113.31,83.14,81.48,41.18,68.4,26.56,44731278.74,334301918.4,52289.0
hukuoka01_21,distributed,300.0,367.0,171.42,88.56,87.21,64.71,77.24,36.17,69921311.37,477912455.96,34512.0
hukuoka01_21,concentration2_cluster_9_group_none,300.0,367.0,171.05,88.56,87.16,41.18,69.82,36.17,59792797.29,535000386.44,34305.0
austria37_3,distributed,300.0,334.0,136.7,86.83,84.96,47.62,85.76,39.62,64750403.52,612109121.38,37748.0
austria37_3,concentration2_cluster_9_group_none,300.0,334.0,132.76,85.63,84.65,66.67,81.87,33.96,65696422.84,565237006.5,37940.0
argeria07_27,distributed,300.0,182.0,58.43,83.52,80.88,81.82,94.47,31.43,69658490.86,214308620.49,26604.0
argeria07_27,concentration2_cluster_9_group_none,300.0,182.0,60.36,85.16,81.14,84.62,93.99,37.14,56545025.02,240941543.37,25453.0
tokyo21_1,distributed,300.0,293.0,129.78,87.03,86.49,100.0,30.26,2.56,228043879.89,1271960476.56,34151.0
tokyo21_1,concentration2_cluster_9_group_none,300.0,293.0,129.81,87.03,86.5,100.0,29.93,2.56,186827671.84,1178751901.05,34259.0
hungary01_20,distributed,300.0,241.0,82.1,82.99,82.19,100.0,75.19,15.38,97269635.37,304335615.9,32133.0
hungary01_20,concentration2_cluster_9_group_none,300.0,241.0,87.67,85.48,82.92,100.0,63.93,17.95,68938850.15,224606209.82,31058.0
philippines25_12,distributed,300.0,371.0,110.04,81.4,79.81,53.33,69.87,20.0,81757937.07,489932058.76,61023.0
philippines25_12,concentration2_cluster_9_group_none,300.0,371.0,110.72,81.4,79.93,72.22,66.59,24.0,66131320.75,293398303.28,60360.0
belgium04,distributed,300.0,326.0,86.81,79.14,78.22,71.43,34.4,10.14,118676095.85,276951119.17,59135.0
belgium04,concentration2_cluster_9_group_none,300.0,326.0,86.33,78.83,78.18,85.71,34.29,10.14,105815738.14,368809729.06,59042.0
slovenia06_24,distributed,300.0,320.0,131.21,86.25,85.13,62.5,58.51,16.33,145400097.51,733750331.64,40025.0
slovenia06_24,concentration2_cluster_9_group_none,300.0,320.0,132.08,86.56,85.19,85.71,56.22,14.29,151849296.15,703911596.36,40524.0
myanmar14_7,concentration2_cluster_9_group_none,300.0,241.0,69.47,80.08,79.56,0.0,28.04,0.0,0.0,0.0,43855.0
myanmar14_7,distributed,300.0,241.0,69.47,80.08,79.56,0.0,28.65,0.0,0.0,0.0,43855.0
burundi03_2,distributed,300.0,236.0,90.83,84.75,84.21,100.0,30.32,5.71,94936917.12,419242158.12,30471.0
burundi03_2,concentration2_cluster_9_group_none,300.0,236.0,90.83,84.75,84.21,100.0,30.76,5.71,147525633.96,458630238.84,30375.0
america35_18,distributed,300.0,342.0,99.02,81.29,79.35,75.0,43.62,5.63,165002654.74,960178218.96,61489.0
america35_18,concentration2_cluster_9_group_none,300.0,342.0,99.35,81.29,79.42,100.0,44.3,4.23,352347319.13,505570959.89,62414.0
america52_2,distributed,300.0,375.0,122.89,82.67,81.49,69.23,55.45,18.84,118564699.89,583520524.15,55985.0
america52_2,concentration2_cluster_9_group_none,300.0,375.0,122.93,82.93,81.44,81.25,54.63,23.19,93848423.59,321307302.83,55388.0
argeria07_10,distributed,300.0,182.0,62.52,84.62,81.97,61.54,88.58,37.14,49210939.97,349519844.18,25564.0
argeria07_10,concentration2_cluster_9_group_none,300.0,182.0,71.22,87.91,83.81,100.0,88.71,37.14,55433910.43,231400820.7,24964.0
ishikawa_2,distributed,300.0,310.0,105.51,83.23,82.12,66.67,38.04,5.45,211821804.2,875184762.19,47740.0
ishikawa_2,concentration2_cluster_9_group_none,300.0,310.0,103.91,82.9,81.89,75.0,38.12,7.27,117489565.83,621727331.31,47193.0
tokyo03_16,distributed,300.0,237.0,88.09,83.97,83.7,0.0,41.99,0.0,0.0,0.0,32220.0
tokyo03_16,concentration2_cluster_9_group_none,300.0,237.0,89.57,84.39,83.93,75.0,43.6,11.11,54155147.52,491338740.27,30854.0
chile39_7,distributed,300.0,375.0,205.9,92.27,89.62,68.97,99.05,65.91,44693623.51,398543903.92,25575.0
chile39_7,concentration2_cluster_9_group_none,300.0,375.0,207.66,91.47,89.96,85.0,88.1,45.45,63601909.38,461572177.86,27813.0
myanmar12_21,distributed,300.0,226.0,78.85,83.63,82.52,0.0,33.33,0.0,0.0,0.0,35800.0
myanmar12_21,concentration2_cluster_9_group_none,300.0,226.0,78.85,83.63,82.52,0.0,32.84,0.0,0.0,0.0,35800.0
peru24_24,distributed,300.0,326.0,249.13,96.63,95.31,100.0,82.82,50.0,78535620.44,734299430.36,11553.0
peru24_24,concentration2_cluster_9_group_none,300.0,326.0,248.32,96.63,95.24,100.0,80.85,38.89,98897440.71,870279770.52,12713.0
india13_23,distributed,300.0,243.0,120.11,89.3,88.17,100.0,48.26,20.0,77599001.76,343496055.62,20270.0
india13_23,concentration2_cluster_9_group_none,300.0,243.0,119.83,89.3,88.12,66.67,47.95,24.0,65325883.55,505249326.51,20191.0
bulgaria06_25,distributed,300.0,241.0,80.07,82.57,81.79,84.62,53.55,30.95,80605969.99,274216498.14,32600.0
bulgaria06_25,concentration2_cluster_9_group_none,300.0,241.0,80.15,82.57,81.81,72.73,59.42,26.19,83002832.62,344589005.45,32734.0
america35_9,distributed,300.0,342.0,92.49,79.53,78.43,50.0,37.82,10.81,111287023.9,662624788.16,62919.0
america35_9,concentration2_cluster_9_group_none,300.0,342.0,92.94,79.53,78.52,77.78,35.57,12.16,93888666.62,480207306.68,61877.0
austria37_5,distributed,300.0,334.0,96.9,81.74,79.28,43.75,92.36,42.67,56005414.86,487905355.64,54586.0
austria37_5,concentration2_cluster_9_group_none,300.0,334.0,104.1,84.13,80.14,70.0,92.66,40.0,55093392.39,330249171.65,53472.0
russia08_7,distributed,300.0,264.0,103.4,85.98,84.27,82.35,68.57,36.17,76208853.61,367596064.12,32832.0
russia08_7,concentration2_cluster_9_group_none,300.0,264.0,102.51,85.98,84.1,91.67,65.66,25.53,105898810.6,403463932.08,36062.0
myanmar11_19,distributed,300.0,235.0,62.96,80.0,78.12,86.67,56.38,28.85,61790474.52,198370297.61,40741.0
myanmar11_19,concentration2_cluster_9_group_none,300.0,235.0,63.17,79.57,78.3,64.29,61.79,26.92,65411991.39,306993894.92,41390.0
china10_17,distributed,300.0,242.0,145.84,92.98,91.33,85.71,73.29,31.82,91623698.64,678787060.57,16107.0
china10_17,concentration2_cluster_9_group_none,300.0,242.0,152.86,93.8,92.09,90.91,78.47,50.0,57353644.88,393216813.21,13820.0
turkey18_17,distributed,300.0,253.0,88.75,84.19,82.49,81.82,75.47,24.44,93215305.48,414170810.24,34990.0
turkey18_17,concentration2_cluster_9_group_none,300.0,253.0,89.66,84.98,82.51,64.71,70.45,37.78,55182225.39,309773604.06,33958.0
austria37_19,distributed,300.0,334.0,122.59,85.63,83.06,76.19,91.22,33.33,80331397.03,360262597.59,44976.0
austria37_19,concentration2_cluster_9_group_none,300.0,334.0,122.97,85.63,83.12,64.0,87.83,39.68,61001824.81,315912066.61,43055.0
slovenia10_6,distributed,300.0,201.0,91.58,87.56,86.93,0.0,38.69,0.0,0.0,0.0,23270.0
slovenia10_6,concentration2_cluster_9_group_none,300.0,201.0,91.58,87.56,86.93,100.0,36.94,3.85,268973924.33,728773376.4,22822.0
italy54_25,distributed,300.0,336.0,105.9,83.04,80.62,35.71,68.6,21.21,105399971.5,857070196.93,52489.0
italy54_25,concentration2_cluster_9_group_none,300.0,336.0,107.84,83.33,80.92,66.67,67.77,18.18,114908967.33,692336595.21,53637.0
burundi03_25,distributed,300.0,236.0,81.81,82.63,82.63,100.0,26.55,10.26,71177198.76,206489749.67,32783.0
burundi03_25,concentration2_cluster_9_group_none,300.0,236.0,84.7,83.47,83.12,100.0,27.49,7.69,80526401.11,308488313.62,33444.0
yamanashi_4,concentration2_cluster_9_group_none,300.0,320.0,115.1,84.06,83.02,83.33,37.59,10.71,70264762.91,305469629.42,47774.0
yamanashi_4,distributed,300.0,320.0,113.18,83.75,82.76,50.0,37.86,3.57,224594911.8,1259187769.22,49638.0
peru13_11,distributed,300.0,319.0,140.07,87.46,86.22,90.0,68.21,22.22,92588379.04,416229717.66,35546.0
peru13_11,concentration2_cluster_9_group_none,300.0,319.0,143.07,87.77,86.57,81.82,64.72,24.44,91480145.24,488953501.37,35569.0
greece22_1,distributed,300.0,348.0,120.47,83.33,82.43,50.0,62.36,3.39,489348349.61,914421922.39,52347.0
greece22_1,concentration2_cluster_9_group_none,300.0,348.0,120.47,83.33,82.43,85.71,59.0,11.86,127269224.73,590708022.92,49828.0
austria32_11,distributed,300.0,327.0,112.86,85.02,81.97,63.64,70.4,36.67,59047658.14,412219509.56,43199.0
austria32_11,concentration2_cluster_9_group_none,300.0,327.0,118.09,85.93,82.66,77.27,78.89,36.67,58620730.93,264485768.43,41690.0
myanmar12_20,distributed,300.0,226.0,44.3,74.78,73.22,50.0,27.42,3.28,110049312.78,219293008.06,53849.0
myanmar12_20,concentration2_cluster_9_group_none,300.0,226.0,42.83,73.89,72.78,0.0,26.82,4.92,79887750.44,0.0,53428.0
tokyo12_1,distributed,300.0,352.0,157.33,87.22,86.63,57.14,45.89,15.56,69354078.21,592430297.29,36650.0
tokyo12_1,concentration2_cluster_9_group_none,300.0,352.0,154.97,86.93,86.39,50.0,47.94,13.33,76452649.1,552736279.3,37740.0
indonesia80_28,distributed,300.0,344.0,116.68,83.43,82.0,70.0,49.76,16.39,60642117.69,220723670.55,50685.0
indonesia80_28,concentration2_cluster_9_group_none,300.0,344.0,113.44,82.56,81.65,33.33,51.04,14.75,53542155.17,486290889.8,51313.0
austria13_26,distributed,300.0,188.0,69.14,85.11,83.22,50.0,47.8,23.53,86280847.36,509910628.82,27530.0
austria13_26,concentration2_cluster_9_group_none,300.0,188.0,71.62,85.64,83.8,75.0,42.54,23.53,85745865.12,307569983.25,26636.0
singapore20_24,distributed,300.0,208.0,88.96,86.54,85.9,66.67,41.53,10.0,189112964.07,719153960.4,25113.0
singapore20_24,concentration2_cluster_9_group_none,300.0,208.0,89.26,86.54,85.97,100.0,42.05,13.33,143616972.56,297025220.83,24701.0
croatia07_18,distributed,300.0,221.0,67.36,81.45,80.34,100.0,38.47,4.76,232577870.42,410953050.34,36403.0
croatia07_18,concentration2_cluster_9_group_none,300.0,221.0,67.74,81.9,80.34,66.67,39.78,14.29,67305115.77,335620644.47,34908.0
tokyo12_6,distributed,300.0,352.0,117.04,82.39,81.85,33.33,47.1,4.69,127165086.99,1925855118.09,56308.0
tokyo12_6,concentration2_cluster_9_group_none,300.0,352.0,117.04,82.39,81.85,60.0,44.65,7.81,98096070.55,746455970.65,55133.0
netherlands04_28,distributed,300.0,342.0,131.59,85.96,83.92,60.0,40.04,17.86,118217709.47,488039716.05,44818.0
netherlands04_28,concentration2_cluster_9_group_none,300.0,342.0,132.62,85.96,84.08,69.23,42.3,23.21,95052453.89,239980168.06,44059.0
russia08_17,distributed,300.0,264.0,107.6,87.88,84.63,73.33,78.43,36.59,72156063.9,442549422.01,29726.0
russia08_17,concentration2_cluster_9_group_none,300.0,264.0,104.31,86.36,84.36,63.64,84.13,26.83,95961299.98,511904745.39,32112.0
ishikawa_20,distributed,300.0,310.0,143.43,87.74,87.2,60.0,36.69,12.5,81206387.78,586284464.13,33902.0
ishikawa_20,concentration2_cluster_9_group_none,300.0,310.0,143.74,87.74,87.24,60.0,39.66,12.5,73773278.33,694567415.73,33194.0
bolivia01_11,distributed,300.0,243.0,116.32,88.07,87.81,66.67,58.56,10.34,83354583.7,719303409.67,24365.0
bolivia01_11,concentration2_cluster_9_group_none,300.0,243.0,118.33,88.48,88.06,100.0,53.31,6.9,123981421.1,655489749.73,24663.0
argeria01_13,distributed,300.0,235.0,153.14,93.62,92.75,100.0,78.41,25.0,87059170.45,881260276.58,12378.0
argeria01_13,concentration2_cluster_9_group_none,300.0,235.0,158.19,94.47,93.22,83.33,75.52,37.5,60830838.04,705761174.91,11800.0
america35_22,distributed,300.0,342.0,103.78,81.58,80.22,57.14,35.55,10.45,107460192.28,401265517.43,57174.0
america35_22,concentration2_cluster_9_group_none,300.0,342.0,102.52,80.99,80.12,50.0,34.49,5.97,124419455.94,764366714.82,58656.0
netherlands04_21,distributed,300.0,342.0,97.09,80.41,79.18,66.67,44.05,12.33,135539821.72,631452567.04,61195.0
netherlands04_21,concentration2_cluster_9_group_none,300.0,342.0,97.37,80.41,79.24,63.64,44.98,15.07,112156608.63,613364071.99,59840.0
peru13_15,distributed,300.0,319.0,140.28,87.15,86.32,50.0,67.45,23.81,102782369.82,765535641.06,33779.0
peru13_15,concentration2_cluster_9_group_none,300.0,319.0,141.7,87.46,86.45,85.71,62.88,16.67,151887699.33,572893017.58,34484.0
tokyo03_3,distributed,300.0,237.0,85.8,83.97,83.17,0.0,39.91,5.0,90363098.55,0.0,34844.0
tokyo03_3,concentration2_cluster_9_group_none,300.0,237.0,85.8,83.97,83.17,0.0,40.37,5.0,86118558.64,0.0,34703.0
romania06_8,distributed,300.0,234.0,107.56,88.46,86.91,47.37,82.6,57.58,42962522.29,570545401.04,20345.0
romania06_8,concentration2_cluster_9_group_none,300.0,234.0,114.34,90.17,87.75,92.31,94.56,39.39,64940899.88,454079604.78,23378.0
philippines20_26,distributed,300.0,324.0,83.75,79.01,77.65,100.0,48.19,6.85,118702548.31,414518843.19,63563.0
philippines20_26,concentration2_cluster_9_group_none,300.0,324.0,85.47,79.63,77.9,87.5,51.94,10.96,72555145.64,342719823.65,62540.0
tokyo03_11,distributed,300.0,237.0,97.26,86.08,85.18,50.0,40.41,11.76,65451706.48,518961780.97,28593.0
tokyo03_11,concentration2_cluster_9_group_none,300.0,237.0,95.21,85.65,84.86,0.0,38.83,0.0,0.0,0.0,30430.0
germany17_3,distributed,300.0,311.0,89.17,80.71,79.3,42.86,30.53,11.67,101890726.45,775376413.28,51173.0
germany17_3,concentration2_cluster_9_group_none,300.0,311.0,88.99,80.71,79.26,100.0,31.39,3.33,387132529.26,815298200.63,52666.0
austria08_6,distributed,300.0,220.0,63.57,81.36,79.3,69.23,48.16,28.26,65369154.46,285635622.83,35838.0
austria08_6,concentration2_cluster_9_group_none,300.0,220.0,63.95,80.45,79.64,80.0,42.37,21.74,81050999.84,399915005.41,36687.0
india06_9,distributed,300.0,235.0,93.68,85.53,84.73,100.0,65.88,13.51,106469917.35,392799713.23,30929.0
india06_9,concentration2_cluster_9_group_none,300.0,235.0,102.35,88.09,85.91,100.0,67.42,27.03,61389842.48,242427651.36,27975.0
india06_22,distributed,300.0,235.0,94.02,85.96,84.7,88.89,70.71,23.68,98474748.09,425929477.23,29687.0
india06_22,concentration2_cluster_9_group_none,300.0,235.0,94.21,86.38,84.65,85.71,64.81,18.42,112311820.87,562790972.92,30727.0
peru13_28,distributed,300.0,319.0,143.49,88.09,86.56,57.14,74.64,16.28,151315811.93,843508960.57,35637.0
peru13_28,concentration2_cluster_9_group_none,300.0,319.0,139.81,87.77,86.11,66.67,61.65,27.91,66951135.44,608461726.95,33001.0
belize01_22,distributed,300.0,324.0,104.57,81.79,81.4,0.0,26.41,0.0,0.0,0.0,51015.0
belize01_22,concentration2_cluster_9_group_none,300.0,324.0,104.57,81.79,81.4,0.0,26.37,0.0,0.0,0.0,51015.0
hukuoka01_29,distributed,300.0,367.0,230.13,92.37,92.25,75.0,86.28,27.59,81108115.0,1004922634.06,22008.0
hukuoka01_29,concentration2_cluster_9_group_none,300.0,367.0,231.46,92.64,92.31,100.0,82.93,27.59,75956874.54,714431474.59,21744.0
spain07_20,distributed,300.0,364.0,114.3,81.59,80.9,87.5,65.37,11.94,152680285.25,540980385.87,56471.0
spain07_20,concentration2_cluster_9_group_none,300.0,364.0,117.12,82.42,81.19,66.67,66.11,17.91,89615385.63,505713797.01,54553.0
bolivia01_20,concentration2_cluster_9_group_none,300.0,243.0,104.83,87.24,85.92,100.0,54.53,9.09,151146032.87,406193115.86,28335.0
bolivia01_20,distributed,300.0,243.0,107.79,88.48,86.19,100.0,57.13,21.21,58289722.05,189769551.49,26828.0
china41_27,distributed,300.0,241.0,110.37,88.38,86.85,66.67,68.48,28.13,76208266.8,683441254.53,24890.0
china41_27,concentration2_cluster_9_group_none,300.0,241.0,113.22,89.21,87.17,80.0,63.23,15.63,138674294.98,900394922.04,25845.0
america03_29,distributed,300.0,334.0,89.23,79.64,78.15,78.57,52.53,19.18,100739494.92,385931565.13,58619.0
america03_29,concentration2_cluster_9_group_none,300.0,334.0,85.06,78.44,77.5,58.33,53.78,16.44,86876285.84,440145508.53,61225.0
austria13_5,distributed,300.0,188.0,55.56,81.91,79.61,66.67,48.6,15.79,105968010.38,448713576.55,31517.0
austria13_5,concentration2_cluster_9_group_none,300.0,188.0,58.26,82.98,80.3,88.89,45.94,23.68,74438600.97,230509117.13,28703.0
ishikawa_1,distributed,300.0,310.0,137.41,87.1,86.49,100.0,40.84,4.88,103279923.43,653337766.21,35391.0
ishikawa_1,concentration2_cluster_9_group_none,300.0,310.0,136.07,86.77,86.37,50.0,41.73,4.88,100602022.31,1376478587.23,35979.0
greece22_20,distributed,300.0,348.0,121.52,83.05,82.67,57.14,48.64,11.67,154875505.11,402712784.74,50660.0
greece22_20,concentration2_cluster_9_group_none,300.0,348.0,120.52,82.76,82.58,55.56,46.33,15.0,103253729.39,579485242.98,50010.0
argeria01_25,distributed,300.0,235.0,142.13,92.77,91.44,66.67,73.91,28.57,92078075.14,931594038.52,15561.0
argeria01_25,concentration2_cluster_9_group_none,300.0,235.0,139.14,91.91,91.2,100.0,69.72,28.57,69683587.33,652519494.31,16197.0
venezuela02_20,distributed,300.0,295.0,238.85,96.61,96.47,100.0,68.93,25.0,163939540.56,2379251246.63,8625.0
venezuela02_20,concentration2_cluster_9_group_none,300.0,295.0,239.59,96.95,96.46,100.0,69.61,25.0,166418878.88,2560505216.9,8697.0
philippines30_8,distributed,300.0,290.0,67.67,77.59,75.97,62.5,59.14,12.7,106508614.0,366634111.82,53272.0
philippines30_8,concentration2_cluster_9_group_none,300.0,290.0,67.39,77.59,75.89,77.78,57.19,14.29,76471790.91,271352894.61,52329.0
bulgaria06_8,distributed,300.0,241.0,64.26,78.84,78.32,90.91,63.42,22.45,83043201.75,284453164.39,38282.0
bulgaria06_8,concentration2_cluster_9_group_none,300.0,241.0,64.26,78.84,78.32,85.71,63.59,28.57,65030588.41,233305107.65,37571.0
okayama_23,distributed,300.0,293.0,146.3,89.42,88.35,100.0,57.61,20.0,58182159.42,390134485.09,27784.0
okayama_23,concentration2_cluster_9_group_none,300.0,293.0,148.97,90.1,88.56,75.0,60.0,22.86,56294260.59,424175970.34,27255.0
spain07_6,distributed,300.0,364.0,107.4,81.04,79.79,84.62,49.85,17.33,85410115.65,281509456.05,60641.0
spain07_6,concentration2_cluster_9_group_none,300.0,364.0,101.74,79.95,78.98,100.0,49.25,13.33,94406598.85,230049161.45,61493.0
yamanashi_5,distributed,300.0,320.0,107.89,82.81,82.03,80.0,37.73,8.93,84823078.77,436625774.58,48246.0
yamanashi_5,concentration2_cluster_9_group_none,300.0,320.0,109.37,83.13,82.22,60.0,36.68,8.93,85427214.37,513974357.48,48264.0
argeria01_28,distributed,300.0,235.0,165.28,94.89,94.01,75.0,73.24,30.77,76000878.23,753930816.41,9816.0
argeria01_28,concentration2_cluster_9_group_none,300.0,235.0,166.41,95.32,94.06,100.0,71.81,38.46,55553477.08,576502465.71,9461.0
singapore20_6,distributed,300.0,208.0,84.3,86.54,84.83,100.0,52.59,20.0,65143334.72,361605683.95,24279.0
singapore20_6,concentration2_cluster_9_group_none,300.0,208.0,84.21,86.54,84.81,100.0,50.81,20.0,55753254.73,335661814.44,24228.0
indonesia79_16,distributed,300.0,318.0,93.36,81.13,79.67,73.33,75.86,24.19,55153646.42,236564200.4,49418.0
indonesia79_16,concentration2_cluster_9_group_none,300.0,318.0,94.72,81.45,79.88,89.47,65.69,30.65,32534704.57,236633225.11,47635.0
china41_5,concentration2_cluster_9_group_none,300.0,241.0,102.22,87.14,85.6,90.0,61.18,28.57,75402626.53,340296356.18,26137.0
china41_5,distributed,300.0,241.0,98.96,86.72,85.05,87.5,68.25,22.86,126005270.42,400815346.9,27270.0
myanmar03_16,distributed,300.0,240.0,53.67,76.67,75.36,60.0,29.08,8.62,112330973.06,367163831.1,49832.0
myanmar03_16,concentration2_cluster_9_group_none,300.0,240.0,53.67,76.67,75.36,0.0,28.32,3.45,254951821.08,0.0,51077.0
cuba02_2,distributed,300.0,244.0,86.99,84.84,82.66,100.0,38.75,9.3,142979491.7,397412364.98,36636.0
cuba02_2,concentration2_cluster_9_group_none,300.0,244.0,85.66,84.43,82.45,75.0,37.27,9.3,141187210.06,449044576.6,36657.0
turkey13_23,distributed,300.0,254.0,168.66,94.49,92.94,85.71,68.91,38.89,51954992.84,448115482.8,13415.0
turkey13_23,concentration2_cluster_9_group_none,300.0,254.0,174.15,94.88,93.5,85.71,68.94,38.89,49745295.68,524006052.08,13520.0
greece06_5,distributed,300.0,342.0,116.05,82.75,82.17,100.0,36.97,8.47,156082092.11,542410656.84,50922.0
greece06_5,concentration2_cluster_9_group_none,300.0,342.0,116.07,82.75,82.18,85.71,38.93,11.86,100854204.04,447312579.38,49699.0
bolivia01_3,distributed,300.0,243.0,101.18,86.01,85.49,80.0,51.1,14.71,57232999.55,403561302.03,28004.0
bolivia01_3,concentration2_cluster_9_group_none,300.0,243.0,101.18,86.01,85.49,50.0,50.96,11.76,88612417.1,923676393.13,28569.0
belize01_1,distributed,300.0,324.0,98.67,81.48,80.32,0.0,28.57,3.17,202553259.7,0.0,55879.0
belize01_1,concentration2_cluster_9_group_none,300.0,324.0,98.67,81.48,80.32,0.0,28.18,1.59,429848081.39,0.0,56279.0